root,class,tense,person,number,expected_form,category
bhū,1,present,1,sg,bhavāmi,Guna + Thematic / Standard Seṭ Future
bhū,1,present,1,d,bhavāvaḥ,Guna + Thematic / Standard Seṭ Future
bhū,1,present,1,pl,bhavāmaḥ,Guna + Thematic / Standard Seṭ Future
bhū,1,present,2,sg,bhavasi,Guna + Thematic / Standard Seṭ Future
bhū,1,present,2,d,bhavathaḥ,Guna + Thematic / Standard Seṭ Future
bhū,1,present,2,pl,bhavatha,Guna + Thematic / Standard Seṭ Future
bhū,1,present,3,sg,bhavati,Guna + Thematic / Standard Seṭ Future
bhū,1,present,3,d,bhavataḥ,Guna + Thematic / Standard Seṭ Future
bhū,1,present,3,pl,bhavanti,Guna + Thematic / Standard Seṭ Future
bhū,1,imperfect,1,sg,abhavam,Guna + Thematic / Standard Seṭ Future
bhū,1,imperfect,1,d,abhavāva,Guna + Thematic / Standard Seṭ Future
bhū,1,imperfect,1,pl,abhavāma,Guna + Thematic / Standard Seṭ Future
bhū,1,imperfect,2,sg,abhavaḥ,Guna + Thematic / Standard Seṭ Future
bhū,1,imperfect,2,d,abhavatam,Guna + Thematic / Standard Seṭ Future
bhū,1,imperfect,2,pl,abhavata,Guna + Thematic / Standard Seṭ Future
bhū,1,imperfect,3,sg,abhavat,Guna + Thematic / Standard Seṭ Future
bhū,1,imperfect,3,d,abhavatām,Guna + Thematic / Standard Seṭ Future
bhū,1,imperfect,3,pl,abhavan,Guna + Thematic / Standard Seṭ Future
bhū,1,imperative,1,sg,bhavāni,Guna + Thematic / Standard Seṭ Future
bhū,1,imperative,1,d,bhavāva,Guna + Thematic / Standard Seṭ Future
bhū,1,imperative,1,pl,bhavāma,Guna + Thematic / Standard Seṭ Future
bhū,1,imperative,2,sg,bhava,Guna + Thematic / Standard Seṭ Future
bhū,1,imperative,2,d,bhavatam,Guna + Thematic / Standard Seṭ Future
bhū,1,imperative,2,pl,bhavata,Guna + Thematic / Standard Seṭ Future
bhū,1,imperative,3,sg,bhavatu,Guna + Thematic / Standard Seṭ Future
bhū,1,imperative,3,d,bhavatām,Guna + Thematic / Standard Seṭ Future
bhū,1,imperative,3,pl,bhavantu,Guna + Thematic / Standard Seṭ Future
bhū,1,optative,1,sg,bhaveyam,Guna + Thematic / Standard Seṭ Future
bhū,1,optative,1,d,bhaveva,Guna + Thematic / Standard Seṭ Future
bhū,1,optative,1,pl,bhavema,Guna + Thematic / Standard Seṭ Future
bhū,1,optative,2,sg,bhaveḥ,Guna + Thematic / Standard Seṭ Future
bhū,1,optative,2,d,bhavetam,Guna + Thematic / Standard Seṭ Future
bhū,1,optative,2,pl,bhaveta,Guna + Thematic / Standard Seṭ Future
bhū,1,optative,3,sg,bhavet,Guna + Thematic / Standard Seṭ Future
bhū,1,optative,3,d,bhavetām,Guna + Thematic / Standard Seṭ Future
bhū,1,optative,3,pl,bhaveyuḥ,Guna + Thematic / Standard Seṭ Future
bhū,1,future,1,sg,bhaviṣyāmi,Guna + Thematic / Standard Seṭ Future
bhū,1,future,1,d,bhaviṣyāvaḥ,Guna + Thematic / Standard Seṭ Future
bhū,1,future,1,pl,bhaviṣyāmaḥ,Guna + Thematic / Standard Seṭ Future
bhū,1,future,2,sg,bhaviṣyasi,Guna + Thematic / Standard Seṭ Future
bhū,1,future,2,d,bhaviṣyathaḥ,Guna + Thematic / Standard Seṭ Future
bhū,1,future,2,pl,bhaviṣyatha,Guna + Thematic / Standard Seṭ Future
bhū,1,future,3,sg,bhaviṣyati,Guna + Thematic / Standard Seṭ Future
bhū,1,future,3,d,bhaviṣyataḥ,Guna + Thematic / Standard Seṭ Future
bhū,1,future,3,pl,bhaviṣyanti,Guna + Thematic / Standard Seṭ Future
bhū,1,conditional,1,sg,abhaviṣyam,Guna + Thematic / Standard Seṭ Future
bhū,1,conditional,1,d,abhaviṣyāva,Guna + Thematic / Standard Seṭ Future
bhū,1,conditional,1,pl,abhaviṣyāma,Guna + Thematic / Standard Seṭ Future
bhū,1,conditional,2,sg,abhaviṣyaḥ,Guna + Thematic / Standard Seṭ Future
bhū,1,conditional,2,d,abhaviṣyatam,Guna + Thematic / Standard Seṭ Future
bhū,1,conditional,2,pl,abhaviṣyata,Guna + Thematic / Standard Seṭ Future
bhū,1,conditional,3,sg,abhaviṣyat,Guna + Thematic / Standard Seṭ Future
bhū,1,conditional,3,d,abhaviṣyatām,Guna + Thematic / Standard Seṭ Future
bhū,1,conditional,3,pl,abhaviṣyan,Guna + Thematic / Standard Seṭ Future
ad,2,present,1,sg,admi,Athematic + Devoicing (atti / atsyati)
ad,2,present,1,d,advaḥ,Athematic + Devoicing (atti / atsyati)
ad,2,present,1,pl,admaḥ,Athematic + Devoicing (atti / atsyati)
ad,2,present,2,sg,atsi,Athematic + Devoicing (atti / atsyati)
ad,2,present,2,d,atthaḥ,Athematic + Devoicing (atti / atsyati)
ad,2,present,2,pl,attha,Athematic + Devoicing (atti / atsyati)
ad,2,present,3,sg,atti,Athematic + Devoicing (atti / atsyati)
ad,2,present,3,d,attaḥ,Athematic + Devoicing (atti / atsyati)
ad,2,present,3,pl,adanti,Athematic + Devoicing (atti / atsyati)
ad,2,imperfect,1,sg,ādam,Athematic + Devoicing (atti / atsyati)
ad,2,imperfect,1,d,ādva,Athematic + Devoicing (atti / atsyati)
ad,2,imperfect,1,pl,ādma,Athematic + Devoicing (atti / atsyati)
ad,2,imperfect,2,sg,ātḥ,Athematic + Devoicing (atti / atsyati)
ad,2,imperfect,2,d,āttam,Athematic + Devoicing (atti / atsyati)
ad,2,imperfect,2,pl,ātta,Athematic + Devoicing (atti / atsyati)
ad,2,imperfect,3,sg,ātt,Athematic + Devoicing (atti / atsyati)
ad,2,imperfect,3,d,āttām,Athematic + Devoicing (atti / atsyati)
ad,2,imperfect,3,pl,ādan,Athematic + Devoicing (atti / atsyati)
ad,2,imperative,1,sg,adāni,Athematic + Devoicing (atti / atsyati)
ad,2,imperative,1,d,adāva,Athematic + Devoicing (atti / atsyati)
ad,2,imperative,1,pl,adāma,Athematic + Devoicing (atti / atsyati)
ad,2,imperative,2,sg,adhi,Athematic + Devoicing (atti / atsyati)
ad,2,imperative,2,d,attam,Athematic + Devoicing (atti / atsyati)
ad,2,imperative,2,pl,atta,Athematic + Devoicing (atti / atsyati)
ad,2,imperative,3,sg,attu,Athematic + Devoicing (atti / atsyati)
ad,2,imperative,3,d,attām,Athematic + Devoicing (atti / atsyati)
ad,2,imperative,3,pl,adantu,Athematic + Devoicing (atti / atsyati)
ad,2,optative,1,sg,adyām,Athematic + Devoicing (atti / atsyati)
ad,2,optative,1,d,adyāva,Athematic + Devoicing (atti / atsyati)
ad,2,optative,1,pl,adyāma,Athematic + Devoicing (atti / atsyati)
ad,2,optative,2,sg,adyāḥ,Athematic + Devoicing (atti / atsyati)
ad,2,optative,2,d,adyātam,Athematic + Devoicing (atti / atsyati)
ad,2,optative,2,pl,adyāta,Athematic + Devoicing (atti / atsyati)
ad,2,optative,3,sg,adyāt,Athematic + Devoicing (atti / atsyati)
ad,2,optative,3,d,adyātām,Athematic + Devoicing (atti / atsyati)
ad,2,optative,3,pl,adyuḥ,Athematic + Devoicing (atti / atsyati)
ad,2,future,1,sg,atsyāmi,Athematic + Devoicing (atti / atsyati)
ad,2,future,1,d,atsyāvaḥ,Athematic + Devoicing (atti / atsyati)
ad,2,future,1,pl,atsyāmaḥ,Athematic + Devoicing (atti / atsyati)
ad,2,future,2,sg,atsyasi,Athematic + Devoicing (atti / atsyati)
ad,2,future,2,d,atsyathaḥ,Athematic + Devoicing (atti / atsyati)
ad,2,future,2,pl,atsyatha,Athematic + Devoicing (atti / atsyati)
ad,2,future,3,sg,atsyati,Athematic + Devoicing (atti / atsyati)
ad,2,future,3,d,atsyataḥ,Athematic + Devoicing (atti / atsyati)
ad,2,future,3,pl,atsyanti,Athematic + Devoicing (atti / atsyati)
ad,2,conditional,1,sg,ātsyam,Athematic + Devoicing (atti / atsyati)
ad,2,conditional,1,d,ātsyāva,Athematic + Devoicing (atti / atsyati)
ad,2,conditional,1,pl,ātsyāma,Athematic + Devoicing (atti / atsyati)
ad,2,conditional,2,sg,ātsyaḥ,Athematic + Devoicing (atti / atsyati)
ad,2,conditional,2,d,ātsyatam,Athematic + Devoicing (atti / atsyati)
ad,2,conditional,2,pl,ātsyata,Athematic + Devoicing (atti / atsyati)
ad,2,conditional,3,sg,ātsyat,Athematic + Devoicing (atti / atsyati)
ad,2,conditional,3,d,ātsyatām,Athematic + Devoicing (atti / atsyati)
ad,2,conditional,3,pl,ātsyan,Athematic + Devoicing (atti / atsyati)
hu,3,present,1,sg,juhomi,Reduplication + Special 3pl (juhvati)
hu,3,present,1,d,juhuvaḥ,Reduplication + Special 3pl (juhvati)
hu,3,present,1,pl,juhumaḥ,Reduplication + Special 3pl (juhvati)
hu,3,present,2,sg,juhoṣi,Reduplication + Special 3pl (juhvati)
hu,3,present,2,d,juhuthaḥ,Reduplication + Special 3pl (juhvati)
hu,3,present,2,pl,juhutha,Reduplication + Special 3pl (juhvati)
hu,3,present,3,sg,juhoti,Reduplication + Special 3pl (juhvati)
hu,3,present,3,d,juhutaḥ,Reduplication + Special 3pl (juhvati)
hu,3,present,3,pl,juhvati,Reduplication + Special 3pl (juhvati)
hu,3,imperfect,1,sg,ajuhavam,Reduplication + Special 3pl (juhvati)
hu,3,imperfect,1,d,ajuhuva,Reduplication + Special 3pl (juhvati)
hu,3,imperfect,1,pl,ajuhuma,Reduplication + Special 3pl (juhvati)
hu,3,imperfect,2,sg,ajuhoḥ,Reduplication + Special 3pl (juhvati)
hu,3,imperfect,2,d,ajuhutam,Reduplication + Special 3pl (juhvati)
hu,3,imperfect,2,pl,ajuhuta,Reduplication + Special 3pl (juhvati)
hu,3,imperfect,3,sg,ajuhot,Reduplication + Special 3pl (juhvati)
hu,3,imperfect,3,d,ajuhutām,Reduplication + Special 3pl (juhvati)
hu,3,imperfect,3,pl,ajuhavuḥ,Reduplication + Special 3pl (juhvati)
hu,3,imperative,1,sg,juhavāni,Reduplication + Special 3pl (juhvati)
hu,3,imperative,1,d,juhavāva,Reduplication + Special 3pl (juhvati)
hu,3,imperative,1,pl,juhavāma,Reduplication + Special 3pl (juhvati)
hu,3,imperative,2,sg,juhuhi,Reduplication + Special 3pl (juhvati)
hu,3,imperative,2,d,juhutam,Reduplication + Special 3pl (juhvati)
hu,3,imperative,2,pl,juhuta,Reduplication + Special 3pl (juhvati)
hu,3,imperative,3,sg,juhotu,Reduplication + Special 3pl (juhvati)
hu,3,imperative,3,d,juhutām,Reduplication + Special 3pl (juhvati)
hu,3,imperative,3,pl,juhvatu,Reduplication + Special 3pl (juhvati)
hu,3,optative,1,sg,juhuyām,Reduplication + Special 3pl (juhvati)
hu,3,optative,1,d,juhuyāva,Reduplication + Special 3pl (juhvati)
hu,3,optative,1,pl,juhuyāma,Reduplication + Special 3pl (juhvati)
hu,3,optative,2,sg,juhuyāḥ,Reduplication + Special 3pl (juhvati)
hu,3,optative,2,d,juhuyātam,Reduplication + Special 3pl (juhvati)
hu,3,optative,2,pl,juhuyāta,Reduplication + Special 3pl (juhvati)
hu,3,optative,3,sg,juhuyāt,Reduplication + Special 3pl (juhvati)
hu,3,optative,3,d,juhuyātām,Reduplication + Special 3pl (juhvati)
hu,3,optative,3,pl,juhuyuḥ,Reduplication + Special 3pl (juhvati)
hu,3,future,1,sg,hoṣyāmi,Reduplication + Special 3pl (juhvati)
hu,3,future,1,d,hoṣyāvaḥ,Reduplication + Special 3pl (juhvati)
hu,3,future,1,pl,hoṣyāmaḥ,Reduplication + Special 3pl (juhvati)
hu,3,future,2,sg,hoṣyasi,Reduplication + Special 3pl (juhvati)
hu,3,future,2,d,hoṣyathaḥ,Reduplication + Special 3pl (juhvati)
hu,3,future,2,pl,hoṣyatha,Reduplication + Special 3pl (juhvati)
hu,3,future,3,sg,hoṣyati,Reduplication + Special 3pl (juhvati)
hu,3,future,3,d,hoṣyataḥ,Reduplication + Special 3pl (juhvati)
hu,3,future,3,pl,hoṣyanti,Reduplication + Special 3pl (juhvati)
hu,3,conditional,1,sg,ahoṣyam,Reduplication + Special 3pl (juhvati)
hu,3,conditional,1,d,ahuṣyāva,Reduplication + Special 3pl (juhvati)
hu,3,conditional,1,pl,ahuṣyāma,Reduplication + Special 3pl (juhvati)
hu,3,conditional,2,sg,ahoṣyaḥ,Reduplication + Special 3pl (juhvati)
hu,3,conditional,2,d,ahuṣyatam,Reduplication + Special 3pl (juhvati)
hu,3,conditional,2,pl,ahuṣyata,Reduplication + Special 3pl (juhvati)
hu,3,conditional,3,sg,ahoṣyat,Reduplication + Special 3pl (juhvati)
hu,3,conditional,3,d,ahuṣyatām,Reduplication + Special 3pl (juhvati)
hu,3,conditional,3,pl,ahuṣyan,Reduplication + Special 3pl (juhvati)
div,4,present,1,sg,dīvyāmi,Internal Lengthening (dīvyati)
div,4,present,1,d,dīvyāvaḥ,Internal Lengthening (dīvyati)
div,4,present,1,pl,dīvyāmaḥ,Internal Lengthening (dīvyati)
div,4,present,2,sg,dīvyasi,Internal Lengthening (dīvyati)
div,4,present,2,d,dīvyathaḥ,Internal Lengthening (dīvyati)
div,4,present,2,pl,dīvyatha,Internal Lengthening (dīvyati)
div,4,present,3,sg,dīvyati,Internal Lengthening (dīvyati)
div,4,present,3,d,dīvyataḥ,Internal Lengthening (dīvyati)
div,4,present,3,pl,dīvyanti,Internal Lengthening (dīvyati)
div,4,imperfect,1,sg,adīvyam,Internal Lengthening (dīvyati)
div,4,imperfect,1,d,adīvyāva,Internal Lengthening (dīvyati)
div,4,imperfect,1,pl,adīvyāma,Internal Lengthening (dīvyati)
div,4,imperfect,2,sg,adīvyaḥ,Internal Lengthening (dīvyati)
div,4,imperfect,2,d,adīvyatam,Internal Lengthening (dīvyati)
div,4,imperfect,2,pl,adīvyata,Internal Lengthening (dīvyati)
div,4,imperfect,3,sg,adīvyat,Internal Lengthening (dīvyati)
div,4,imperfect,3,d,adīvyatām,Internal Lengthening (dīvyati)
div,4,imperfect,3,pl,adīvyan,Internal Lengthening (dīvyati)
div,4,imperative,1,sg,dīvyāni,Internal Lengthening (dīvyati)
div,4,imperative,1,d,dīvyāva,Internal Lengthening (dīvyati)
div,4,imperative,1,pl,dīvyāma,Internal Lengthening (dīvyati)
div,4,imperative,2,sg,dīvya,Internal Lengthening (dīvyati)
div,4,imperative,2,d,dīvyatam,Internal Lengthening (dīvyati)
div,4,imperative,2,pl,dīvyata,Internal Lengthening (dīvyati)
div,4,imperative,3,sg,dīvyatu,Internal Lengthening (dīvyati)
div,4,imperative,3,d,dīvyatām,Internal Lengthening (dīvyati)
div,4,imperative,3,pl,dīvyantu,Internal Lengthening (dīvyati)
div,4,optative,1,sg,dīvyeyam,Internal Lengthening (dīvyati)
div,4,optative,1,d,dīvyeva,Internal Lengthening (dīvyati)
div,4,optative,1,pl,dīvyema,Internal Lengthening (dīvyati)
div,4,optative,2,sg,dīvyeḥ,Internal Lengthening (dīvyati)
div,4,optative,2,d,dīvyetam,Internal Lengthening (dīvyati)
div,4,optative,2,pl,dīvyeta,Internal Lengthening (dīvyati)
div,4,optative,3,sg,dīvyet,Internal Lengthening (dīvyati)
div,4,optative,3,d,dīvyetām,Internal Lengthening (dīvyati)
div,4,optative,3,pl,dīvyeyuḥ,Internal Lengthening (dīvyati)
div,4,future,1,sg,deviṣyāmi,Internal Lengthening (dīvyati)
div,4,future,1,d,deviṣyāvaḥ,Internal Lengthening (dīvyati)
div,4,future,1,pl,deviṣyāmaḥ,Internal Lengthening (dīvyati)
div,4,future,2,sg,deviṣyasi,Internal Lengthening (dīvyati)
div,4,future,2,d,deviṣyathaḥ,Internal Lengthening (dīvyati)
div,4,future,2,pl,deviṣyatha,Internal Lengthening (dīvyati)
div,4,future,3,sg,deviṣyati,Internal Lengthening (dīvyati)
div,4,future,3,d,deviṣyataḥ,Internal Lengthening (dīvyati)
div,4,future,3,pl,deviṣyanti,Internal Lengthening (dīvyati)
div,4,conditional,1,sg,adiviṣyam,Internal Lengthening (dīvyati)
div,4,conditional,1,d,adiviṣyāva,Internal Lengthening (dīvyati)
div,4,conditional,1,pl,adiviṣyāma,Internal Lengthening (dīvyati)
div,4,conditional,2,sg,adiviṣyaḥ,Internal Lengthening (dīvyati)
div,4,conditional,2,d,adiviṣyatam,Internal Lengthening (dīvyati)
div,4,conditional,2,pl,adiviṣyata,Internal Lengthening (dīvyati)
div,4,conditional,3,sg,adiviṣyat,Internal Lengthening (dīvyati)
div,4,conditional,3,d,adiviṣyatām,Internal Lengthening (dīvyati)
div,4,conditional,3,pl,adiviṣyan,Internal Lengthening (dīvyati)
su,5,present,1,sg,sunomi,Athematic Sign (-nu/-no-)
su,5,present,1,d,sunuvaḥ,Athematic Sign (-nu/-no-)
su,5,present,1,pl,sunumaḥ,Athematic Sign (-nu/-no-)
su,5,present,2,sg,sunoṣi,Athematic Sign (-nu/-no-)
su,5,present,2,d,sunuthaḥ,Athematic Sign (-nu/-no-)
su,5,present,2,pl,sunutha,Athematic Sign (-nu/-no-)
su,5,present,3,sg,sunoti,Athematic Sign (-nu/-no-)
su,5,present,3,d,sunutaḥ,Athematic Sign (-nu/-no-)
su,5,present,3,pl,sunvanti,Athematic Sign (-nu/-no-)
su,5,imperfect,1,sg,asunavam,Athematic Sign (-nu/-no-)
su,5,imperfect,1,d,asunuva,Athematic Sign (-nu/-no-)
su,5,imperfect,1,pl,asunuma,Athematic Sign (-nu/-no-)
su,5,imperfect,2,sg,asunoḥ,Athematic Sign (-nu/-no-)
su,5,imperfect,2,d,asunutam,Athematic Sign (-nu/-no-)
su,5,imperfect,2,pl,asunuta,Athematic Sign (-nu/-no-)
su,5,imperfect,3,sg,asunot,Athematic Sign (-nu/-no-)
su,5,imperfect,3,d,asunutām,Athematic Sign (-nu/-no-)
su,5,imperfect,3,pl,asunvan,Athematic Sign (-nu/-no-)
su,5,imperative,1,sg,sunavāni,Athematic Sign (-nu/-no-)
su,5,imperative,1,d,sunavāva,Athematic Sign (-nu/-no-)
su,5,imperative,1,pl,sunavāma,Athematic Sign (-nu/-no-)
su,5,imperative,2,sg,sunuhi,Athematic Sign (-nu/-no-)
su,5,imperative,2,d,sunutam,Athematic Sign (-nu/-no-)
su,5,imperative,2,pl,sunuta,Athematic Sign (-nu/-no-)
su,5,imperative,3,sg,sunotu,Athematic Sign (-nu/-no-)
su,5,imperative,3,d,sunutām,Athematic Sign (-nu/-no-)
su,5,imperative,3,pl,sunvantu,Athematic Sign (-nu/-no-)
su,5,optative,1,sg,sunuyām,Athematic Sign (-nu/-no-)
su,5,optative,1,d,sunuyāva,Athematic Sign (-nu/-no-)
su,5,optative,1,pl,sunuyāma,Athematic Sign (-nu/-no-)
su,5,optative,2,sg,sunuyāḥ,Athematic Sign (-nu/-no-)
su,5,optative,2,d,sunuyātam,Athematic Sign (-nu/-no-)
su,5,optative,2,pl,sunuyāta,Athematic Sign (-nu/-no-)
su,5,optative,3,sg,sunuyāt,Athematic Sign (-nu/-no-)
su,5,optative,3,d,sunuyātām,Athematic Sign (-nu/-no-)
su,5,optative,3,pl,sunuyuḥ,Athematic Sign (-nu/-no-)
su,5,future,1,sg,soṣyāmi,Athematic Sign (-nu/-no-)
su,5,future,1,d,soṣyāvaḥ,Athematic Sign (-nu/-no-)
su,5,future,1,pl,soṣyāmaḥ,Athematic Sign (-nu/-no-)
su,5,future,2,sg,soṣyasi,Athematic Sign (-nu/-no-)
su,5,future,2,d,soṣyathaḥ,Athematic Sign (-nu/-no-)
su,5,future,2,pl,soṣyatha,Athematic Sign (-nu/-no-)
su,5,future,3,sg,soṣyati,Athematic Sign (-nu/-no-)
su,5,future,3,d,soṣyataḥ,Athematic Sign (-nu/-no-)
su,5,future,3,pl,soṣyanti,Athematic Sign (-nu/-no-)
su,5,conditional,1,sg,asoṣyam,Athematic Sign (-nu/-no-)
su,5,conditional,1,d,asuṣyāva,Athematic Sign (-nu/-no-)
su,5,conditional,1,pl,asuṣyāma,Athematic Sign (-nu/-no-)
su,5,conditional,2,sg,asoṣyaḥ,Athematic Sign (-nu/-no-)
su,5,conditional,2,d,asuṣyatam,Athematic Sign (-nu/-no-)
su,5,conditional,2,pl,asuṣyata,Athematic Sign (-nu/-no-)
su,5,conditional,3,sg,asoṣyat,Athematic Sign (-nu/-no-)
su,5,conditional,3,d,asuṣyatām,Athematic Sign (-nu/-no-)
su,5,conditional,3,pl,asuṣyan,Athematic Sign (-nu/-no-)
tud,6,present,1,sg,tudāmi,Thematic + No Guna
tud,6,present,1,d,tudāvaḥ,Thematic + No Guna
tud,6,present,1,pl,tudāmaḥ,Thematic + No Guna
tud,6,present,2,sg,tudasi,Thematic + No Guna
tud,6,present,2,d,tudathaḥ,Thematic + No Guna
tud,6,present,2,pl,tudatha,Thematic + No Guna
tud,6,present,3,sg,tudati,Thematic + No Guna
tud,6,present,3,d,tudataḥ,Thematic + No Guna
tud,6,present,3,pl,tudanti,Thematic + No Guna
tud,6,imperfect,1,sg,atudam,Thematic + No Guna
tud,6,imperfect,1,d,atudāva,Thematic + No Guna
tud,6,imperfect,1,pl,atudāma,Thematic + No Guna
tud,6,imperfect,2,sg,atudaḥ,Thematic + No Guna
tud,6,imperfect,2,d,atudatam,Thematic + No Guna
tud,6,imperfect,2,pl,atudata,Thematic + No Guna
tud,6,imperfect,3,sg,atudat,Thematic + No Guna
tud,6,imperfect,3,d,atudatām,Thematic + No Guna
tud,6,imperfect,3,pl,atudan,Thematic + No Guna
tud,6,imperative,1,sg,tudāni,Thematic + No Guna
tud,6,imperative,1,d,tudāva,Thematic + No Guna
tud,6,imperative,1,pl,tudāma,Thematic + No Guna
tud,6,imperative,2,sg,tuda,Thematic + No Guna
tud,6,imperative,2,d,tudatam,Thematic + No Guna
tud,6,imperative,2,pl,tudata,Thematic + No Guna
tud,6,imperative,3,sg,tudatu,Thematic + No Guna
tud,6,imperative,3,d,tudatām,Thematic + No Guna
tud,6,imperative,3,pl,tudantu,Thematic + No Guna
tud,6,optative,1,sg,tudeyam,Thematic + No Guna
tud,6,optative,1,d,tudeva,Thematic + No Guna
tud,6,optative,1,pl,tudema,Thematic + No Guna
tud,6,optative,2,sg,tudeḥ,Thematic + No Guna
tud,6,optative,2,d,tudetam,Thematic + No Guna
tud,6,optative,2,pl,tudeta,Thematic + No Guna
tud,6,optative,3,sg,tudet,Thematic + No Guna
tud,6,optative,3,d,tudetām,Thematic + No Guna
tud,6,optative,3,pl,tudeyuḥ,Thematic + No Guna
tud,6,future,1,sg,todiṣyāmi,Thematic + No Guna
tud,6,future,1,d,todiṣyāvaḥ,Thematic + No Guna
tud,6,future,1,pl,todiṣyāmaḥ,Thematic + No Guna
tud,6,future,2,sg,todiṣyasi,Thematic + No Guna
tud,6,future,2,d,todiṣyathaḥ,Thematic + No Guna
tud,6,future,2,pl,todiṣyatha,Thematic + No Guna
tud,6,future,3,sg,todiṣyati,Thematic + No Guna
tud,6,future,3,d,todiṣyataḥ,Thematic + No Guna
tud,6,future,3,pl,todiṣyanti,Thematic + No Guna
tud,6,conditional,1,sg,atudiṣyam,Thematic + No Guna
tud,6,conditional,1,d,atudiṣyāva,Thematic + No Guna
tud,6,conditional,1,pl,atudiṣyāma,Thematic + No Guna
tud,6,conditional,2,sg,atudiṣyaḥ,Thematic + No Guna
tud,6,conditional,2,d,atudiṣyatam,Thematic + No Guna
tud,6,conditional,2,pl,atudiṣyata,Thematic + No Guna
tud,6,conditional,3,sg,atudiṣyat,Thematic + No Guna
tud,6,conditional,3,d,atudiṣyatām,Thematic + No Guna
tud,6,conditional,3,pl,atudiṣyan,Thematic + No Guna
yuj,7,present,1,sg,yunajmi,Infix + Palatal Sandhi (yunakti / yokṣyati)
yuj,7,present,1,d,yuñjvaḥ,Infix + Palatal Sandhi (yunakti / yokṣyati)
yuj,7,present,1,pl,yuñjmaḥ,Infix + Palatal Sandhi (yunakti / yokṣyati)
yuj,7,present,2,sg,yunakṣi,Infix + Palatal Sandhi (yunakti / yokṣyati)
yuj,7,present,2,d,yuṅkthaḥ,Infix + Palatal Sandhi (yunakti / yokṣyati)
yuj,7,present,2,pl,yuṅktha,Infix + Palatal Sandhi (yunakti / yokṣyati)
yuj,7,present,3,sg,yunakti,Infix + Palatal Sandhi (yunakti / yokṣyati)
yuj,7,present,3,d,yuṅktaḥ,Infix + Palatal Sandhi (yunakti / yokṣyati)
yuj,7,present,3,pl,yuñjanti,Infix + Palatal Sandhi (yunakti / yokṣyati)
yuj,7,imperfect,1,sg,ayunajam,Infix + Palatal Sandhi (yunakti / yokṣyati)
yuj,7,imperfect,1,d,ayuñjva,Infix + Palatal Sandhi (yunakti / yokṣyati)
yuj,7,imperfect,1,pl,ayuñjma,Infix + Palatal Sandhi (yunakti / yokṣyati)
yuj,7,imperfect,2,sg,ayunakḥ,Infix + Palatal Sandhi (yunakti / yokṣyati)
yuj,7,imperfect,2,d,ayuṅktam,Infix + Palatal Sandhi (yunakti / yokṣyati)
yuj,7,imperfect,2,pl,ayuṅkta,Infix + Palatal Sandhi (yunakti / yokṣyati)
yuj,7,imperfect,3,sg,ayunakt,Infix + Palatal Sandhi (yunakti / yokṣyati)
yuj,7,imperfect,3,d,ayuṅktām,Infix + Palatal Sandhi (yunakti / yokṣyati)
yuj,7,imperfect,3,pl,ayuñjan,Infix + Palatal Sandhi (yunakti / yokṣyati)
yuj,7,imperative,1,sg,yunajāni,Infix + Palatal Sandhi (yunakti / yokṣyati)
yuj,7,imperative,1,d,yunajāva,Infix + Palatal Sandhi (yunakti / yokṣyati)
yuj,7,imperative,1,pl,yunajāma,Infix + Palatal Sandhi (yunakti / yokṣyati)
yuj,7,imperative,2,sg,yuñjhi,Infix + Palatal Sandhi (yunakti / yokṣyati)
yuj,7,imperative,2,d,yuṅktam,Infix + Palatal Sandhi (yunakti / yokṣyati)
yuj,7,imperative,2,pl,yuṅkta,Infix + Palatal Sandhi (yunakti / yokṣyati)
yuj,7,imperative,3,sg,yunaktu,Infix + Palatal Sandhi (yunakti / yokṣyati)
yuj,7,imperative,3,d,yuṅktām,Infix + Palatal Sandhi (yunakti / yokṣyati)
yuj,7,imperative,3,pl,yuñjantu,Infix + Palatal Sandhi (yunakti / yokṣyati)
yuj,7,optative,1,sg,yuñjyām,Infix + Palatal Sandhi (yunakti / yokṣyati)
yuj,7,optative,1,d,yuñjyāva,Infix + Palatal Sandhi (yunakti / yokṣyati)
yuj,7,optative,1,pl,yuñjyāma,Infix + Palatal Sandhi (yunakti / yokṣyati)
yuj,7,optative,2,sg,yuñjyāḥ,Infix + Palatal Sandhi (yunakti / yokṣyati)
yuj,7,optative,2,d,yuñjyātam,Infix + Palatal Sandhi (yunakti / yokṣyati)
yuj,7,optative,2,pl,yuñjyāta,Infix + Palatal Sandhi (yunakti / yokṣyati)
yuj,7,optative,3,sg,yuñjyāt,Infix + Palatal Sandhi (yunakti / yokṣyati)
yuj,7,optative,3,d,yuñjyātām,Infix + Palatal Sandhi (yunakti / yokṣyati)
yuj,7,optative,3,pl,yuñjyuḥ,Infix + Palatal Sandhi (yunakti / yokṣyati)
yuj,7,future,1,sg,yokṣyāmi,Infix + Palatal Sandhi (yunakti / yokṣyati)
yuj,7,future,1,d,yokṣyāvaḥ,Infix + Palatal Sandhi (yunakti / yokṣyati)
yuj,7,future,1,pl,yokṣyāmaḥ,Infix + Palatal Sandhi (yunakti / yokṣyati)
yuj,7,future,2,sg,yokṣyasi,Infix + Palatal Sandhi (yunakti / yokṣyati)
yuj,7,future,2,d,yokṣyathaḥ,Infix + Palatal Sandhi (yunakti / yokṣyati)
yuj,7,future,2,pl,yokṣyatha,Infix + Palatal Sandhi (yunakti / yokṣyati)
yuj,7,future,3,sg,yokṣyati,Infix + Palatal Sandhi (yunakti / yokṣyati)
yuj,7,future,3,d,yokṣyataḥ,Infix + Palatal Sandhi (yunakti / yokṣyati)
yuj,7,future,3,pl,yokṣyanti,Infix + Palatal Sandhi (yunakti / yokṣyati)
yuj,7,conditional,1,sg,ayokṣyam,Infix + Palatal Sandhi (yunakti / yokṣyati)
yuj,7,conditional,1,d,ayukṣyāva,Infix + Palatal Sandhi (yunakti / yokṣyati)
yuj,7,conditional,1,pl,ayukṣyāma,Infix + Palatal Sandhi (yunakti / yokṣyati)
yuj,7,conditional,2,sg,ayokṣyaḥ,Infix + Palatal Sandhi (yunakti / yokṣyati)
yuj,7,conditional,2,d,ayukṣyatam,Infix + Palatal Sandhi (yunakti / yokṣyati)
yuj,7,conditional,2,pl,ayukṣyata,Infix + Palatal Sandhi (yunakti / yokṣyati)
yuj,7,conditional,3,sg,ayokṣyat,Infix + Palatal Sandhi (yunakti / yokṣyati)
yuj,7,conditional,3,d,ayukṣyatām,Infix + Palatal Sandhi (yunakti / yokṣyati)
yuj,7,conditional,3,pl,ayukṣyan,Infix + Palatal Sandhi (yunakti / yokṣyati)
tan,8,present,1,sg,tanomi,Athematic Sign (-u/-o-)
tan,8,present,1,d,tanuvaḥ,Athematic Sign (-u/-o-)
tan,8,present,1,pl,tanumaḥ,Athematic Sign (-u/-o-)
tan,8,present,2,sg,tanoṣi,Athematic Sign (-u/-o-)
tan,8,present,2,d,tanuthaḥ,Athematic Sign (-u/-o-)
tan,8,present,2,pl,tanutha,Athematic Sign (-u/-o-)
tan,8,present,3,sg,tanoti,Athematic Sign (-u/-o-)
tan,8,present,3,d,tanutaḥ,Athematic Sign (-u/-o-)
tan,8,present,3,pl,tanvanti,Athematic Sign (-u/-o-)
tan,8,imperfect,1,sg,atanavam,Athematic Sign (-u/-o-)
tan,8,imperfect,1,d,atanuva,Athematic Sign (-u/-o-)
tan,8,imperfect,1,pl,atanuma,Athematic Sign (-u/-o-)
tan,8,imperfect,2,sg,atanoḥ,Athematic Sign (-u/-o-)
tan,8,imperfect,2,d,atanutam,Athematic Sign (-u/-o-)
tan,8,imperfect,2,pl,atanuta,Athematic Sign (-u/-o-)
tan,8,imperfect,3,sg,atanot,Athematic Sign (-u/-o-)
tan,8,imperfect,3,d,atanutām,Athematic Sign (-u/-o-)
tan,8,imperfect,3,pl,atanvan,Athematic Sign (-u/-o-)
tan,8,imperative,1,sg,tanavāni,Athematic Sign (-u/-o-)
tan,8,imperative,1,d,tanavāva,Athematic Sign (-u/-o-)
tan,8,imperative,1,pl,tanavāma,Athematic Sign (-u/-o-)
tan,8,imperative,2,sg,tanuhi,Athematic Sign (-u/-o-)
tan,8,imperative,2,d,tanutam,Athematic Sign (-u/-o-)
tan,8,imperative,2,pl,tanuta,Athematic Sign (-u/-o-)
tan,8,imperative,3,sg,tanotu,Athematic Sign (-u/-o-)
tan,8,imperative,3,d,tanutām,Athematic Sign (-u/-o-)
tan,8,imperative,3,pl,tanvantu,Athematic Sign (-u/-o-)
tan,8,optative,1,sg,tanuyām,Athematic Sign (-u/-o-)
tan,8,optative,1,d,tanuyāva,Athematic Sign (-u/-o-)
tan,8,optative,1,pl,tanuyāma,Athematic Sign (-u/-o-)
tan,8,optative,2,sg,tanuyāḥ,Athematic Sign (-u/-o-)
tan,8,optative,2,d,tanuyātam,Athematic Sign (-u/-o-)
tan,8,optative,2,pl,tanuyāta,Athematic Sign (-u/-o-)
tan,8,optative,3,sg,tanuyāt,Athematic Sign (-u/-o-)
tan,8,optative,3,d,tanuyātām,Athematic Sign (-u/-o-)
tan,8,optative,3,pl,tanuyuḥ,Athematic Sign (-u/-o-)
tan,8,future,1,sg,tansyāmi,Athematic Sign (-u/-o-)
tan,8,future,1,d,tansyāvaḥ,Athematic Sign (-u/-o-)
tan,8,future,1,pl,tansyāmaḥ,Athematic Sign (-u/-o-)
tan,8,future,2,sg,tansyasi,Athematic Sign (-u/-o-)
tan,8,future,2,d,tansyathaḥ,Athematic Sign (-u/-o-)
tan,8,future,2,pl,tansyatha,Athematic Sign (-u/-o-)
tan,8,future,3,sg,tansyati,Athematic Sign (-u/-o-)
tan,8,future,3,d,tansyataḥ,Athematic Sign (-u/-o-)
tan,8,future,3,pl,tansyanti,Athematic Sign (-u/-o-)
tan,8,conditional,1,sg,atansyam,Athematic Sign (-u/-o-)
tan,8,conditional,1,d,atansyāva,Athematic Sign (-u/-o-)
tan,8,conditional,1,pl,atansyāma,Athematic Sign (-u/-o-)
tan,8,conditional,2,sg,atansyaḥ,Athematic Sign (-u/-o-)
tan,8,conditional,2,d,atansyatam,Athematic Sign (-u/-o-)
tan,8,conditional,2,pl,atansyata,Athematic Sign (-u/-o-)
tan,8,conditional,3,sg,atansyat,Athematic Sign (-u/-o-)
tan,8,conditional,3,d,atansyatām,Athematic Sign (-u/-o-)
tan,8,conditional,3,pl,atansyan,Athematic Sign (-u/-o-)
krī,9,present,1,sg,krīṇāmi,Athematic Sign (-nā/-nī-) + Nati (krīṇāti)
krī,9,present,1,d,krīṇīvaḥ,Athematic Sign (-nā/-nī-) + Nati (krīṇāti)
krī,9,present,1,pl,krīṇīmaḥ,Athematic Sign (-nā/-nī-) + Nati (krīṇāti)
krī,9,present,2,sg,krīṇāsi,Athematic Sign (-nā/-nī-) + Nati (krīṇāti)
krī,9,present,2,d,krīṇīthaḥ,Athematic Sign (-nā/-nī-) + Nati (krīṇāti)
krī,9,present,2,pl,krīṇītha,Athematic Sign (-nā/-nī-) + Nati (krīṇāti)
krī,9,present,3,sg,krīṇāti,Athematic Sign (-nā/-nī-) + Nati (krīṇāti)
krī,9,present,3,d,krīṇītaḥ,Athematic Sign (-nā/-nī-) + Nati (krīṇāti)
krī,9,present,3,pl,krīṇanti,Athematic Sign (-nā/-nī-) + Nati (krīṇāti)
krī,9,imperfect,1,sg,akrīṇām,Athematic Sign (-nā/-nī-) + Nati (krīṇāti)
krī,9,imperfect,1,d,akrīṇīva,Athematic Sign (-nā/-nī-) + Nati (krīṇāti)
krī,9,imperfect,1,pl,akrīṇīma,Athematic Sign (-nā/-nī-) + Nati (krīṇāti)
krī,9,imperfect,2,sg,akrīṇāḥ,Athematic Sign (-nā/-nī-) + Nati (krīṇāti)
krī,9,imperfect,2,d,akrīṇītam,Athematic Sign (-nā/-nī-) + Nati (krīṇāti)
krī,9,imperfect,2,pl,akrīṇīta,Athematic Sign (-nā/-nī-) + Nati (krīṇāti)
krī,9,imperfect,3,sg,akrīṇāt,Athematic Sign (-nā/-nī-) + Nati (krīṇāti)
krī,9,imperfect,3,d,akrīṇītām,Athematic Sign (-nā/-nī-) + Nati (krīṇāti)
krī,9,imperfect,3,pl,akrīṇan,Athematic Sign (-nā/-nī-) + Nati (krīṇāti)
krī,9,imperative,1,sg,krīṇāṇi,Athematic Sign (-nā/-nī-) + Nati (krīṇāti)
krī,9,imperative,1,d,krīṇāva,Athematic Sign (-nā/-nī-) + Nati (krīṇāti)
krī,9,imperative,1,pl,krīṇāma,Athematic Sign (-nā/-nī-) + Nati (krīṇāti)
krī,9,imperative,2,sg,krīṇīhi,Athematic Sign (-nā/-nī-) + Nati (krīṇāti)
krī,9,imperative,2,d,krīṇītam,Athematic Sign (-nā/-nī-) + Nati (krīṇāti)
krī,9,imperative,2,pl,krīṇīta,Athematic Sign (-nā/-nī-) + Nati (krīṇāti)
krī,9,imperative,3,sg,krīṇātu,Athematic Sign (-nā/-nī-) + Nati (krīṇāti)
krī,9,imperative,3,d,krīṇītām,Athematic Sign (-nā/-nī-) + Nati (krīṇāti)
krī,9,imperative,3,pl,krīṇantu,Athematic Sign (-nā/-nī-) + Nati (krīṇāti)
krī,9,optative,1,sg,krīṇīyām,Athematic Sign (-nā/-nī-) + Nati (krīṇāti)
krī,9,optative,1,d,krīṇīyāva,Athematic Sign (-nā/-nī-) + Nati (krīṇāti)
krī,9,optative,1,pl,krīṇīyāma,Athematic Sign (-nā/-nī-) + Nati (krīṇāti)
krī,9,optative,2,sg,krīṇīyāḥ,Athematic Sign (-nā/-nī-) + Nati (krīṇāti)
krī,9,optative,2,d,krīṇīyātam,Athematic Sign (-nā/-nī-) + Nati (krīṇāti)
krī,9,optative,2,pl,krīṇīyāta,Athematic Sign (-nā/-nī-) + Nati (krīṇāti)
krī,9,optative,3,sg,krīṇīyāt,Athematic Sign (-nā/-nī-) + Nati (krīṇāti)
krī,9,optative,3,d,krīṇīyātām,Athematic Sign (-nā/-nī-) + Nati (krīṇāti)
krī,9,optative,3,pl,krīṇīyuḥ,Athematic Sign (-nā/-nī-) + Nati (krīṇāti)
krī,9,future,1,sg,kreṣyāmi,Athematic Sign (-nā/-nī-) + Nati (krīṇāti)
krī,9,future,1,d,kreṣyāvaḥ,Athematic Sign (-nā/-nī-) + Nati (krīṇāti)
krī,9,future,1,pl,kreṣyāmaḥ,Athematic Sign (-nā/-nī-) + Nati (krīṇāti)
krī,9,future,2,sg,kreṣyasi,Athematic Sign (-nā/-nī-) + Nati (krīṇāti)
krī,9,future,2,d,kreṣyathaḥ,Athematic Sign (-nā/-nī-) + Nati (krīṇāti)
krī,9,future,2,pl,kreṣyatha,Athematic Sign (-nā/-nī-) + Nati (krīṇāti)
krī,9,future,3,sg,kreṣyati,Athematic Sign (-nā/-nī-) + Nati (krīṇāti)
krī,9,future,3,d,kreṣyataḥ,Athematic Sign (-nā/-nī-) + Nati (krīṇāti)
krī,9,future,3,pl,kreṣyanti,Athematic Sign (-nā/-nī-) + Nati (krīṇāti)
krī,9,conditional,1,sg,akreṣyam,Athematic Sign (-nā/-nī-) + Nati (krīṇāti)
krī,9,conditional,1,d,akrīṣyāva,Athematic Sign (-nā/-nī-) + Nati (krīṇāti)
krī,9,conditional,1,pl,akrīṣyāma,Athematic Sign (-nā/-nī-) + Nati (krīṇāti)
krī,9,conditional,2,sg,akreṣyaḥ,Athematic Sign (-nā/-nī-) + Nati (krīṇāti)
krī,9,conditional,2,d,akrīṣyatam,Athematic Sign (-nā/-nī-) + Nati (krīṇāti)
krī,9,conditional,2,pl,akrīṣyata,Athematic Sign (-nā/-nī-) + Nati (krīṇāti)
krī,9,conditional,3,sg,akreṣyat,Athematic Sign (-nā/-nī-) + Nati (krīṇāti)
krī,9,conditional,3,d,akrīṣyatām,Athematic Sign (-nā/-nī-) + Nati (krīṇāti)
krī,9,conditional,3,pl,akrīṣyan,Athematic Sign (-nā/-nī-) + Nati (krīṇāti)
cur,10,present,1,sg,corayāmi,Causative-style (-aya-)
cur,10,present,1,d,corayāvaḥ,Causative-style (-aya-)
cur,10,present,1,pl,corayāmaḥ,Causative-style (-aya-)
cur,10,present,2,sg,corayasi,Causative-style (-aya-)
cur,10,present,2,d,corayathaḥ,Causative-style (-aya-)
cur,10,present,2,pl,corayatha,Causative-style (-aya-)
cur,10,present,3,sg,corayati,Causative-style (-aya-)
cur,10,present,3,d,corayataḥ,Causative-style (-aya-)
cur,10,present,3,pl,corayanti,Causative-style (-aya-)
cur,10,imperfect,1,sg,acorayam,Causative-style (-aya-)
cur,10,imperfect,1,d,acorayāva,Causative-style (-aya-)
cur,10,imperfect,1,pl,acorayāma,Causative-style (-aya-)
cur,10,imperfect,2,sg,acorayaḥ,Causative-style (-aya-)
cur,10,imperfect,2,d,acorayatam,Causative-style (-aya-)
cur,10,imperfect,2,pl,acorayata,Causative-style (-aya-)
cur,10,imperfect,3,sg,acorayat,Causative-style (-aya-)
cur,10,imperfect,3,d,acorayatām,Causative-style (-aya-)
cur,10,imperfect,3,pl,acorayan,Causative-style (-aya-)
cur,10,imperative,1,sg,corayāṇi,Causative-style (-aya-)
cur,10,imperative,1,d,corayāva,Causative-style (-aya-)
cur,10,imperative,1,pl,corayāma,Causative-style (-aya-)
cur,10,imperative,2,sg,coraya,Causative-style (-aya-)
cur,10,imperative,2,d,corayatam,Causative-style (-aya-)
cur,10,imperative,2,pl,corayata,Causative-style (-aya-)
cur,10,imperative,3,sg,corayatu,Causative-style (-aya-)
cur,10,imperative,3,d,corayatām,Causative-style (-aya-)
cur,10,imperative,3,pl,corayantu,Causative-style (-aya-)
cur,10,optative,1,sg,corayeyam,Causative-style (-aya-)
cur,10,optative,1,d,corayeva,Causative-style (-aya-)
cur,10,optative,1,pl,corayema,Causative-style (-aya-)
cur,10,optative,2,sg,corayeḥ,Causative-style (-aya-)
cur,10,optative,2,d,corayetam,Causative-style (-aya-)
cur,10,optative,2,pl,corayeta,Causative-style (-aya-)
cur,10,optative,3,sg,corayet,Causative-style (-aya-)
cur,10,optative,3,d,corayetām,Causative-style (-aya-)
cur,10,optative,3,pl,corayeyuḥ,Causative-style (-aya-)
cur,10,future,1,sg,coriṣyāmi,Causative-style (-aya-)
cur,10,future,1,d,coriṣyāvaḥ,Causative-style (-aya-)
cur,10,future,1,pl,coriṣyāmaḥ,Causative-style (-aya-)
cur,10,future,2,sg,coriṣyasi,Causative-style (-aya-)
cur,10,future,2,d,coriṣyathaḥ,Causative-style (-aya-)
cur,10,future,2,pl,coriṣyatha,Causative-style (-aya-)
cur,10,future,3,sg,coriṣyati,Causative-style (-aya-)
cur,10,future,3,d,coriṣyataḥ,Causative-style (-aya-)
cur,10,future,3,pl,coriṣyanti,Causative-style (-aya-)
cur,10,conditional,1,sg,acoriṣyam,Causative-style (-aya-)
cur,10,conditional,1,d,acoriṣyāva,Causative-style (-aya-)
cur,10,conditional,1,pl,acoriṣyāma,Causative-style (-aya-)
cur,10,conditional,2,sg,acoriṣyaḥ,Causative-style (-aya-)
cur,10,conditional,2,d,acoriṣyatam,Causative-style (-aya-)
cur,10,conditional,2,pl,acoriṣyata,Causative-style (-aya-)
cur,10,conditional,3,sg,acoriṣyat,Causative-style (-aya-)
cur,10,conditional,3,d,acoriṣyatām,Causative-style (-aya-)
cur,10,conditional,3,pl,acoriṣyan,Causative-style (-aya-)
kṛ,8,present,1,sg,kromi,Guṇa of ṛ + Ruki (kariṣyati)
kṛ,8,present,1,d,kruvaḥ,Guṇa of ṛ + Ruki (kariṣyati)
kṛ,8,present,1,pl,krumaḥ,Guṇa of ṛ + Ruki (kariṣyati)
kṛ,8,present,2,sg,kroṣi,Guṇa of ṛ + Ruki (kariṣyati)
kṛ,8,present,2,d,kruthaḥ,Guṇa of ṛ + Ruki (kariṣyati)
kṛ,8,present,2,pl,krutha,Guṇa of ṛ + Ruki (kariṣyati)
kṛ,8,present,3,sg,kroti,Guṇa of ṛ + Ruki (kariṣyati)
kṛ,8,present,3,d,krutaḥ,Guṇa of ṛ + Ruki (kariṣyati)
kṛ,8,present,3,pl,krvanti,Guṇa of ṛ + Ruki (kariṣyati)
kṛ,8,imperfect,1,sg,akravam,Guṇa of ṛ + Ruki (kariṣyati)
kṛ,8,imperfect,1,d,akruva,Guṇa of ṛ + Ruki (kariṣyati)
kṛ,8,imperfect,1,pl,akruma,Guṇa of ṛ + Ruki (kariṣyati)
kṛ,8,imperfect,2,sg,akroḥ,Guṇa of ṛ + Ruki (kariṣyati)
kṛ,8,imperfect,2,d,akrutam,Guṇa of ṛ + Ruki (kariṣyati)
kṛ,8,imperfect,2,pl,akruta,Guṇa of ṛ + Ruki (kariṣyati)
kṛ,8,imperfect,3,sg,akrot,Guṇa of ṛ + Ruki (kariṣyati)
kṛ,8,imperfect,3,d,akrutām,Guṇa of ṛ + Ruki (kariṣyati)
kṛ,8,imperfect,3,pl,akrvan,Guṇa of ṛ + Ruki (kariṣyati)
kṛ,8,imperative,1,sg,kravāṇi,Guṇa of ṛ + Ruki (kariṣyati)
kṛ,8,imperative,1,d,kravāva,Guṇa of ṛ + Ruki (kariṣyati)
kṛ,8,imperative,1,pl,kravāma,Guṇa of ṛ + Ruki (kariṣyati)
kṛ,8,imperative,2,sg,kruhi,Guṇa of ṛ + Ruki (kariṣyati)
kṛ,8,imperative,2,d,krutam,Guṇa of ṛ + Ruki (kariṣyati)
kṛ,8,imperative,2,pl,kruta,Guṇa of ṛ + Ruki (kariṣyati)
kṛ,8,imperative,3,sg,krotu,Guṇa of ṛ + Ruki (kariṣyati)
kṛ,8,imperative,3,d,krutām,Guṇa of ṛ + Ruki (kariṣyati)
kṛ,8,imperative,3,pl,krvantu,Guṇa of ṛ + Ruki (kariṣyati)
kṛ,8,optative,1,sg,kruyām,Guṇa of ṛ + Ruki (kariṣyati)
kṛ,8,optative,1,d,kruyāva,Guṇa of ṛ + Ruki (kariṣyati)
kṛ,8,optative,1,pl,kruyāma,Guṇa of ṛ + Ruki (kariṣyati)
kṛ,8,optative,2,sg,kruyāḥ,Guṇa of ṛ + Ruki (kariṣyati)
kṛ,8,optative,2,d,kruyātam,Guṇa of ṛ + Ruki (kariṣyati)
kṛ,8,optative,2,pl,kruyāta,Guṇa of ṛ + Ruki (kariṣyati)
kṛ,8,optative,3,sg,kruyāt,Guṇa of ṛ + Ruki (kariṣyati)
kṛ,8,optative,3,d,kruyātām,Guṇa of ṛ + Ruki (kariṣyati)
kṛ,8,optative,3,pl,kruyuḥ,Guṇa of ṛ + Ruki (kariṣyati)
kṛ,8,future,1,sg,kariṣyāmi,Guṇa of ṛ + Ruki (kariṣyati)
kṛ,8,future,1,d,kariṣyāvaḥ,Guṇa of ṛ + Ruki (kariṣyati)
kṛ,8,future,1,pl,kariṣyāmaḥ,Guṇa of ṛ + Ruki (kariṣyati)
kṛ,8,future,2,sg,kariṣyasi,Guṇa of ṛ + Ruki (kariṣyati)
kṛ,8,future,2,d,kariṣyathaḥ,Guṇa of ṛ + Ruki (kariṣyati)
kṛ,8,future,2,pl,kariṣyatha,Guṇa of ṛ + Ruki (kariṣyati)
kṛ,8,future,3,sg,kariṣyati,Guṇa of ṛ + Ruki (kariṣyati)
kṛ,8,future,3,d,kariṣyataḥ,Guṇa of ṛ + Ruki (kariṣyati)
kṛ,8,future,3,pl,kariṣyanti,Guṇa of ṛ + Ruki (kariṣyati)
kṛ,8,conditional,1,sg,akariṣyam,Guṇa of ṛ + Ruki (kariṣyati)
kṛ,8,conditional,1,d,akriṣyāva,Guṇa of ṛ + Ruki (kariṣyati)
kṛ,8,conditional,1,pl,akriṣyāma,Guṇa of ṛ + Ruki (kariṣyati)
kṛ,8,conditional,2,sg,akariṣyaḥ,Guṇa of ṛ + Ruki (kariṣyati)
kṛ,8,conditional,2,d,akriṣyatam,Guṇa of ṛ + Ruki (kariṣyati)
kṛ,8,conditional,2,pl,akriṣyata,Guṇa of ṛ + Ruki (kariṣyati)
kṛ,8,conditional,3,sg,akariṣyat,Guṇa of ṛ + Ruki (kariṣyati)
kṛ,8,conditional,3,d,akriṣyatām,Guṇa of ṛ + Ruki (kariṣyati)
kṛ,8,conditional,3,pl,akriṣyan,Guṇa of ṛ + Ruki (kariṣyati)
budh,1,present,1,sg,bodhāmi,Grassmann Throwback + Devoicing (bhotsyati)
budh,1,present,1,d,bodhāvaḥ,Grassmann Throwback + Devoicing (bhotsyati)
budh,1,present,1,pl,bodhāmaḥ,Grassmann Throwback + Devoicing (bhotsyati)
budh,1,present,2,sg,bodhasi,Grassmann Throwback + Devoicing (bhotsyati)
budh,1,present,2,d,bodhathaḥ,Grassmann Throwback + Devoicing (bhotsyati)
budh,1,present,2,pl,bodhatha,Grassmann Throwback + Devoicing (bhotsyati)
budh,1,present,3,sg,bodhati,Grassmann Throwback + Devoicing (bhotsyati)
budh,1,present,3,d,bodhataḥ,Grassmann Throwback + Devoicing (bhotsyati)
budh,1,present,3,pl,bodhanti,Grassmann Throwback + Devoicing (bhotsyati)
budh,1,imperfect,1,sg,abodham,Grassmann Throwback + Devoicing (bhotsyati)
budh,1,imperfect,1,d,abodhāva,Grassmann Throwback + Devoicing (bhotsyati)
budh,1,imperfect,1,pl,abodhāma,Grassmann Throwback + Devoicing (bhotsyati)
budh,1,imperfect,2,sg,abodhaḥ,Grassmann Throwback + Devoicing (bhotsyati)
budh,1,imperfect,2,d,abodhatam,Grassmann Throwback + Devoicing (bhotsyati)
budh,1,imperfect,2,pl,abodhata,Grassmann Throwback + Devoicing (bhotsyati)
budh,1,imperfect,3,sg,abodhat,Grassmann Throwback + Devoicing (bhotsyati)
budh,1,imperfect,3,d,abodhatām,Grassmann Throwback + Devoicing (bhotsyati)
budh,1,imperfect,3,pl,abodhan,Grassmann Throwback + Devoicing (bhotsyati)
budh,1,imperative,1,sg,bodhāni,Grassmann Throwback + Devoicing (bhotsyati)
budh,1,imperative,1,d,bodhāva,Grassmann Throwback + Devoicing (bhotsyati)
budh,1,imperative,1,pl,bodhāma,Grassmann Throwback + Devoicing (bhotsyati)
budh,1,imperative,2,sg,bodha,Grassmann Throwback + Devoicing (bhotsyati)
budh,1,imperative,2,d,bodhatam,Grassmann Throwback + Devoicing (bhotsyati)
budh,1,imperative,2,pl,bodhata,Grassmann Throwback + Devoicing (bhotsyati)
budh,1,imperative,3,sg,bodhatu,Grassmann Throwback + Devoicing (bhotsyati)
budh,1,imperative,3,d,bodhatām,Grassmann Throwback + Devoicing (bhotsyati)
budh,1,imperative,3,pl,bodhantu,Grassmann Throwback + Devoicing (bhotsyati)
budh,1,optative,1,sg,bodheyam,Grassmann Throwback + Devoicing (bhotsyati)
budh,1,optative,1,d,bodheva,Grassmann Throwback + Devoicing (bhotsyati)
budh,1,optative,1,pl,bodhema,Grassmann Throwback + Devoicing (bhotsyati)
budh,1,optative,2,sg,bodheḥ,Grassmann Throwback + Devoicing (bhotsyati)
budh,1,optative,2,d,bodhetam,Grassmann Throwback + Devoicing (bhotsyati)
budh,1,optative,2,pl,bodheta,Grassmann Throwback + Devoicing (bhotsyati)
budh,1,optative,3,sg,bodhet,Grassmann Throwback + Devoicing (bhotsyati)
budh,1,optative,3,d,bodhetām,Grassmann Throwback + Devoicing (bhotsyati)
budh,1,optative,3,pl,bodheyuḥ,Grassmann Throwback + Devoicing (bhotsyati)
budh,1,future,1,sg,bhotsyāmi,Grassmann Throwback + Devoicing (bhotsyati)
budh,1,future,1,d,bhotsyāvaḥ,Grassmann Throwback + Devoicing (bhotsyati)
budh,1,future,1,pl,bhotsyāmaḥ,Grassmann Throwback + Devoicing (bhotsyati)
budh,1,future,2,sg,bhotsyasi,Grassmann Throwback + Devoicing (bhotsyati)
budh,1,future,2,d,bhotsyathaḥ,Grassmann Throwback + Devoicing (bhotsyati)
budh,1,future,2,pl,bhotsyatha,Grassmann Throwback + Devoicing (bhotsyati)
budh,1,future,3,sg,bhotsyati,Grassmann Throwback + Devoicing (bhotsyati)
budh,1,future,3,d,bhotsyataḥ,Grassmann Throwback + Devoicing (bhotsyati)
budh,1,future,3,pl,bhotsyanti,Grassmann Throwback + Devoicing (bhotsyati)
budh,1,conditional,1,sg,abhotsyam,Grassmann Throwback + Devoicing (bhotsyati)
budh,1,conditional,1,d,abhotsyāva,Grassmann Throwback + Devoicing (bhotsyati)
budh,1,conditional,1,pl,abhotsyāma,Grassmann Throwback + Devoicing (bhotsyati)
budh,1,conditional,2,sg,abhotsyaḥ,Grassmann Throwback + Devoicing (bhotsyati)
budh,1,conditional,2,d,abhotsyatam,Grassmann Throwback + Devoicing (bhotsyati)
budh,1,conditional,2,pl,abhotsyata,Grassmann Throwback + Devoicing (bhotsyati)
budh,1,conditional,3,sg,abhotsyat,Grassmann Throwback + Devoicing (bhotsyati)
budh,1,conditional,3,d,abhotsyatām,Grassmann Throwback + Devoicing (bhotsyati)
budh,1,conditional,3,pl,abhotsyan,Grassmann Throwback + Devoicing (bhotsyati)
duh,2,present,1,sg,dohmi,Grassmann Throwback + H-Sandhi + Ruki (dhokṣyati)
duh,2,present,1,d,duhvaḥ,Grassmann Throwback + H-Sandhi + Ruki (dhokṣyati)
duh,2,present,1,pl,duhmaḥ,Grassmann Throwback + H-Sandhi + Ruki (dhokṣyati)
duh,2,present,2,sg,dhokṣi,Grassmann Throwback + H-Sandhi + Ruki (dhokṣyati)
duh,2,present,2,d,dhuhthaḥ,Grassmann Throwback + H-Sandhi + Ruki (dhokṣyati)
duh,2,present,2,pl,dhuhtha,Grassmann Throwback + H-Sandhi + Ruki (dhokṣyati)
duh,2,present,3,sg,dhohti,Grassmann Throwback + H-Sandhi + Ruki (dhokṣyati)
duh,2,present,3,d,dhuhtaḥ,Grassmann Throwback + H-Sandhi + Ruki (dhokṣyati)
duh,2,present,3,pl,duhanti,Grassmann Throwback + H-Sandhi + Ruki (dhokṣyati)
duh,2,imperfect,1,sg,adoham,Grassmann Throwback + H-Sandhi + Ruki (dhokṣyati)
duh,2,imperfect,1,d,aduhva,Grassmann Throwback + H-Sandhi + Ruki (dhokṣyati)
duh,2,imperfect,1,pl,aduhma,Grassmann Throwback + H-Sandhi + Ruki (dhokṣyati)
duh,2,imperfect,2,sg,adhokḥ,Grassmann Throwback + H-Sandhi + Ruki (dhokṣyati)
duh,2,imperfect,2,d,adhuhtam,Grassmann Throwback + H-Sandhi + Ruki (dhokṣyati)
duh,2,imperfect,2,pl,adhuhta,Grassmann Throwback + H-Sandhi + Ruki (dhokṣyati)
duh,2,imperfect,3,sg,adhoht,Grassmann Throwback + H-Sandhi + Ruki (dhokṣyati)
duh,2,imperfect,3,d,adhuhtām,Grassmann Throwback + H-Sandhi + Ruki (dhokṣyati)
duh,2,imperfect,3,pl,aduhan,Grassmann Throwback + H-Sandhi + Ruki (dhokṣyati)
duh,2,imperative,1,sg,dohāni,Grassmann Throwback + H-Sandhi + Ruki (dhokṣyati)
duh,2,imperative,1,d,dohāva,Grassmann Throwback + H-Sandhi + Ruki (dhokṣyati)
duh,2,imperative,1,pl,dohāma,Grassmann Throwback + H-Sandhi + Ruki (dhokṣyati)
duh,2,imperative,2,sg,duhhi,Grassmann Throwback + H-Sandhi + Ruki (dhokṣyati)
duh,2,imperative,2,d,dhuhtam,Grassmann Throwback + H-Sandhi + Ruki (dhokṣyati)
duh,2,imperative,2,pl,dhuhta,Grassmann Throwback + H-Sandhi + Ruki (dhokṣyati)
duh,2,imperative,3,sg,dhohtu,Grassmann Throwback + H-Sandhi + Ruki (dhokṣyati)
duh,2,imperative,3,d,dhuhtām,Grassmann Throwback + H-Sandhi + Ruki (dhokṣyati)
duh,2,imperative,3,pl,duhantu,Grassmann Throwback + H-Sandhi + Ruki (dhokṣyati)
duh,2,optative,1,sg,duhyām,Grassmann Throwback + H-Sandhi + Ruki (dhokṣyati)
duh,2,optative,1,d,duhyāva,Grassmann Throwback + H-Sandhi + Ruki (dhokṣyati)
duh,2,optative,1,pl,duhyāma,Grassmann Throwback + H-Sandhi + Ruki (dhokṣyati)
duh,2,optative,2,sg,duhyāḥ,Grassmann Throwback + H-Sandhi + Ruki (dhokṣyati)
duh,2,optative,2,d,duhyātam,Grassmann Throwback + H-Sandhi + Ruki (dhokṣyati)
duh,2,optative,2,pl,duhyāta,Grassmann Throwback + H-Sandhi + Ruki (dhokṣyati)
duh,2,optative,3,sg,duhyāt,Grassmann Throwback + H-Sandhi + Ruki (dhokṣyati)
duh,2,optative,3,d,duhyātām,Grassmann Throwback + H-Sandhi + Ruki (dhokṣyati)
duh,2,optative,3,pl,duhyuḥ,Grassmann Throwback + H-Sandhi + Ruki (dhokṣyati)
duh,2,future,1,sg,dhokṣyāmi,Grassmann Throwback + H-Sandhi + Ruki (dhokṣyati)
duh,2,future,1,d,dhokṣyāvaḥ,Grassmann Throwback + H-Sandhi + Ruki (dhokṣyati)
duh,2,future,1,pl,dhokṣyāmaḥ,Grassmann Throwback + H-Sandhi + Ruki (dhokṣyati)
duh,2,future,2,sg,dhokṣyasi,Grassmann Throwback + H-Sandhi + Ruki (dhokṣyati)
duh,2,future,2,d,dhokṣyathaḥ,Grassmann Throwback + H-Sandhi + Ruki (dhokṣyati)
duh,2,future,2,pl,dhokṣyatha,Grassmann Throwback + H-Sandhi + Ruki (dhokṣyati)
duh,2,future,3,sg,dhokṣyati,Grassmann Throwback + H-Sandhi + Ruki (dhokṣyati)
duh,2,future,3,d,dhokṣyataḥ,Grassmann Throwback + H-Sandhi + Ruki (dhokṣyati)
duh,2,future,3,pl,dhokṣyanti,Grassmann Throwback + H-Sandhi + Ruki (dhokṣyati)
duh,2,conditional,1,sg,adhokṣyam,Grassmann Throwback + H-Sandhi + Ruki (dhokṣyati)
duh,2,conditional,1,d,adhukṣyāva,Grassmann Throwback + H-Sandhi + Ruki (dhokṣyati)
duh,2,conditional,1,pl,adhukṣyāma,Grassmann Throwback + H-Sandhi + Ruki (dhokṣyati)
duh,2,conditional,2,sg,adhokṣyaḥ,Grassmann Throwback + H-Sandhi + Ruki (dhokṣyati)
duh,2,conditional,2,d,adhukṣyatam,Grassmann Throwback + H-Sandhi + Ruki (dhokṣyati)
duh,2,conditional,2,pl,adhukṣyata,Grassmann Throwback + H-Sandhi + Ruki (dhokṣyati)
duh,2,conditional,3,sg,adhokṣyat,Grassmann Throwback + H-Sandhi + Ruki (dhokṣyati)
duh,2,conditional,3,d,adhukṣyatām,Grassmann Throwback + H-Sandhi + Ruki (dhokṣyati)
duh,2,conditional,3,pl,adhukṣyan,Grassmann Throwback + H-Sandhi + Ruki (dhokṣyati)
