Root,Class,Derivation,Tense,Voice,Person,Number,Expected (INRIA),Actual (FST),Error_Type
bhū,1 (primary),primary,perfect,active,2,sg,babhūtha OR babhūvitha,babhavitha,Mismatch
bhū,1 (intensive),intensive,imperative,active,3,sg,bobhavītu,bobhotu,Mismatch
ad,2 (primary),primary,imperative,active,2,sg,addhi,adhi,Mismatch
hu,3 (primary),primary,perfect,active,1,du,juhaviva,juhuviva,Mismatch
hu,3 (primary),primary,perfect,active,1,pl,juhavima OR juhuma,juhuvima,Mismatch
hu,3 (intensive),intensive,present,active,1,du,johavvaḥ,johovaḥ,Mismatch
hu,3 (intensive),intensive,present,active,1,pl,johavmaḥ,johomaḥ,Mismatch
hu,3 (intensive),intensive,present,active,2,du,johavthaḥ,johothaḥ,Mismatch
hu,3 (intensive),intensive,present,active,2,pl,johavtha,johotha,Mismatch
hu,3 (intensive),intensive,present,active,3,du,johavtaḥ,johotaḥ,Mismatch
hu,3 (intensive),intensive,imperfect,active,1,du,ajohavva,ajohova,Mismatch
hu,3 (intensive),intensive,imperfect,active,1,pl,ajohavma,ajohoma,Mismatch
hu,3 (intensive),intensive,imperfect,active,2,du,ajohavtam,ajohotam,Mismatch
hu,3 (intensive),intensive,imperfect,active,2,pl,ajohavta,ajohota,Mismatch
hu,3 (intensive),intensive,imperfect,active,3,du,ajohavtām,ajohotām,Mismatch
hu,3 (intensive),intensive,imperative,active,2,sg,johavdhi,johodhi,Mismatch
hu,3 (intensive),intensive,imperative,active,2,du,johavtam,johotam,Mismatch
hu,3 (intensive),intensive,imperative,active,2,pl,johavta,johota,Mismatch
hu,3 (intensive),intensive,imperative,active,3,du,johavtām,johotām,Mismatch
dīv,4 (primary),primary,future,active,1,sg,dīviṣyāmi,deviṣyāmi,Mismatch
dīv,4 (primary),primary,future,active,1,du,dīviṣyāvaḥ,deviṣyāvaḥ,Mismatch
dīv,4 (primary),primary,future,active,1,pl,dīviṣyāmaḥ,deviṣyāmaḥ,Mismatch
dīv,4 (primary),primary,future,active,2,sg,dīviṣyasi,deviṣyasi,Mismatch
dīv,4 (primary),primary,future,active,2,du,dīviṣyathaḥ,deviṣyathaḥ,Mismatch
dīv,4 (primary),primary,future,active,2,pl,dīviṣyatha,deviṣyatha,Mismatch
dīv,4 (primary),primary,future,active,3,sg,dīviṣyati,deviṣyati,Mismatch
dīv,4 (primary),primary,future,active,3,du,dīviṣyataḥ,deviṣyataḥ,Mismatch
dīv,4 (primary),primary,future,active,3,pl,dīviṣyanti,deviṣyanti,Mismatch
dīv,4 (primary),primary,future,middle,1,sg,dīviṣye,deviṣye,Mismatch
dīv,4 (primary),primary,future,middle,1,du,dīviṣyāvahe,deviṣyāvahe,Mismatch
dīv,4 (primary),primary,future,middle,1,pl,dīviṣyāmahe,deviṣyāmahe,Mismatch
dīv,4 (primary),primary,future,middle,2,sg,dīviṣyase,deviṣyase,Mismatch
dīv,4 (primary),primary,future,middle,2,du,dīviṣyethe,deviṣyethe,Mismatch
dīv,4 (primary),primary,future,middle,2,pl,dīviṣyadhve,deviṣyadhve,Mismatch
dīv,4 (primary),primary,future,middle,3,sg,dīviṣyate,deviṣyate,Mismatch
dīv,4 (primary),primary,future,middle,3,du,dīviṣyete,deviṣyete,Mismatch
dīv,4 (primary),primary,future,middle,3,pl,dīviṣyante,deviṣyante,Mismatch
dīv,4 (primary),primary,perfect,active,1,du,didiviva,didīviva,Mismatch
dīv,4 (primary),primary,perfect,active,1,pl,didivima,didīvima,Mismatch
dīv,4 (primary),primary,perfect,active,2,du,didivathuḥ,didīvathuḥ,Mismatch
dīv,4 (primary),primary,perfect,active,2,pl,didiva,didīva,Mismatch
dīv,4 (primary),primary,perfect,active,3,du,didivatuḥ,didīvatuḥ,Mismatch
dīv,4 (primary),primary,perfect,active,3,pl,didivuḥ,didīvuḥ,Mismatch
dīv,4 (primary),primary,perfect,middle,1,du,didivivahe,didīvivahe,Mismatch
dīv,4 (primary),primary,perfect,middle,1,pl,didivimahe,didīvimahe,Mismatch
dīv,4 (primary),primary,perfect,middle,2,sg,didiviṣe,didīviṣe,Mismatch
dīv,4 (primary),primary,perfect,middle,2,du,didivāthe,didīvāthe,Mismatch
dīv,4 (primary),primary,perfect,middle,2,pl,didividhve,didīvidhve,Mismatch
dīv,4 (primary),primary,perfect,middle,3,sg,didive,didīve,Mismatch
dīv,4 (primary),primary,perfect,middle,3,du,didivāte,didīvāte,Mismatch
dīv,4 (primary),primary,perfect,middle,3,pl,didivire,didīvire,Mismatch
dīv,4 (primary),primary,periphrastic_future,active,1,sg,dīvitāsmi,devitāsmi,Mismatch
dīv,4 (primary),primary,periphrastic_future,active,1,du,dīvitāsvaḥ,devitāsvaḥ,Mismatch
dīv,4 (primary),primary,periphrastic_future,active,1,pl,dīvitāsmaḥ,devitāsmaḥ,Mismatch
dīv,4 (primary),primary,periphrastic_future,active,2,sg,dīvitāsi,devitāsi,Mismatch
dīv,4 (primary),primary,periphrastic_future,active,2,du,dīvitāsthaḥ,devitāsthaḥ,Mismatch
dīv,4 (primary),primary,periphrastic_future,active,2,pl,dīvitāstha,devitāstha,Mismatch
dīv,4 (primary),primary,periphrastic_future,active,3,sg,dīvitā,devitā,Mismatch
dīv,4 (primary),primary,periphrastic_future,active,3,du,dīvitārau,devitārau,Mismatch
dīv,4 (primary),primary,periphrastic_future,active,3,pl,dīvitāraḥ,devitāraḥ,Mismatch
dīv,10 (causative),causative,present,active,1,sg,devayāmi,daivayāmi,Mismatch
dīv,10 (causative),causative,present,active,1,du,devayāvaḥ,daivayāvaḥ,Mismatch
dīv,10 (causative),causative,present,active,1,pl,devayāmaḥ,daivayāmaḥ,Mismatch
dīv,10 (causative),causative,present,active,2,sg,devayasi,daivayasi,Mismatch
dīv,10 (causative),causative,present,active,2,du,devayathaḥ,daivayathaḥ,Mismatch
dīv,10 (causative),causative,present,active,2,pl,devayatha,daivayatha,Mismatch
dīv,10 (causative),causative,present,active,3,sg,devayati,daivayati,Mismatch
dīv,10 (causative),causative,present,active,3,du,devayataḥ,daivayataḥ,Mismatch
dīv,10 (causative),causative,present,active,3,pl,devayanti,daivayanti,Mismatch
dīv,10 (causative),causative,present,middle,1,sg,devaye,daivaye,Mismatch
dīv,10 (causative),causative,present,middle,1,du,devayāvahe,daivayāvahe,Mismatch
dīv,10 (causative),causative,present,middle,1,pl,devayāmahe,daivayāmahe,Mismatch
dīv,10 (causative),causative,present,middle,2,sg,devayase,daivayase,Mismatch
dīv,10 (causative),causative,present,middle,2,du,devayethe,daivayethe,Mismatch
dīv,10 (causative),causative,present,middle,2,pl,devayadhve,daivayadhve,Mismatch
dīv,10 (causative),causative,present,middle,3,sg,devayate,daivayate,Mismatch
dīv,10 (causative),causative,present,middle,3,du,devayete,daivayete,Mismatch
dīv,10 (causative),causative,present,middle,3,pl,devayante,daivayante,Mismatch
dīv,10 (causative),causative,present,passive,1,sg,devye,daivye,Mismatch
dīv,10 (causative),causative,present,passive,1,du,devyāvahe,daivyāvahe,Mismatch
dīv,10 (causative),causative,present,passive,1,pl,devyāmahe,daivyāmahe,Mismatch
dīv,10 (causative),causative,present,passive,2,sg,devyase,daivyase,Mismatch
dīv,10 (causative),causative,present,passive,2,du,devyethe,daivyethe,Mismatch
dīv,10 (causative),causative,present,passive,2,pl,devyadhve,daivyadhve,Mismatch
dīv,10 (causative),causative,present,passive,3,sg,devyate,daivyate,Mismatch
dīv,10 (causative),causative,present,passive,3,du,devyete,daivyete,Mismatch
dīv,10 (causative),causative,present,passive,3,pl,devyante,daivyante,Mismatch
dīv,10 (causative),causative,imperfect,active,1,sg,adevayam,adaivayam,Mismatch
dīv,10 (causative),causative,imperfect,active,1,du,adevayāva,adaivayāva,Mismatch
dīv,10 (causative),causative,imperfect,active,1,pl,adevayāma,adaivayāma,Mismatch
dīv,10 (causative),causative,imperfect,active,2,sg,adevayaḥ,adaivayaḥ,Mismatch
dīv,10 (causative),causative,imperfect,active,2,du,adevayatam,adaivayatam,Mismatch
dīv,10 (causative),causative,imperfect,active,3,sg,adevayat,adaivayat,Mismatch
dīv,10 (causative),causative,imperfect,active,3,du,adevayatām,adaivayatām,Mismatch
dīv,10 (causative),causative,imperfect,active,3,pl,adevayan,adaivayan,Mismatch
dīv,10 (causative),causative,imperfect,middle,1,sg,adevaye,adaivaye,Mismatch
dīv,10 (causative),causative,imperfect,middle,1,du,adevayāvahi,adaivayāvahi,Mismatch
dīv,10 (causative),causative,imperfect,middle,1,pl,adevayāmahi,adaivayāmahi,Mismatch
dīv,10 (causative),causative,imperfect,middle,2,sg,adevayathāḥ,adaivayathāḥ,Mismatch
dīv,10 (causative),causative,imperfect,middle,2,du,adevayethām,adaivayethām,Mismatch
dīv,10 (causative),causative,imperfect,middle,2,pl,adevayadhvam,adaivayadhvam,Mismatch
dīv,10 (causative),causative,imperfect,middle,3,sg,adevayata,adaivayata,Mismatch
dīv,10 (causative),causative,imperfect,middle,3,du,adevayetām,adaivayetām,Mismatch
dīv,10 (causative),causative,imperfect,middle,3,pl,adevayanta,adaivayanta,Mismatch
dīv,10 (causative),causative,imperfect,passive,1,sg,adevye,adaivye,Mismatch
dīv,10 (causative),causative,imperfect,passive,1,du,adevyāvahi,adaivyāvahi,Mismatch
dīv,10 (causative),causative,imperfect,passive,1,pl,adevyāmahi,adaivyāmahi,Mismatch
dīv,10 (causative),causative,imperfect,passive,2,sg,adevyathāḥ,adaivyathāḥ,Mismatch
dīv,10 (causative),causative,imperfect,passive,2,du,adevyethām,adaivyethām,Mismatch
dīv,10 (causative),causative,imperfect,passive,2,pl,adevyadhvam,adaivyadhvam,Mismatch
dīv,10 (causative),causative,imperfect,passive,3,sg,adevyata,adaivyata,Mismatch
dīv,10 (causative),causative,imperfect,passive,3,du,adevyetām,adaivyetām,Mismatch
dīv,10 (causative),causative,imperfect,passive,3,pl,adevyanta,adaivyanta,Mismatch
dīv,10 (causative),causative,imperative,active,1,sg,devayāni,daivayāni,Mismatch
dīv,10 (causative),causative,imperative,active,1,du,devayāva,daivayāva,Mismatch
dīv,10 (causative),causative,imperative,active,1,pl,devayāma,daivayāma,Mismatch
dīv,10 (causative),causative,imperative,active,2,sg,devaya,daivaya,Mismatch
dīv,10 (causative),causative,imperative,active,2,du,devayatam,daivayatam,Mismatch
dīv,10 (causative),causative,imperative,active,2,pl,devayata,daivayata,Mismatch
dīv,10 (causative),causative,imperative,active,3,sg,devayatu,daivayatu,Mismatch
dīv,10 (causative),causative,imperative,active,3,pl,devayantu,daivayantu,Mismatch
dīv,10 (causative),causative,imperative,middle,1,sg,devayai,daivayai,Mismatch
dīv,10 (causative),causative,imperative,middle,1,du,devayāvahai,daivayāvahai,Mismatch
dīv,10 (causative),causative,imperative,middle,1,pl,devayāmahai,daivayāmahai,Mismatch
dīv,10 (causative),causative,imperative,middle,2,sg,devayasva,daivayasva,Mismatch
dīv,10 (causative),causative,imperative,middle,2,du,devayethām,daivayethām,Mismatch
dīv,10 (causative),causative,imperative,middle,2,pl,devayadhvam,daivayadhvam,Mismatch
dīv,10 (causative),causative,imperative,middle,3,sg,devayatām,daivayatām,Mismatch
dīv,10 (causative),causative,imperative,middle,3,du,devayetām,daivayetām,Mismatch
dīv,10 (causative),causative,imperative,middle,3,pl,devayantām,daivayantām,Mismatch
dīv,10 (causative),causative,imperative,passive,1,sg,devyai,daivyai,Mismatch
dīv,10 (causative),causative,imperative,passive,1,du,devyāvahai,daivyāvahai,Mismatch
dīv,10 (causative),causative,imperative,passive,1,pl,devyāmahai,daivyāmahai,Mismatch
dīv,10 (causative),causative,imperative,passive,2,sg,devyasva,daivyasva,Mismatch
dīv,10 (causative),causative,imperative,passive,2,du,devyethām,daivyethām,Mismatch
dīv,10 (causative),causative,imperative,passive,2,pl,devyadhvam,daivyadhvam,Mismatch
dīv,10 (causative),causative,imperative,passive,3,sg,devyatām,daivyatām,Mismatch
dīv,10 (causative),causative,imperative,passive,3,du,devyetām,daivyetām,Mismatch
dīv,10 (causative),causative,imperative,passive,3,pl,devyantām,daivyantām,Mismatch
dīv,10 (causative),causative,optative,active,1,sg,devayeyam,daivayeyam,Mismatch
dīv,10 (causative),causative,optative,active,1,du,devayeva,daivayeva,Mismatch
dīv,10 (causative),causative,optative,active,1,pl,devayema,daivayema,Mismatch
dīv,10 (causative),causative,optative,active,2,sg,devayeḥ,daivayeḥ,Mismatch
dīv,10 (causative),causative,optative,active,2,du,devayetam,daivayetam,Mismatch
dīv,10 (causative),causative,optative,active,3,sg,devayet,daivayet,Mismatch
dīv,10 (causative),causative,optative,active,3,pl,devayeyuḥ,daivayeyuḥ,Mismatch
dīv,10 (causative),causative,optative,middle,1,sg,devayeya,daivayeya,Mismatch
dīv,10 (causative),causative,optative,middle,1,du,devayevahi,daivayevahi,Mismatch
dīv,10 (causative),causative,optative,middle,1,pl,devayemahi,daivayemahi,Mismatch
dīv,10 (causative),causative,optative,middle,2,sg,devayethāḥ,daivayethāḥ,Mismatch
dīv,10 (causative),causative,optative,middle,2,du,devayeyāthām,daivayeyāthām,Mismatch
dīv,10 (causative),causative,optative,middle,2,pl,devayedhvam,daivayedhvam,Mismatch
dīv,10 (causative),causative,optative,middle,3,sg,devayeta,daivayeta,Mismatch
dīv,10 (causative),causative,optative,middle,3,du,devayeyātām,daivayeyātām,Mismatch
dīv,10 (causative),causative,optative,middle,3,pl,devayeran,daivayeran,Mismatch
dīv,10 (causative),causative,optative,passive,1,sg,devyeya,daivyeya,Mismatch
dīv,10 (causative),causative,optative,passive,1,du,devyevahi,daivyevahi,Mismatch
dīv,10 (causative),causative,optative,passive,1,pl,devyemahi,daivyemahi,Mismatch
dīv,10 (causative),causative,optative,passive,2,sg,devyethāḥ,daivyethāḥ,Mismatch
dīv,10 (causative),causative,optative,passive,2,du,devyeyāthām,daivyeyāthām,Mismatch
dīv,10 (causative),causative,optative,passive,2,pl,devyedhvam,daivyedhvam,Mismatch
dīv,10 (causative),causative,optative,passive,3,sg,devyeta,daivyeta,Mismatch
dīv,10 (causative),causative,optative,passive,3,du,devyeyātām,daivyeyātām,Mismatch
dīv,10 (causative),causative,optative,passive,3,pl,devyeran,daivyeran,Mismatch
dīv,10 (causative),causative,future,active,1,sg,devayiṣyāmi,daivayiṣyāmi,Mismatch
dīv,10 (causative),causative,future,active,1,du,devayiṣyāvaḥ,daivayiṣyāvaḥ,Mismatch
dīv,10 (causative),causative,future,active,1,pl,devayiṣyāmaḥ,daivayiṣyāmaḥ,Mismatch
dīv,10 (causative),causative,future,active,2,sg,devayiṣyasi,daivayiṣyasi,Mismatch
dīv,10 (causative),causative,future,active,2,du,devayiṣyathaḥ,daivayiṣyathaḥ,Mismatch
dīv,10 (causative),causative,future,active,2,pl,devayiṣyatha,daivayiṣyatha,Mismatch
dīv,10 (causative),causative,future,active,3,sg,devayiṣyati,daivayiṣyati,Mismatch
dīv,10 (causative),causative,future,active,3,du,devayiṣyataḥ,daivayiṣyataḥ,Mismatch
dīv,10 (causative),causative,future,active,3,pl,devayiṣyanti,daivayiṣyanti,Mismatch
dīv,10 (causative),causative,future,middle,1,sg,devayiṣye,daivayiṣye,Mismatch
dīv,10 (causative),causative,future,middle,1,du,devayiṣyāvahe,daivayiṣyāvahe,Mismatch
dīv,10 (causative),causative,future,middle,1,pl,devayiṣyāmahe,daivayiṣyāmahe,Mismatch
dīv,10 (causative),causative,future,middle,2,sg,devayiṣyase,daivayiṣyase,Mismatch
dīv,10 (causative),causative,future,middle,2,du,devayiṣyethe,daivayiṣyethe,Mismatch
dīv,10 (causative),causative,future,middle,2,pl,devayiṣyadhve,daivayiṣyadhve,Mismatch
dīv,10 (causative),causative,future,middle,3,sg,devayiṣyate,daivayiṣyate,Mismatch
dīv,10 (causative),causative,future,middle,3,du,devayiṣyete,daivayiṣyete,Mismatch
dīv,10 (causative),causative,future,middle,3,pl,devayiṣyante,daivayiṣyante,Mismatch
dīv,10 (causative),causative,periphrastic_future,active,1,sg,devayitāsmi,daivayitāsmi,Mismatch
dīv,10 (causative),causative,periphrastic_future,active,1,du,devayitāsvaḥ,daivayitāsvaḥ,Mismatch
dīv,10 (causative),causative,periphrastic_future,active,1,pl,devayitāsmaḥ,daivayitāsmaḥ,Mismatch
dīv,10 (causative),causative,periphrastic_future,active,2,sg,devayitāsi,daivayitāsi,Mismatch
dīv,10 (causative),causative,periphrastic_future,active,2,du,devayitāsthaḥ,daivayitāsthaḥ,Mismatch
dīv,10 (causative),causative,periphrastic_future,active,2,pl,devayitāstha,daivayitāstha,Mismatch
dīv,10 (causative),causative,periphrastic_future,active,3,sg,devayitā,daivayitā,Mismatch
dīv,10 (causative),causative,periphrastic_future,active,3,du,devayitārau,daivayitārau,Mismatch
dīv,10 (causative),causative,periphrastic_future,active,3,pl,devayitāraḥ,daivayitāraḥ,Mismatch
dīv,1 (desiderative),desiderative,present,active,1,sg,dideviṣāmi OR dudyūṣāmi,didīviṣāmi,Mismatch
dīv,1 (desiderative),desiderative,present,active,1,du,dideviṣāvaḥ OR dudyūṣāvaḥ,didīviṣāvaḥ,Mismatch
dīv,1 (desiderative),desiderative,present,active,1,pl,dideviṣāmaḥ OR dudyūṣāmaḥ,didīviṣāmaḥ,Mismatch
dīv,1 (desiderative),desiderative,present,active,2,sg,dideviṣasi OR dudyūṣasi,didīviṣasi,Mismatch
dīv,1 (desiderative),desiderative,present,active,2,du,dideviṣathaḥ OR dudyūṣathaḥ,didīviṣathaḥ,Mismatch
dīv,1 (desiderative),desiderative,present,active,2,pl,dideviṣatha OR dudyūṣatha,didīviṣatha,Mismatch
dīv,1 (desiderative),desiderative,present,active,3,sg,dideviṣati OR dudyūṣati,didīviṣati,Mismatch
dīv,1 (desiderative),desiderative,present,active,3,du,dideviṣataḥ OR dudyūṣataḥ,didīviṣataḥ,Mismatch
dīv,1 (desiderative),desiderative,present,active,3,pl,dideviṣanti OR dudyūṣanti,didīviṣanti,Mismatch
dīv,1 (desiderative),desiderative,present,passive,1,sg,dideviṣye OR dudyūṣye,didīviṣye,Mismatch
dīv,1 (desiderative),desiderative,present,passive,1,du,dideviṣyāvahe OR dudyūṣyāvahe,didīviṣyāvahe,Mismatch
dīv,1 (desiderative),desiderative,present,passive,1,pl,dideviṣyāmahe OR dudyūṣyāmahe,didīviṣyāmahe,Mismatch
dīv,1 (desiderative),desiderative,present,passive,2,sg,dideviṣyase OR dudyūṣyase,didīviṣyase,Mismatch
dīv,1 (desiderative),desiderative,present,passive,2,du,dideviṣyethe OR dudyūṣyethe,didīviṣyethe,Mismatch
dīv,1 (desiderative),desiderative,present,passive,2,pl,dideviṣyadhve OR dudyūṣyadhve,didīviṣyadhve,Mismatch
dīv,1 (desiderative),desiderative,present,passive,3,sg,dideviṣyate OR dudyūṣyate,didīviṣyate,Mismatch
dīv,1 (desiderative),desiderative,present,passive,3,du,dideviṣyete OR dudyūṣyete,didīviṣyete,Mismatch
dīv,1 (desiderative),desiderative,present,passive,3,pl,dideviṣyante OR dudyūṣyante,didīviṣyante,Mismatch
dīv,1 (desiderative),desiderative,imperfect,active,1,sg,adideviṣam OR adudyūṣam,adidīviṣam,Mismatch
dīv,1 (desiderative),desiderative,imperfect,active,1,du,adideviṣāva OR adudyūṣāva,adidīviṣāva,Mismatch
dīv,1 (desiderative),desiderative,imperfect,active,1,pl,adideviṣāma OR adudyūṣāma,adidīviṣāma,Mismatch
dīv,1 (desiderative),desiderative,imperfect,active,2,sg,adideviṣaḥ OR adudyūṣaḥ,adidīviṣaḥ,Mismatch
dīv,1 (desiderative),desiderative,imperfect,active,2,du,adideviṣatam OR adudyūṣatam,adidīviṣatam,Mismatch
dīv,1 (desiderative),desiderative,imperfect,active,2,pl,adideviṣata OR adudyūṣata,adidīviṣata,Mismatch
dīv,1 (desiderative),desiderative,imperfect,active,3,sg,adideviṣat OR adudyūṣat,adidīviṣat,Mismatch
dīv,1 (desiderative),desiderative,imperfect,active,3,du,adideviṣatām OR adudyūṣatām,adidīviṣatām,Mismatch
dīv,1 (desiderative),desiderative,imperfect,active,3,pl,adideviṣan OR adudyūṣan,adidīviṣan,Mismatch
dīv,1 (desiderative),desiderative,imperfect,passive,1,sg,adideviṣye OR adudyūṣye,adidīviṣye,Mismatch
dīv,1 (desiderative),desiderative,imperfect,passive,1,du,adideviṣyāvahi OR adudyūṣyāvahi,adidīviṣyāvahi,Mismatch
dīv,1 (desiderative),desiderative,imperfect,passive,1,pl,adideviṣyāmahi OR adudyūṣyāmahi,adidīviṣyāmahi,Mismatch
dīv,1 (desiderative),desiderative,imperfect,passive,2,sg,adideviṣyathāḥ OR adudyūṣyathāḥ,adidīviṣyathāḥ,Mismatch
dīv,1 (desiderative),desiderative,imperfect,passive,2,du,adideviṣyethām OR adudyūṣyethām,adidīviṣyethām,Mismatch
dīv,1 (desiderative),desiderative,imperfect,passive,2,pl,adideviṣyadhvam OR adudyūṣyadhvam,adidīviṣyadhvam,Mismatch
dīv,1 (desiderative),desiderative,imperfect,passive,3,sg,adideviṣyata OR adudyūṣyata,adidīviṣyata,Mismatch
dīv,1 (desiderative),desiderative,imperfect,passive,3,du,adideviṣyetām OR adudyūṣyetām,adidīviṣyetām,Mismatch
dīv,1 (desiderative),desiderative,imperfect,passive,3,pl,adideviṣyanta OR adudyūṣyanta,adidīviṣyanta,Mismatch
dīv,1 (desiderative),desiderative,imperative,active,1,sg,dideviṣāṇi OR dudyūṣāṇi,didīviṣāṇi,Mismatch
dīv,1 (desiderative),desiderative,imperative,active,1,du,dideviṣāva OR dudyūṣāva,didīviṣāva,Mismatch
dīv,1 (desiderative),desiderative,imperative,active,1,pl,dideviṣāma OR dudyūṣāma,didīviṣāma,Mismatch
dīv,1 (desiderative),desiderative,imperative,active,2,sg,dideviṣa OR dudyūṣa,didīviṣa,Mismatch
dīv,1 (desiderative),desiderative,imperative,active,2,du,dideviṣatam OR dudyūṣatam,didīviṣatam,Mismatch
dīv,1 (desiderative),desiderative,imperative,active,2,pl,dideviṣata OR dudyūṣata,didīviṣata,Mismatch
dīv,1 (desiderative),desiderative,imperative,active,3,sg,dideviṣatu OR dudyūṣatu,didīviṣatu,Mismatch
dīv,1 (desiderative),desiderative,imperative,active,3,du,dideviṣatām OR dudyūṣatām,didīviṣatām,Mismatch
dīv,1 (desiderative),desiderative,imperative,active,3,pl,dideviṣantu OR dudyūṣantu,didīviṣantu,Mismatch
dīv,1 (desiderative),desiderative,imperative,passive,1,sg,dideviṣyai OR dudyūṣyai,didīviṣyai,Mismatch
dīv,1 (desiderative),desiderative,imperative,passive,1,du,dideviṣyāvahai OR dudyūṣyāvahai,didīviṣyāvahai,Mismatch
dīv,1 (desiderative),desiderative,imperative,passive,1,pl,dideviṣyāmahai OR dudyūṣyāmahai,didīviṣyāmahai,Mismatch
dīv,1 (desiderative),desiderative,imperative,passive,2,sg,dideviṣyasva OR dudyūṣyasva,didīviṣyasva,Mismatch
dīv,1 (desiderative),desiderative,imperative,passive,2,du,dideviṣyethām OR dudyūṣyethām,didīviṣyethām,Mismatch
dīv,1 (desiderative),desiderative,imperative,passive,2,pl,dideviṣyadhvam OR dudyūṣyadhvam,didīviṣyadhvam,Mismatch
dīv,1 (desiderative),desiderative,imperative,passive,3,sg,dideviṣyatām OR dudyūṣyatām,didīviṣyatām,Mismatch
dīv,1 (desiderative),desiderative,imperative,passive,3,du,dideviṣyetām OR dudyūṣyetām,didīviṣyetām,Mismatch
dīv,1 (desiderative),desiderative,imperative,passive,3,pl,dideviṣyantām OR dudyūṣyantām,didīviṣyantām,Mismatch
dīv,1 (desiderative),desiderative,optative,active,1,sg,dideviṣeyam OR dudyūṣeyam,didīviṣeyam,Mismatch
dīv,1 (desiderative),desiderative,optative,active,1,du,dideviṣeva OR dudyūṣeva,didīviṣeva,Mismatch
dīv,1 (desiderative),desiderative,optative,active,1,pl,dideviṣema OR dudyūṣema,didīviṣema,Mismatch
dīv,1 (desiderative),desiderative,optative,active,2,sg,dideviṣeḥ OR dudyūṣeḥ,didīviṣeḥ,Mismatch
dīv,1 (desiderative),desiderative,optative,active,2,du,dideviṣetam OR dudyūṣetam,didīviṣetam,Mismatch
dīv,1 (desiderative),desiderative,optative,active,2,pl,dideviṣeta OR dudyūṣeta,didīviṣeta,Mismatch
dīv,1 (desiderative),desiderative,optative,active,3,sg,dideviṣet OR dudyūṣet,didīviṣet,Mismatch
dīv,1 (desiderative),desiderative,optative,active,3,du,dideviṣetām OR dudyūṣetām,didīviṣetām,Mismatch
dīv,1 (desiderative),desiderative,optative,active,3,pl,dideviṣeyuḥ OR dudyūṣeyuḥ,didīviṣeyuḥ,Mismatch
dīv,1 (desiderative),desiderative,optative,passive,1,sg,dideviṣyeya OR dudyūṣyeya,didīviṣyeya,Mismatch
dīv,1 (desiderative),desiderative,optative,passive,1,du,dideviṣyevahi OR dudyūṣyevahi,didīviṣyevahi,Mismatch
dīv,1 (desiderative),desiderative,optative,passive,1,pl,dideviṣyemahi OR dudyūṣyemahi,didīviṣyemahi,Mismatch
dīv,1 (desiderative),desiderative,optative,passive,2,sg,dideviṣyethāḥ OR dudyūṣyethāḥ,didīviṣyethāḥ,Mismatch
dīv,1 (desiderative),desiderative,optative,passive,2,du,dideviṣyeyāthām OR dudyūṣyeyāthām,didīviṣyeyāthām,Mismatch
dīv,1 (desiderative),desiderative,optative,passive,2,pl,dideviṣyedhvam OR dudyūṣyedhvam,didīviṣyedhvam,Mismatch
dīv,1 (desiderative),desiderative,optative,passive,3,sg,dideviṣyeta OR dudyūṣyeta,didīviṣyeta,Mismatch
dīv,1 (desiderative),desiderative,optative,passive,3,du,dideviṣyeyātām OR dudyūṣyeyātām,didīviṣyeyātām,Mismatch
dīv,1 (desiderative),desiderative,optative,passive,3,pl,dideviṣyeran OR dudyūṣyeran,didīviṣyeran,Mismatch
dīv,1 (desiderative),desiderative,future,active,1,sg,dideviṣiṣyāmi OR dudyūṣiṣyāmi,didīviṣiṣyāmi,Mismatch
dīv,1 (desiderative),desiderative,future,active,1,du,dideviṣiṣyāvaḥ OR dudyūṣiṣyāvaḥ,didīviṣiṣyāvaḥ,Mismatch
dīv,1 (desiderative),desiderative,future,active,1,pl,dideviṣiṣyāmaḥ OR dudyūṣiṣyāmaḥ,didīviṣiṣyāmaḥ,Mismatch
dīv,1 (desiderative),desiderative,future,active,2,sg,dideviṣiṣyasi OR dudyūṣiṣyasi,didīviṣiṣyasi,Mismatch
dīv,1 (desiderative),desiderative,future,active,2,du,dideviṣiṣyathaḥ OR dudyūṣiṣyathaḥ,didīviṣiṣyathaḥ,Mismatch
dīv,1 (desiderative),desiderative,future,active,2,pl,dideviṣiṣyatha OR dudyūṣiṣyatha,didīviṣiṣyatha,Mismatch
dīv,1 (desiderative),desiderative,future,active,3,sg,dideviṣiṣyati OR dudyūṣiṣyati,didīviṣiṣyati,Mismatch
dīv,1 (desiderative),desiderative,future,active,3,du,dideviṣiṣyataḥ OR dudyūṣiṣyataḥ,didīviṣiṣyataḥ,Mismatch
dīv,1 (desiderative),desiderative,future,active,3,pl,dideviṣiṣyanti OR dudyūṣiṣyanti,didīviṣiṣyanti,Mismatch
dīv,1 (desiderative),desiderative,periphrastic_future,active,1,sg,dideviṣitāsmi OR dudyūṣitāsmi,didīviṣitāsmi,Mismatch
dīv,1 (desiderative),desiderative,periphrastic_future,active,1,du,dideviṣitāsvaḥ OR dudyūṣitāsvaḥ,didīviṣitāsvaḥ,Mismatch
dīv,1 (desiderative),desiderative,periphrastic_future,active,1,pl,dideviṣitāsmaḥ OR dudyūṣitāsmaḥ,didīviṣitāsmaḥ,Mismatch
dīv,1 (desiderative),desiderative,periphrastic_future,active,2,sg,dideviṣitāsi OR dudyūṣitāsi,didīviṣitāsi,Mismatch
dīv,1 (desiderative),desiderative,periphrastic_future,active,2,du,dideviṣitāsthaḥ OR dudyūṣitāsthaḥ,didīviṣitāsthaḥ,Mismatch
dīv,1 (desiderative),desiderative,periphrastic_future,active,2,pl,dideviṣitāstha OR dudyūṣitāstha,didīviṣitāstha,Mismatch
dīv,1 (desiderative),desiderative,periphrastic_future,active,3,sg,dideviṣitā OR dudyūṣitā,didīviṣitā,Mismatch
dīv,1 (desiderative),desiderative,periphrastic_future,active,3,du,dideviṣitārau OR dudyūṣitārau,didīviṣitārau,Mismatch
dīv,1 (desiderative),desiderative,periphrastic_future,active,3,pl,dideviṣitāraḥ OR dudyūṣitāraḥ,didīviṣitāraḥ,Mismatch
su,5 (primary),primary,imperative,active,2,sg,sunu,sunuhi,Mismatch
su,5 (primary),primary,perfect,active,1,du,suṣaviva,suṣuviva,Mismatch
su,5 (primary),primary,perfect,active,1,pl,suṣavima OR suṣuma,suṣuvima,Mismatch
tud,6 (primary),primary,aorist,active,1,sg,atautsam,atudam,Mismatch
tud,6 (primary),primary,aorist,active,1,du,atautsva,atudāva,Mismatch
tud,6 (primary),primary,aorist,active,1,pl,atautsma,atudāma,Mismatch
tud,6 (primary),primary,aorist,active,2,sg,atautsīḥ,atudaḥ,Mismatch
tud,6 (primary),primary,aorist,active,2,du,atauttam,atudatam,Mismatch
tud,6 (primary),primary,aorist,active,2,pl,atautta,atudata,Mismatch
tud,6 (primary),primary,aorist,active,3,sg,atautsīt,atudat,Mismatch
tud,6 (primary),primary,aorist,active,3,du,atauttām,atudatām,Mismatch
tud,6 (primary),primary,aorist,active,3,pl,atautsuḥ,atudan,Mismatch
tud,6 (primary),primary,aorist,middle,1,sg,atutsi,atude,Mismatch
tud,6 (primary),primary,aorist,middle,1,du,atutsvahi,atudāvahi,Mismatch
tud,6 (primary),primary,aorist,middle,1,pl,atutsmahi,atudāmahi,Mismatch
tud,6 (primary),primary,aorist,middle,2,sg,atutthāḥ,atudathāḥ,Mismatch
tud,6 (primary),primary,aorist,middle,2,du,atutsāthām,atudethām,Mismatch
tud,6 (primary),primary,aorist,middle,2,pl,atuddhvam,atudadhvam,Mismatch
tud,6 (primary),primary,aorist,middle,3,sg,atutta,atudata,Mismatch
tud,6 (primary),primary,aorist,middle,3,du,atutsātām,atudetām,Mismatch
tud,6 (primary),primary,aorist,middle,3,pl,atutsata,atudanta,Mismatch
yuj,7 (primary),primary,present,middle,2,pl,yuṅgdhve,yuñjdhve,Mismatch
yuj,7 (primary),primary,imperfect,active,2,sg,ayujyaḥ,ayunakḥ,Mismatch
yuj,7 (primary),primary,imperfect,active,3,sg,ayujyat OR ayunak,ayunakt,Mismatch
yuj,7 (primary),primary,imperfect,middle,2,pl,ayuṅgdhvam,ayuñjdhvam,Mismatch
yuj,7 (primary),primary,imperative,active,2,sg,yuṅgdhi OR yujya,yuñjhi,Mismatch
yuj,7 (primary),primary,imperative,middle,2,pl,yuṅgdhvam,yuñjdhvam,Mismatch
yuj,7 (primary),primary,aorist,active,1,du,ayujāva OR ayokṣva OR ayaukṣva,ayujva,Mismatch
yuj,7 (primary),primary,aorist,active,1,pl,ayujāma OR ayokṣma OR ayaukṣma,ayujma,Mismatch
yuj,7 (primary),primary,aorist,active,2,sg,ayujaḥ OR ayokṣīḥ OR ayaukṣīḥ,ayukḥ,Mismatch
yuj,7 (primary),primary,aorist,active,2,du,ayujatam OR ayoktam OR ayauktam,ayuktam,Mismatch
yuj,7 (primary),primary,aorist,active,2,pl,ayokta OR ayaukta,ayukta,Mismatch
yuj,7 (primary),primary,aorist,active,3,sg,ayujat OR ayokṣīt OR ayaukṣīt,ayukt,Mismatch
yuj,7 (primary),primary,aorist,active,3,du,ayujatām OR ayoktām OR ayauktām,ayuktām,Mismatch
yuj,7 (primary),primary,aorist,middle,1,sg,ayukṣi OR ayuje,ayuji,Mismatch
yuj,7 (primary),primary,aorist,middle,1,du,ayukṣvahi OR ayujāvahi,ayujvahi,Mismatch
yuj,7 (primary),primary,aorist,middle,1,pl,ayukṣmahi OR ayujāmahi,ayujmahi,Mismatch
yuj,7 (primary),primary,aorist,middle,2,du,ayukṣāthām OR ayujethām,ayujāthām,Mismatch
yuj,7 (primary),primary,aorist,middle,2,pl,ayugdhvam OR ayujadhvam,ayujdhvam,Mismatch
yuj,7 (primary),primary,aorist,middle,3,du,ayukṣātām OR ayujetām,ayujātām,Mismatch
yuj,7 (primary),primary,aorist,middle,3,pl,ayukṣata OR ayujanta,ayujata,Mismatch
yuj,7 (primary),primary,aorist,passive,3,sg,ayoji,ayauji,Mismatch
tan,8 (primary),primary,imperative,active,2,sg,tanu OR tanya,tanuhi,Mismatch
tan,8 (primary),primary,perfect,active,2,sg,tatantha OR tenitha,tatanitha,Mismatch
tan,8 (primary),primary,perfect,active,3,sg,tatāna,tatana,Mismatch
tan,8 (primary),primary,aorist,active,1,sg,atanam OR ataniṣam,atāniṣam,Mismatch
tan,8 (primary),primary,aorist,active,1,du,ataniṣva OR atanva,atāniṣva,Mismatch
tan,8 (primary),primary,aorist,active,1,pl,ataniṣma OR atanma,atāniṣma,Mismatch
tan,8 (primary),primary,aorist,active,2,sg,atanīḥ,atāniṣīḥ,Mismatch
tan,8 (primary),primary,aorist,active,2,du,ataniṣṭam OR atantam,atāniṣṭam,Mismatch
tan,8 (primary),primary,aorist,active,3,sg,atan OR atanīt,atāniṣīt,Mismatch
tan,8 (primary),primary,aorist,active,3,du,ataniṣṭām OR atantām,atāniṣṭām,Mismatch
tan,8 (primary),primary,aorist,active,3,pl,atanan OR ataniṣuḥ,atāniṣuḥ,Mismatch
tan,8 (primary),primary,aorist,middle,2,pl,atanidhvam OR atandhvam,ataniḍhvam,Mismatch
tan,8 (primary),primary,aorist,passive,3,sg,atāyi,atāni,Mismatch
krī,9 (primary),primary,perfect,active,1,du,cikrayiva OR cikriyiva,cikryiva,Mismatch
krī,9 (primary),primary,perfect,active,1,pl,cikrayima OR cikriyima,cikryima,Mismatch
krī,9 (primary),primary,perfect,active,2,du,cikriyathuḥ,cikryathuḥ,Mismatch
krī,9 (primary),primary,perfect,active,2,pl,cikriya,cikrya,Mismatch
krī,9 (primary),primary,perfect,active,3,sg,cikrāya,cikraya,Mismatch
krī,9 (primary),primary,perfect,active,3,du,cikriyatuḥ,cikryatuḥ,Mismatch
krī,9 (primary),primary,perfect,active,3,pl,cikriyuḥ,cikryuḥ,Mismatch
krī,9 (primary),primary,perfect,middle,1,du,cikriyivahe,cikryivahe,Mismatch
krī,9 (primary),primary,perfect,middle,1,pl,cikriyimahe,cikryimahe,Mismatch
krī,9 (primary),primary,perfect,middle,2,sg,cikriyiṣe,cikryiṣe,Mismatch
krī,9 (primary),primary,perfect,middle,2,du,cikriyāthe,cikryāthe,Mismatch
krī,9 (primary),primary,perfect,middle,2,pl,cikriyidhve,cikryidhve,Mismatch
krī,9 (primary),primary,perfect,middle,3,sg,cikriye,cikrye,Mismatch
krī,9 (primary),primary,perfect,middle,3,du,cikriyāte,cikryāte,Mismatch
krī,9 (primary),primary,perfect,middle,3,pl,cikriyire,cikryire,Mismatch
cur,10 (primary),primary,aorist,active,1,sg,acūcuram,acoriṣiṣam,Mismatch
cur,10 (primary),primary,aorist,active,1,du,acūcurāva,acoriṣiṣva,Mismatch
cur,10 (primary),primary,aorist,active,1,pl,acūcurāma,acoriṣiṣma,Mismatch
cur,10 (primary),primary,aorist,active,2,sg,acūcuraḥ,acoriṣīḥ,Mismatch
cur,10 (primary),primary,aorist,active,2,du,acūcuratam,acoriṣiṣṭam,Mismatch
cur,10 (primary),primary,aorist,active,2,pl,acūcurata,acoriṣiṣṭa,Mismatch
cur,10 (primary),primary,aorist,active,3,sg,acūcurat,acoriṣīt,Mismatch
cur,10 (primary),primary,aorist,active,3,du,acūcuratām,acoriṣiṣṭām,Mismatch
cur,10 (primary),primary,aorist,active,3,pl,acūcuran,acoriṣiṣuḥ,Mismatch
kṛ,8 (primary),primary,imperative,active,2,sg,kuru OR kṛṇu OR kṛdhi,kuruhi,Mismatch
kṛ,8 (primary),primary,perfect,active,2,sg,cakartha,cakaritha,Mismatch
kṛ,8 (primary),primary,perfect,active,2,du,cakrathuḥ,cakṛvathuḥ,Mismatch
kṛ,8 (primary),primary,perfect,active,3,sg,cakāra,cakara,Mismatch
kṛ,8 (primary),primary,perfect,active,3,pl,cakruḥ,cakuruḥ,Mismatch
kṛ,8 (primary),primary,perfect,middle,2,sg,cakṛṣe,cakriṣe,Mismatch
kṛ,8 (primary),primary,perfect,middle,2,pl,cakṛdhve,cakridhve,Mismatch
kṛ,8 (intensive),intensive,imperfect,active,2,sg,acarīkarīḥ OR acarkarīḥ,acarkarḥ,Mismatch
kṛ,8 (intensive),intensive,imperfect,active,3,sg,acarīkaḥ OR acarīkarīt OR acarkaḥ OR acarkarīt,acarkart,Mismatch
kṛ,8 (intensive),intensive,imperative,active,2,sg,carīkardhi OR carkardhi,carkarhi,Mismatch
budh,1 (primary),primary,aorist,active,1,sg,abodhiṣam,abodhiṣiṣam,Mismatch
budh,1 (primary),primary,aorist,active,1,du,abodhiṣva,abodhiṣiṣva,Mismatch
budh,1 (primary),primary,aorist,active,1,pl,abodhiṣma,abodhiṣiṣma,Mismatch
budh,1 (primary),primary,aorist,active,2,sg,abodhīḥ,abodhiṣīḥ,Mismatch
budh,1 (primary),primary,aorist,active,2,du,abodhiṣṭam,abodhiṣiṣṭam,Mismatch
budh,1 (primary),primary,aorist,active,3,sg,abodhīt,abodhiṣīt,Mismatch
budh,1 (primary),primary,aorist,active,3,du,abodhiṣṭām,abodhiṣiṣṭām,Mismatch
budh,1 (primary),primary,aorist,active,3,pl,abodhiṣuḥ,abodhiṣiṣuḥ,Mismatch
budh,1 (primary),primary,aorist,middle,1,sg,abodhiṣi,abudhi,Mismatch
budh,1 (primary),primary,aorist,middle,1,du,abodhiṣvahi,abudhvahi,Mismatch
budh,1 (primary),primary,aorist,middle,1,pl,abodhiṣmahi,abudhmahi,Mismatch
budh,1 (primary),primary,aorist,middle,2,sg,abodhiṣṭhāḥ,abudgdhāḥ,Mismatch
budh,1 (primary),primary,aorist,middle,2,du,abodhiṣāthām,abudhāthām,Mismatch
budh,1 (primary),primary,aorist,middle,2,pl,abodhidhvam,abudgdhvam,Mismatch
budh,1 (primary),primary,aorist,middle,3,sg,abodhiṣṭa,abudgdha,Mismatch
budh,1 (primary),primary,aorist,middle,3,du,abodhiṣātām,abudhātām,Mismatch
budh,1 (primary),primary,aorist,middle,3,pl,abodhiṣata,abudhata,Mismatch
budh,1 (primary),primary,aorist,passive,3,sg,abodhi,abaudhi,Mismatch
budh,1 (primary),primary,injunctive,active,1,sg,bodhiṣam,bodhiṣiṣam,Mismatch
budh,1 (primary),primary,injunctive,active,1,du,bodhiṣva,bodhiṣiṣva,Mismatch
budh,1 (primary),primary,injunctive,active,1,pl,bodhiṣma,bodhiṣiṣma,Mismatch
budh,1 (primary),primary,injunctive,active,2,sg,bodhīḥ,bodhiṣīḥ,Mismatch
budh,1 (primary),primary,injunctive,active,2,du,bodhiṣṭam,bodhiṣiṣṭam,Mismatch
budh,1 (primary),primary,injunctive,active,3,sg,bodhīt,bodhiṣīt,Mismatch
budh,1 (primary),primary,injunctive,active,3,du,bodhiṣṭām,bodhiṣiṣṭām,Mismatch
budh,1 (primary),primary,injunctive,active,3,pl,bodhiṣuḥ,bodhiṣiṣuḥ,Mismatch
budh,1 (primary),primary,injunctive,middle,1,sg,bodhiṣi,budhi,Mismatch
budh,1 (primary),primary,injunctive,middle,1,du,bodhiṣvahi,budhvahi,Mismatch
budh,1 (primary),primary,injunctive,middle,1,pl,bodhiṣmahi,budhmahi,Mismatch
budh,1 (primary),primary,injunctive,middle,2,sg,bodhiṣṭhāḥ,budgdhāḥ,Mismatch
budh,1 (primary),primary,injunctive,middle,2,du,bodhiṣāthām,budhāthām,Mismatch
budh,1 (primary),primary,injunctive,middle,2,pl,bodhidhvam,budgdhvam,Mismatch
budh,1 (primary),primary,injunctive,middle,3,sg,bodhiṣṭa,budgdha,Mismatch
budh,1 (primary),primary,injunctive,middle,3,du,bodhiṣātām,budhātām,Mismatch
budh,1 (primary),primary,injunctive,middle,3,pl,bodhiṣata,budhata,Mismatch
budh,1 (desiderative),desiderative,imperfect,middle,3,sg,abubhodiṣata,abubhodhiṣata OR abubhutsata,Mismatch
budh,1 (desiderative),desiderative,imperative,middle,3,sg,bubhodiṣatām,bubhodhiṣatām OR bubhutsatām,Mismatch
budh,1 (desiderative),desiderative,imperative,middle,3,du,bubhodiṣetām,bubhodhiṣetām OR bubhutsetām,Mismatch
budh,1 (desiderative),desiderative,optative,middle,3,sg,bubhodiṣeta,bubhodhiṣeta OR bubhutseta,Mismatch
budh,1 (intensive),intensive,present,active,1,sg,bobhudhīmi OR bobhodhmi,bobodhmi,Mismatch
budh,1 (intensive),intensive,present,active,1,du,bobhudhvaḥ,bobodhvaḥ,Mismatch
budh,1 (intensive),intensive,present,active,1,pl,bobhudhmaḥ,bobodhmaḥ,Mismatch
budh,1 (intensive),intensive,present,active,3,sg,bobhudhīti OR bobhoddhi,bobodgdhi,Mismatch
budh,1 (intensive),intensive,present,active,3,du,bobhuddhaḥ,bobodgdhaḥ,Mismatch
budh,1 (intensive),intensive,present,active,3,pl,bobhudhati,bobodhati,Mismatch
budh,1 (intensive),intensive,imperfect,active,1,sg,abobhodham,abobodham,Mismatch
budh,1 (intensive),intensive,imperfect,active,1,du,abobhudhva,abobodhva,Mismatch
budh,1 (intensive),intensive,imperfect,active,1,pl,abobhudhma,abobodhma,Mismatch
budh,1 (intensive),intensive,imperfect,active,2,sg,abobhudhīḥ,abobhotḥ,Mismatch
budh,1 (intensive),intensive,imperfect,active,2,du,abobhuddham,abobodgdham,Mismatch
budh,1 (intensive),intensive,imperfect,active,2,pl,abobhuddha,abobodgdha,Mismatch
budh,1 (intensive),intensive,imperfect,active,3,sg,abobhudhīt OR abobhot,abobodgdh,Mismatch
budh,1 (intensive),intensive,imperfect,active,3,du,abobhuddhām,abobodgdhām,Mismatch
budh,1 (intensive),intensive,imperfect,active,3,pl,abobhodhuḥ,abobodhuḥ,Mismatch
budh,1 (intensive),intensive,imperative,active,1,sg,bobhodhāni,bobodhāni,Mismatch
budh,1 (intensive),intensive,imperative,active,1,du,bobhodhāva,bobodhāva,Mismatch
budh,1 (intensive),intensive,imperative,active,1,pl,bobhodhāma,bobodhāma,Mismatch
budh,1 (intensive),intensive,imperative,active,2,sg,bobhuddhi,bobodhhi,Mismatch
budh,1 (intensive),intensive,imperative,active,2,du,bobhuddham,bobodgdham,Mismatch
budh,1 (intensive),intensive,imperative,active,2,pl,bobhuddha,bobodgdha,Mismatch
budh,1 (intensive),intensive,imperative,active,3,sg,bobhudhītu OR bobhoddhu,bobodgdhu,Mismatch
budh,1 (intensive),intensive,imperative,active,3,du,bobhuddhām,bobodgdhām,Mismatch
budh,1 (intensive),intensive,imperative,active,3,pl,bobhudhatu,bobodhatu,Mismatch
budh,1 (intensive),intensive,optative,active,1,sg,bobhudhyām,bobodhyām,Mismatch
budh,1 (intensive),intensive,optative,active,1,du,bobhudhyāva,bobodhyāva,Mismatch
budh,1 (intensive),intensive,optative,active,1,pl,bobhudhyāma,bobodhyāma,Mismatch
budh,1 (intensive),intensive,optative,active,2,sg,bobhudhyāḥ,bobodhyāḥ,Mismatch
budh,1 (intensive),intensive,optative,active,2,du,bobhudhyātam,bobodhyātam,Mismatch
budh,1 (intensive),intensive,optative,active,2,pl,bobhudhyāta,bobodhyāta,Mismatch
budh,1 (intensive),intensive,optative,active,3,sg,bobhudhyāt,bobodhyāt,Mismatch
budh,1 (intensive),intensive,optative,active,3,du,bobhudhyātām,bobodhyātām,Mismatch
budh,1 (intensive),intensive,optative,active,3,pl,bobhudhyuḥ,bobodhyuḥ,Mismatch
duh,2 (primary),primary,present,active,2,du,duhyathaḥ,dugdhaḥ,Mismatch
duh,2 (primary),primary,present,active,2,pl,duhyatha,dugdha,Mismatch
duh,2 (primary),primary,present,middle,2,pl,dhugdhve,dugdhve,Mismatch
duh,2 (primary),primary,imperfect,active,2,sg,aduhyaḥ,adhokḥ,Mismatch
duh,2 (primary),primary,imperfect,active,3,sg,aduhyat OR adhok,adogdh,Mismatch
duh,2 (primary),primary,imperfect,middle,2,pl,adhugdhvam,adugdhvam,Mismatch
duh,2 (primary),primary,imperative,active,2,sg,dugdhi OR duhya,duhhi,Mismatch
duh,2 (primary),primary,imperative,middle,2,pl,dhugdhvam,dugdhvam,Mismatch
duh,2 (primary),primary,aorist,active,1,sg,adhukṣam,adhaukṣam,Mismatch
duh,2 (primary),primary,aorist,active,1,du,adhukṣāva,adhaukṣva,Mismatch
duh,2 (primary),primary,aorist,active,1,pl,adhukṣāma,adhaukṣma,Mismatch
duh,2 (primary),primary,aorist,active,2,sg,adhukṣaḥ,adhaukṣīḥ,Mismatch
duh,2 (primary),primary,aorist,active,2,du,adhukṣatam,adhaukṣṭam,Mismatch
duh,2 (primary),primary,aorist,active,3,sg,adhukṣat,adhaukṣīt,Mismatch
duh,2 (primary),primary,aorist,active,3,du,adhukṣatām,adhaukṣṭām,Mismatch
duh,2 (primary),primary,aorist,active,3,pl,adhukṣan,adhaukṣuḥ,Mismatch
duh,2 (primary),primary,aorist,middle,1,sg,adhukṣi,aduhi,Mismatch
duh,2 (primary),primary,aorist,middle,1,du,adhukṣāvahi,aduhvahi,Mismatch
duh,2 (primary),primary,aorist,middle,1,pl,adhukṣāmahi,aduhmahi,Mismatch
duh,2 (primary),primary,aorist,middle,2,sg,adhukṣathāḥ,adugdhāḥ,Mismatch
duh,2 (primary),primary,aorist,middle,2,du,adhukṣāthām,aduhāthām,Mismatch
duh,2 (primary),primary,aorist,middle,2,pl,adhukṣadhvam,adugdhvam,Mismatch
duh,2 (primary),primary,aorist,middle,3,sg,adhukṣata,adugdha,Mismatch
duh,2 (primary),primary,aorist,middle,3,du,adhukṣātām,aduhātām,Mismatch
duh,2 (primary),primary,aorist,middle,3,pl,adhukṣanta,aduhata,Mismatch
duh,2 (primary),primary,aorist,passive,3,sg,adohi,adauhi,Mismatch
gam,1 (primary),primary,periphrastic_future,active,1,sg,gantāsmi,gamitāsmi,Mismatch
gam,1 (primary),primary,periphrastic_future,active,1,du,gantāsvaḥ,gamitāsvaḥ,Mismatch
gam,1 (primary),primary,periphrastic_future,active,1,pl,gantāsmaḥ,gamitāsmaḥ,Mismatch
gam,1 (primary),primary,periphrastic_future,active,2,sg,gantāsi,gamitāsi,Mismatch
gam,1 (primary),primary,periphrastic_future,active,2,du,gantāsthaḥ,gamitāsthaḥ,Mismatch
gam,1 (primary),primary,periphrastic_future,active,2,pl,gantāstha,gamitāstha,Mismatch
gam,1 (primary),primary,periphrastic_future,active,3,sg,gantā,gamitā,Mismatch
gam,1 (primary),primary,periphrastic_future,active,3,du,gantārau,gamitārau,Mismatch
gam,1 (primary),primary,periphrastic_future,active,3,pl,gantāraḥ,gamitāraḥ,Mismatch
gam,1 (primary),primary,aorist,active,1,du,aganva OR agamāva OR ajīgamāva,agamva,Mismatch
gam,1 (primary),primary,aorist,active,1,pl,aganma OR agamāma OR ajīgamāma,agamma,Mismatch
gam,1 (primary),primary,aorist,active,2,sg,agamaḥ OR ajīgamaḥ,agamḥ,Mismatch
gam,1 (primary),primary,aorist,active,2,du,agantam OR agamatam OR ajīgamatam,agamtam,Mismatch
gam,1 (primary),primary,aorist,active,3,sg,agan OR agamat OR ajīgamat,agamt,Mismatch
gam,1 (primary),primary,aorist,active,3,du,agantām OR agamatām OR ajīgamatām,agamtām,Mismatch
gam,1 (primary),primary,aorist,middle,1,sg,agame OR ajīgame,agami,Mismatch
gam,1 (primary),primary,aorist,middle,1,du,aganvahi OR agamāvahi OR ajīgamāvahi,agamvahi,Mismatch
gam,1 (primary),primary,aorist,middle,1,pl,aganmahi OR agamāmahi OR ajīgamāmahi,agammahi,Mismatch
gam,1 (primary),primary,aorist,middle,2,sg,aganthāḥ OR agamathāḥ OR ajīgamathāḥ,agamthāḥ,Mismatch
gam,1 (primary),primary,aorist,middle,2,pl,agandhvam OR agamadhvam OR ajīgamadhvam,agamdhvam,Mismatch
gam,1 (primary),primary,aorist,middle,3,sg,aganta OR agamata OR ajīgamata,agamta,Mismatch
gam,1 (primary),primary,aorist,middle,3,pl,agamanta OR ajīgamanta,agamata,Mismatch
gam,1 (primary),primary,aorist,passive,3,sg,agami,agāmi,Mismatch
gam,1 (primary),primary,injunctive,active,1,du,ganva OR gamāva OR jīgamāva,gamva,Mismatch
gam,1 (primary),primary,injunctive,active,1,pl,ganma OR gamāma OR jīgamāma,gamma,Mismatch
gam,1 (primary),primary,injunctive,active,2,sg,gamaḥ OR jīgamaḥ,gamḥ,Mismatch
gam,1 (primary),primary,injunctive,active,2,du,gantam OR gamatam OR jīgamatam,gamtam,Mismatch
gam,1 (primary),primary,injunctive,active,3,sg,gan OR gamat OR jīgamat,gamt,Mismatch
gam,1 (primary),primary,injunctive,active,3,du,gantām OR gamatām OR jīgamatām,gamtām,Mismatch
gam,1 (primary),primary,injunctive,middle,1,du,ganvahi OR gamāvahi OR jīgamāvahi,gamvahi,Mismatch
gam,1 (primary),primary,injunctive,middle,1,pl,ganmahi OR gamāmahi OR jīgamāmahi,gammahi,Mismatch
gam,1 (primary),primary,injunctive,middle,2,sg,ganthāḥ OR gamathāḥ OR jīgamathāḥ,gamthāḥ,Mismatch
gam,1 (primary),primary,injunctive,middle,2,pl,gandhvam OR gamadhvam OR jīgamadhvam,gamdhvam,Mismatch
gam,1 (primary),primary,injunctive,middle,3,sg,ganta OR gamata OR jīgamata,gamta,Mismatch
gam,1 (primary),primary,injunctive,middle,3,pl,gamanta OR jīgamanta,gamata,Mismatch
gam,10 (causative),causative,present,active,1,sg,gamayāmi,gāmayāmi,Mismatch
gam,10 (causative),causative,present,active,1,du,gamayāvaḥ,gāmayāvaḥ,Mismatch
gam,10 (causative),causative,present,active,1,pl,gamayāmaḥ,gāmayāmaḥ,Mismatch
gam,10 (causative),causative,present,active,2,sg,gamayasi,gāmayasi,Mismatch
gam,10 (causative),causative,present,active,2,du,gamayathaḥ,gāmayathaḥ,Mismatch
gam,10 (causative),causative,present,active,2,pl,gamayatha,gāmayatha,Mismatch
gam,10 (causative),causative,present,active,3,sg,gamayati,gāmayati,Mismatch
gam,10 (causative),causative,present,active,3,du,gamayataḥ,gāmayataḥ,Mismatch
gam,10 (causative),causative,present,active,3,pl,gamayanti,gāmayanti,Mismatch
gam,10 (causative),causative,present,middle,1,sg,gamaye,gāmaye,Mismatch
gam,10 (causative),causative,present,middle,1,du,gamayāvahe,gāmayāvahe,Mismatch
gam,10 (causative),causative,present,middle,1,pl,gamayāmahe,gāmayāmahe,Mismatch
gam,10 (causative),causative,present,middle,2,sg,gamayase,gāmayase,Mismatch
gam,10 (causative),causative,present,middle,2,du,gamayethe,gāmayethe,Mismatch
gam,10 (causative),causative,present,middle,2,pl,gamayadhve,gāmayadhve,Mismatch
gam,10 (causative),causative,present,middle,3,sg,gamayate,gāmayate,Mismatch
gam,10 (causative),causative,present,middle,3,du,gamayete,gāmayete,Mismatch
gam,10 (causative),causative,present,middle,3,pl,gamayante,gāmayante,Mismatch
gam,10 (causative),causative,imperfect,active,1,sg,agamayam,agāmayam,Mismatch
gam,10 (causative),causative,imperfect,active,1,du,agamayāva,agāmayāva,Mismatch
gam,10 (causative),causative,imperfect,active,1,pl,agamayāma,agāmayāma,Mismatch
gam,10 (causative),causative,imperfect,active,2,sg,agamayaḥ,agāmayaḥ,Mismatch
gam,10 (causative),causative,imperfect,active,2,du,agamayatam,agāmayatam,Mismatch
gam,10 (causative),causative,imperfect,active,3,sg,agamayat,agāmayat,Mismatch
gam,10 (causative),causative,imperfect,active,3,du,agamayatām,agāmayatām,Mismatch
gam,10 (causative),causative,imperfect,active,3,pl,agamayan,agāmayan,Mismatch
gam,10 (causative),causative,imperfect,middle,1,sg,agamaye,agāmaye,Mismatch
gam,10 (causative),causative,imperfect,middle,1,du,agamayāvahi,agāmayāvahi,Mismatch
gam,10 (causative),causative,imperfect,middle,1,pl,agamayāmahi,agāmayāmahi,Mismatch
gam,10 (causative),causative,imperfect,middle,2,sg,agamayathāḥ,agāmayathāḥ,Mismatch
gam,10 (causative),causative,imperfect,middle,2,du,agamayethām,agāmayethām,Mismatch
gam,10 (causative),causative,imperfect,middle,2,pl,agamayadhvam,agāmayadhvam,Mismatch
gam,10 (causative),causative,imperfect,middle,3,sg,agamayata,agāmayata,Mismatch
gam,10 (causative),causative,imperfect,middle,3,du,agamayetām,agāmayetām,Mismatch
gam,10 (causative),causative,imperfect,middle,3,pl,agamayanta,agāmayanta,Mismatch
gam,10 (causative),causative,imperative,active,1,sg,gamayāni,gāmayāni,Mismatch
gam,10 (causative),causative,imperative,active,1,du,gamayāva,gāmayāva,Mismatch
gam,10 (causative),causative,imperative,active,1,pl,gamayāma,gāmayāma,Mismatch
gam,10 (causative),causative,imperative,active,2,sg,gamaya,gāmaya,Mismatch
gam,10 (causative),causative,imperative,active,2,du,gamayatam,gāmayatam,Mismatch
gam,10 (causative),causative,imperative,active,2,pl,gamayata,gāmayata,Mismatch
gam,10 (causative),causative,imperative,active,3,sg,gamayatu,gāmayatu,Mismatch
gam,10 (causative),causative,imperative,active,3,pl,gamayantu,gāmayantu,Mismatch
gam,10 (causative),causative,imperative,middle,1,sg,gamayai,gāmayai,Mismatch
gam,10 (causative),causative,imperative,middle,1,du,gamayāvahai,gāmayāvahai,Mismatch
gam,10 (causative),causative,imperative,middle,1,pl,gamayāmahai,gāmayāmahai,Mismatch
gam,10 (causative),causative,imperative,middle,2,sg,gamayasva,gāmayasva,Mismatch
gam,10 (causative),causative,imperative,middle,2,du,gamayethām,gāmayethām,Mismatch
gam,10 (causative),causative,imperative,middle,2,pl,gamayadhvam,gāmayadhvam,Mismatch
gam,10 (causative),causative,imperative,middle,3,sg,gamayatām,gāmayatām,Mismatch
gam,10 (causative),causative,imperative,middle,3,du,gamayetām,gāmayetām,Mismatch
gam,10 (causative),causative,imperative,middle,3,pl,gamayantām,gāmayantām,Mismatch
gam,10 (causative),causative,optative,active,1,sg,gamayeyam,gāmayeyam,Mismatch
gam,10 (causative),causative,optative,active,1,du,gamayeva,gāmayeva,Mismatch
gam,10 (causative),causative,optative,active,1,pl,gamayema,gāmayema,Mismatch
gam,10 (causative),causative,optative,active,2,sg,gamayeḥ,gāmayeḥ,Mismatch
gam,10 (causative),causative,optative,active,2,du,gamayetam,gāmayetam,Mismatch
gam,10 (causative),causative,optative,active,3,sg,gamayet,gāmayet,Mismatch
gam,10 (causative),causative,optative,active,3,pl,gamayeyuḥ,gāmayeyuḥ,Mismatch
gam,10 (causative),causative,optative,middle,1,sg,gamayeya,gāmayeya,Mismatch
gam,10 (causative),causative,optative,middle,1,du,gamayevahi,gāmayevahi,Mismatch
gam,10 (causative),causative,optative,middle,1,pl,gamayemahi,gāmayemahi,Mismatch
gam,10 (causative),causative,optative,middle,2,sg,gamayethāḥ,gāmayethāḥ,Mismatch
gam,10 (causative),causative,optative,middle,2,du,gamayeyāthām,gāmayeyāthām,Mismatch
gam,10 (causative),causative,optative,middle,2,pl,gamayedhvam,gāmayedhvam,Mismatch
gam,10 (causative),causative,optative,middle,3,sg,gamayeta,gāmayeta,Mismatch
gam,10 (causative),causative,optative,middle,3,du,gamayeyātām,gāmayeyātām,Mismatch
gam,10 (causative),causative,optative,middle,3,pl,gamayeran,gāmayeran,Mismatch
gam,10 (causative),causative,future,active,1,sg,gamayiṣyāmi,gāmayiṣyāmi,Mismatch
gam,10 (causative),causative,future,active,1,du,gamayiṣyāvaḥ,gāmayiṣyāvaḥ,Mismatch
gam,10 (causative),causative,future,active,1,pl,gamayiṣyāmaḥ,gāmayiṣyāmaḥ,Mismatch
gam,10 (causative),causative,future,active,2,sg,gamayiṣyasi,gāmayiṣyasi,Mismatch
gam,10 (causative),causative,future,active,2,du,gamayiṣyathaḥ,gāmayiṣyathaḥ,Mismatch
gam,10 (causative),causative,future,active,2,pl,gamayiṣyatha,gāmayiṣyatha,Mismatch
gam,10 (causative),causative,future,active,3,sg,gamayiṣyati,gāmayiṣyati,Mismatch
gam,10 (causative),causative,future,active,3,du,gamayiṣyataḥ,gāmayiṣyataḥ,Mismatch
gam,10 (causative),causative,future,active,3,pl,gamayiṣyanti,gāmayiṣyanti,Mismatch
gam,10 (causative),causative,future,middle,1,sg,gamayiṣye,gāmayiṣye,Mismatch
gam,10 (causative),causative,future,middle,1,du,gamayiṣyāvahe,gāmayiṣyāvahe,Mismatch
gam,10 (causative),causative,future,middle,1,pl,gamayiṣyāmahe,gāmayiṣyāmahe,Mismatch
gam,10 (causative),causative,future,middle,2,sg,gamayiṣyase,gāmayiṣyase,Mismatch
gam,10 (causative),causative,future,middle,2,du,gamayiṣyethe,gāmayiṣyethe,Mismatch
gam,10 (causative),causative,future,middle,2,pl,gamayiṣyadhve,gāmayiṣyadhve,Mismatch
gam,10 (causative),causative,future,middle,3,sg,gamayiṣyate,gāmayiṣyate,Mismatch
gam,10 (causative),causative,future,middle,3,du,gamayiṣyete,gāmayiṣyete,Mismatch
gam,10 (causative),causative,future,middle,3,pl,gamayiṣyante,gāmayiṣyante,Mismatch
gam,10 (causative),causative,periphrastic_future,active,1,sg,gamayitāsmi,gāmayitāsmi,Mismatch
gam,10 (causative),causative,periphrastic_future,active,1,du,gamayitāsvaḥ,gāmayitāsvaḥ,Mismatch
gam,10 (causative),causative,periphrastic_future,active,1,pl,gamayitāsmaḥ,gāmayitāsmaḥ,Mismatch
gam,10 (causative),causative,periphrastic_future,active,2,sg,gamayitāsi,gāmayitāsi,Mismatch
gam,10 (causative),causative,periphrastic_future,active,2,du,gamayitāsthaḥ,gāmayitāsthaḥ,Mismatch
gam,10 (causative),causative,periphrastic_future,active,2,pl,gamayitāstha,gāmayitāstha,Mismatch
gam,10 (causative),causative,periphrastic_future,active,3,sg,gamayitā,gāmayitā,Mismatch
gam,10 (causative),causative,periphrastic_future,active,3,du,gamayitārau,gāmayitārau,Mismatch
gam,10 (causative),causative,periphrastic_future,active,3,pl,gamayitāraḥ,gāmayitāraḥ,Mismatch
gam,1 (intensive),intensive,present,middle,1,sg,jaṅgamye,jagamye,Mismatch
gam,1 (intensive),intensive,present,middle,1,du,jaṅgamyāvahe,jagamyāvahe,Mismatch
gam,1 (intensive),intensive,present,middle,1,pl,jaṅgamyāmahe,jagamyāmahe,Mismatch
gam,1 (intensive),intensive,present,middle,2,sg,jaṅgamyase,jagamyase,Mismatch
gam,1 (intensive),intensive,present,middle,2,du,jaṅgamyethe,jagamyethe,Mismatch
gam,1 (intensive),intensive,present,middle,2,pl,jaṅgamyadhve,jagamyadhve,Mismatch
gam,1 (intensive),intensive,present,middle,3,sg,jaṅgamyate,jagamyate,Mismatch
gam,1 (intensive),intensive,present,middle,3,du,jaṅgamyete,jagamyete,Mismatch
gam,1 (intensive),intensive,present,middle,3,pl,jaṅgamyante,jagamyante,Mismatch
gam,1 (intensive),intensive,imperfect,middle,1,sg,ajaṅgamye,ajagamye,Mismatch
gam,1 (intensive),intensive,imperfect,middle,1,du,ajaṅgamyāvahi,ajagamyāvahi,Mismatch
gam,1 (intensive),intensive,imperfect,middle,1,pl,ajaṅgamyāmahi,ajagamyāmahi,Mismatch
gam,1 (intensive),intensive,imperfect,middle,2,sg,ajaṅgamyathāḥ,ajagamyathāḥ,Mismatch
gam,1 (intensive),intensive,imperfect,middle,2,du,ajaṅgamyethām,ajagamyethām,Mismatch
gam,1 (intensive),intensive,imperfect,middle,2,pl,ajaṅgamyadhvam,ajagamyadhvam,Mismatch
gam,1 (intensive),intensive,imperfect,middle,3,sg,ajaṅgamyata,ajagamyata,Mismatch
gam,1 (intensive),intensive,imperfect,middle,3,du,ajaṅgamyetām,ajagamyetām,Mismatch
gam,1 (intensive),intensive,imperfect,middle,3,pl,ajaṅgamyanta,ajagamyanta,Mismatch
gam,1 (intensive),intensive,imperative,middle,1,sg,jaṅgamyai,jagamyai,Mismatch
gam,1 (intensive),intensive,imperative,middle,1,du,jaṅgamyāvahai,jagamyāvahai,Mismatch
gam,1 (intensive),intensive,imperative,middle,1,pl,jaṅgamyāmahai,jagamyāmahai,Mismatch
gam,1 (intensive),intensive,imperative,middle,2,sg,jaṅgamyasva,jagamyasva,Mismatch
gam,1 (intensive),intensive,imperative,middle,2,du,jaṅgamyethām,jagamyethām,Mismatch
gam,1 (intensive),intensive,imperative,middle,2,pl,jaṅgamyadhvam,jagamyadhvam,Mismatch
gam,1 (intensive),intensive,imperative,middle,3,sg,jaṅgamyatām,jagamyatām,Mismatch
gam,1 (intensive),intensive,imperative,middle,3,du,jaṅgamyetām,jagamyetām,Mismatch
gam,1 (intensive),intensive,imperative,middle,3,pl,jaṅgamyantām,jagamyantām,Mismatch
gam,1 (intensive),intensive,optative,middle,1,sg,jaṅgamyeya,jagamyeya,Mismatch
gam,1 (intensive),intensive,optative,middle,1,du,jaṅgamyevahi,jagamyevahi,Mismatch
gam,1 (intensive),intensive,optative,middle,1,pl,jaṅgamyemahi,jagamyemahi,Mismatch
gam,1 (intensive),intensive,optative,middle,2,sg,jaṅgamyethāḥ,jagamyethāḥ,Mismatch
gam,1 (intensive),intensive,optative,middle,2,du,jaṅgamyeyāthām,jagamyeyāthām,Mismatch
gam,1 (intensive),intensive,optative,middle,2,pl,jaṅgamyedhvam,jagamyedhvam,Mismatch
gam,1 (intensive),intensive,optative,middle,3,sg,jaṅgamyeta,jagamyeta,Mismatch
gam,1 (intensive),intensive,optative,middle,3,du,jaṅgamyeyātām,jagamyeyātām,Mismatch
gam,1 (intensive),intensive,optative,middle,3,pl,jaṅgamyeran,jagamyeran,Mismatch
dviṣ,2 (primary),primary,present,middle,2,sg,dvikṣe OR dviṣase,dviṣṣe,Mismatch
dviṣ,2 (primary),primary,present,middle,2,pl,dviḍḍhve OR dviṣadhve,dviḍhve,Mismatch
dviṣ,2 (primary),primary,imperfect,active,2,sg,adviṣaḥ,advekḥ,Mismatch
dviṣ,2 (primary),primary,imperfect,middle,2,pl,adviḍḍhvam OR adviṣadhvam,adviḍhvam,Mismatch
dviṣ,2 (primary),primary,imperative,active,2,sg,dviḍḍhi OR dviṣa,dviṣhi,Mismatch
dviṣ,2 (primary),primary,imperative,middle,1,sg,dviṣai,dveṣai,Mismatch
dviṣ,2 (primary),primary,imperative,middle,1,du,dviṣāvahai,dveṣāvahai,Mismatch
dviṣ,2 (primary),primary,imperative,middle,1,pl,dviṣāmahai,dveṣāmahai,Mismatch
dviṣ,2 (primary),primary,imperative,middle,2,sg,dvikṣva OR dviṣasva,dviṣṣva,Mismatch
dviṣ,2 (primary),primary,imperative,middle,2,pl,dviḍḍhvam OR dviṣadhvam,dviḍhvam,Mismatch
dviṣ,2 (primary),primary,aorist,active,1,du,advikṣāva,advikṣva,Mismatch
dviṣ,2 (primary),primary,aorist,active,1,pl,advikṣāma,advikṣma,Mismatch
dviṣ,2 (primary),primary,aorist,active,2,sg,advikṣaḥ,advikṣīḥ,Mismatch
dviṣ,2 (primary),primary,aorist,active,2,du,advikṣatam,advikṣṭam,Mismatch
dviṣ,2 (primary),primary,aorist,active,3,sg,advikṣat,advikṣīt,Mismatch
dviṣ,2 (primary),primary,aorist,active,3,du,advikṣatām,advikṣṭām,Mismatch
dviṣ,2 (primary),primary,aorist,active,3,pl,advikṣan,advikṣuḥ,Mismatch
dviṣ,2 (primary),primary,aorist,middle,1,du,advikṣāvahi,advikṣvahi,Mismatch
dviṣ,2 (primary),primary,aorist,middle,1,pl,advikṣāmahi,advikṣmahi,Mismatch
dviṣ,2 (primary),primary,aorist,middle,2,sg,advikṣathāḥ,advikṣṭhāḥ,Mismatch
dviṣ,2 (primary),primary,aorist,middle,2,pl,advikṣadhvam,advikḍhvam,Mismatch
dviṣ,2 (primary),primary,aorist,middle,3,sg,advikṣata,advikṣṭa,Mismatch
dviṣ,2 (primary),primary,aorist,middle,3,pl,advikṣanta,advikṣata,Mismatch
dviṣ,2 (primary),primary,aorist,passive,3,sg,adveṣi,advaiṣi,Mismatch
dviṣ,2 (intensive),intensive,present,active,1,sg,dedviṣīmi OR dedveṣmi,dvedveṣmi,Mismatch
dviṣ,2 (intensive),intensive,present,active,1,du,dedviṣvaḥ,dvedveṣvaḥ,Mismatch
dviṣ,2 (intensive),intensive,present,active,1,pl,dedviṣmaḥ,dvedveṣmaḥ,Mismatch
dviṣ,2 (intensive),intensive,present,active,2,sg,dedviṣīṣi OR dedvekṣi,dvedvekṣi,Mismatch
dviṣ,2 (intensive),intensive,present,active,2,du,dedviṣṭhaḥ,dvedveṣṭhaḥ,Mismatch
dviṣ,2 (intensive),intensive,present,active,2,pl,dedviṣṭha,dvedveṣṭha,Mismatch
dviṣ,2 (intensive),intensive,present,active,3,sg,dedviṣīti OR dedveṣṭi,dvedveṣṭi,Mismatch
dviṣ,2 (intensive),intensive,present,active,3,du,dedviṣṭaḥ,dvedveṣṭaḥ,Mismatch
dviṣ,2 (intensive),intensive,present,active,3,pl,dedviṣati,dvedveṣati,Mismatch
dviṣ,2 (intensive),intensive,imperfect,active,1,sg,adedveṣam,advedveṣam,Mismatch
dviṣ,2 (intensive),intensive,imperfect,active,1,du,adedviṣva,advedveṣva,Mismatch
dviṣ,2 (intensive),intensive,imperfect,active,1,pl,adedviṣma,advedveṣma,Mismatch
dviṣ,2 (intensive),intensive,imperfect,active,2,sg,adedviṣīḥ,advedvekḥ,Mismatch
dviṣ,2 (intensive),intensive,imperfect,active,2,du,adedviṣṭam,advedveṣṭam,Mismatch
dviṣ,2 (intensive),intensive,imperfect,active,2,pl,adedviṣṭa,advedveṣṭa,Mismatch
dviṣ,2 (intensive),intensive,imperfect,active,3,sg,adedviṣīt OR adedveṭ,advedveṭ,Mismatch
dviṣ,2 (intensive),intensive,imperfect,active,3,du,adedviṣṭām,advedveṣṭām,Mismatch
dviṣ,2 (intensive),intensive,imperfect,active,3,pl,adedveṣuḥ,advedveṣuḥ,Mismatch
dviṣ,2 (intensive),intensive,imperative,active,1,sg,dedveṣāṇi,dvedveṣāṇi,Mismatch
dviṣ,2 (intensive),intensive,imperative,active,1,du,dedveṣāva,dvedveṣāva,Mismatch
dviṣ,2 (intensive),intensive,imperative,active,1,pl,dedveṣāma,dvedveṣāma,Mismatch
dviṣ,2 (intensive),intensive,imperative,active,2,sg,dedviḍḍhi,dvedveṣhi,Mismatch
dviṣ,2 (intensive),intensive,imperative,active,2,du,dedviṣṭam,dvedveṣṭam,Mismatch
dviṣ,2 (intensive),intensive,imperative,active,2,pl,dedviṣṭa,dvedveṣṭa,Mismatch
dviṣ,2 (intensive),intensive,imperative,active,3,sg,dedviṣītu OR dedveṣṭu,dvedveṣṭu,Mismatch
dviṣ,2 (intensive),intensive,imperative,active,3,du,dedviṣṭām,dvedveṣṭām,Mismatch
dviṣ,2 (intensive),intensive,imperative,active,3,pl,dedviṣatu,dvedveṣatu,Mismatch
dviṣ,2 (intensive),intensive,optative,active,1,sg,dedviṣyām,dvedveṣyām,Mismatch
dviṣ,2 (intensive),intensive,optative,active,1,du,dedviṣyāva,dvedveṣyāva,Mismatch
dviṣ,2 (intensive),intensive,optative,active,1,pl,dedviṣyāma,dvedveṣyāma,Mismatch
dviṣ,2 (intensive),intensive,optative,active,2,sg,dedviṣyāḥ,dvedveṣyāḥ,Mismatch
dviṣ,2 (intensive),intensive,optative,active,2,du,dedviṣyātam,dvedveṣyātam,Mismatch
dviṣ,2 (intensive),intensive,optative,active,2,pl,dedviṣyāta,dvedveṣyāta,Mismatch
dviṣ,2 (intensive),intensive,optative,active,3,sg,dedviṣyāt,dvedveṣyāt,Mismatch
dviṣ,2 (intensive),intensive,optative,active,3,du,dedviṣyātām,dvedveṣyātām,Mismatch
dviṣ,2 (intensive),intensive,optative,active,3,pl,dedviṣyuḥ,dvedveṣyuḥ,Mismatch
muc,6 (primary),primary,aorist,active,2,pl,amukta,amucata,Mismatch
muc,6 (primary),primary,aorist,passive,3,sg,amoci,amauci,Mismatch
