form,root,pos,modification,form_IAST,root_IAST
aMSayitum,aMSa,infinitive,,aṃśayitum,aṃśa
aMSya,aMSa,gerund,,aṃśya,aṃśa
akya,aYc,gerund,,akya,añc
akzitum,akz,infinitive,,akṣitum,akṣ
agadya,agada,gerund,,agadya,agada
agadyitum,agada,infinitive,,agadyitum,agada
aGAyitum,aGa,infinitive,,aghāyitum,agha
aGya,aGa,gerund,,aghya,agha
aNkayitum,aNka,infinitive,,aṅkayitum,aṅka
aNktum,aYj,infinitive,,aṅktum,añj
aNkya,aNka,gerund,,aṅkya,aṅka
aNKayitum,aNKa,infinitive,,aṅkhayitum,aṅkha
aNKya,aNKa,gerund,,aṅkhya,aṅkha
aNgitum,aNg,infinitive,,aṅgitum,aṅg
aNgya,aNg,gerund,,aṅgya,aṅg
acya,aYc,gerund,,acya,añc
ajitum,aj,infinitive,,ajitum,aj
ajirAyitum,ajira,infinitive,,ajirāyitum,ajira
ajirya,ajira,gerund,,ajirya,ajira
ajya,aj,gerund,,ajya,aj
ajya,aYj,gerund,,ajya,añj
aYcayitum,aYc,infinitive,caus,añcayitum,añc
aYcitum,aYc,infinitive,,añcitum,añc
aYcya,aYc,gerund,caus,añcya,añc
aYjayitum,aYj,infinitive,caus,añjayitum,añj
aYjitum,aYj,infinitive,,añjitum,añj
aYjya,aYj,gerund,caus,añjya,añj
awitum,aw,infinitive,,aṭitum,aṭ
awya,aw,gerund,,aṭya,aṭ
atitum,at,infinitive,,atitum,at
attum,ad#1,infinitive,,attum,ad#1
atya,at,gerund,,atya,at
adya,ad#1,gerund,,adya,ad#1
aDvarIyitum,aDvara,infinitive,,adhvarīyitum,adhvara
aDvarya,aDvara,gerund,,adhvarya,adhvara
aDvaryitum,aDvara,infinitive,,adhvaryitum,adhvara
anitum,an#2,infinitive,,anitum,an#2
aninizitum,an#2,infinitive,desid,aniniṣitum,an#2
aninizya,an#2,gerund,desid,aniniṣya,an#2
anDayitum,anDa,infinitive,,andhayitum,andha
anDya,anDa,gerund,,andhya,andha
anya,an#2,gerund,,anya,an#2
apsaraya,apsaras,gerund,,apsaraya,apsaras
apsarAyitum,apsaras,infinitive,,apsarāyitum,apsaras
aBrAyitum,aBra,infinitive,,abhrāyitum,abhra
aBrya,aBra,gerund,,abhrya,abhra
amitrayitum,amitra,infinitive,,amitrayitum,amitra
amitrya,amitra,gerund,,amitrya,amitra
amItum,am,infinitive,,amītum,am
aririzitum,f,infinitive,desid,aririṣitum,ṛ
aririzya,f,gerund,desid,aririṣya,ṛ
arcayitum,fc#1,infinitive,caus,arcayitum,ṛc#1
arcayya,fc#1,gerund,caus,arcayya,ṛc#1
arcicizitum,fc#1,infinitive,desid,arciciṣitum,ṛc#1
arcicizya,fc#1,gerund,desid,arciciṣya,ṛc#1
arcitum,fc#1,infinitive,,arcitum,ṛc#1
arcya,fc#1,gerund,,arcya,ṛc#1
arjayitum,fj,infinitive,caus,arjayitum,ṛj
arjitum,fj,infinitive,,arjitum,ṛj
arjya,fj,gerund,caus,arjya,ṛj
artum,f,infinitive,,artum,ṛ
arTayitum,arT,infinitive,,arthayitum,arth
arTya,arT,gerund,,arthya,arth
arditum,ard,infinitive,,arditum,ard
ardya,ard,gerund,,ardya,ard
arDayitum,fD,infinitive,caus,ardhayitum,ṛdh
arDayya,fD,gerund,caus,ardhayya,ṛdh
arDitum,fD,infinitive,,ardhitum,ṛdh
arpayitum,f,infinitive,caus,arpayitum,ṛ
arpayya,f,gerund,caus,arpayya,ṛ
arzitum,fz,infinitive,,arṣitum,ṛṣ
arhayitum,arh,infinitive,caus,arhayitum,arh
arhitum,arh,infinitive,,arhitum,arh
arhya,arh,gerund,,arhya,arh
avitum,av,infinitive,,avitum,av
avya,av,gerund,,avya,av
aSanAyitum,aSana#2,infinitive,,aśanāyitum,aśana#2
aSanIyitum,aSana#2,infinitive,,aśanīyitum,aśana#2
aSanya,aSana#2,gerund,,aśanya,aśana#2
aSitum,aS#1,infinitive,,aśitum,aś#1
aSitum,aS#2,infinitive,,aśitum,aś#2
aSya,aS#1,gerund,,aśya,aś#1
aSya,aS#2,gerund,,aśya,aś#2
aSvasyitum,aSva,infinitive,,aśvasyitum,aśva
aSvAyitum,aSva,infinitive,,aśvāyitum,aśva
aSvya,aSva,gerund,,aśvya,aśva
azwum,akz,infinitive,,aṣṭum,akṣ
asitum,as#1,infinitive,,asitum,as#1
asitum,as#2,infinitive,,asitum,as#2
asUyitum,asUya,infinitive,,asūyitum,asūya
asUyya,asUya,gerund,,asūyya,asūya
asya,as#2,gerund,,asya,as#2
AkarRayitum,AkarRa,infinitive,,ākarṇayitum,ākarṇa
AkarRya,AkarRa,gerund,,ākarṇya,ākarṇa
Akulayitum,Akula,infinitive,,ākulayitum,ākula
Akulya,Akula,gerund,,ākulya,ākula
Adayitum,ad#1,infinitive,caus,ādayitum,ad#1
Adya,ad#1,gerund,caus,ādya,ad#1
Anayitum,an#2,infinitive,caus,ānayitum,an#2
Anya,an#2,gerund,caus,ānya,an#2
Anya,am,gerund,,ānya,am
Apayitum,Ap,infinitive,caus,āpayitum,āp
Apayya,Ap,gerund,caus,āpayya,āp
Aptum,Ap,infinitive,,āptum,āp
Apya,Ap,gerund,,āpya,āp
Amayitum,am,infinitive,caus,āmayitum,am
Amya,am,gerund,caus,āmya,am
Avayitum,av,infinitive,caus,āvayitum,av
Avilayitum,Avila,infinitive,,āvilayitum,āvila
Avilya,Avila,gerund,,āvilya,āvila
Avya,av,gerund,caus,āvya,av
ASayitum,aS#2,infinitive,caus,āśayitum,aś#2
ASya,aS#2,gerund,caus,āśya,aś#2
Asam,as#2,gerund,,āsam,as#2
Asayitum,As#2,infinitive,caus,āsayitum,ās#2
Asayitum,as#2,infinitive,caus,āsayitum,as#2
Asitum,As#2,infinitive,,āsitum,ās#2
Asya,As#2,gerund,,āsya,ās#2
Asya,as#2,gerund,caus,āsya,as#2
iNgayitum,iNg,infinitive,caus,iṅgayitum,iṅg
iNgya,iNg,gerund,,iṅgya,iṅg
ijya,yaj#1,gerund,,ijya,yaj#1
itya,i,gerund,,itya,i
iDya,inD,gerund,,idhya,indh
inditum,ind,infinitive,,inditum,ind
indya,ind,gerund,,indya,ind
inDitum,inD,infinitive,,indhitum,indh
inya,in,gerund,,inya,in
invitum,inv,infinitive,,invitum,inv
invya,inv,gerund,,invya,inv
iraya,iras,gerund,,iraya,iras
irasyitum,iras,infinitive,,irasyitum,iras
ilayitum,il,infinitive,caus,ilayitum,il
ilya,il,gerund,,ilya,il
izayitum,iz#1,infinitive,caus,iṣayitum,iṣ#1
izayitum,iz#2,infinitive,caus,iṣayitum,iṣ#2
izuDya,izuDi,gerund,,iṣudhya,iṣudhi
izuDyitum,izuDi,infinitive,,iṣudhyitum,iṣudhi
izya,iz#1,gerund,,iṣya,iṣ#1
izya,iz#2,gerund,,iṣya,iṣ#2
Ikzitum,Ikz,infinitive,,īkṣitum,īkṣ
Ikzya,Ikz,gerund,,īkṣya,īkṣ
INKayitum,INK,infinitive,caus,īṅkhayitum,īṅkh
INKitum,INK,infinitive,,īṅkhitum,īṅkh
INKya,INK,gerund,,īṅkhya,īṅkh
Iqitum,Iq,infinitive,,īḍitum,īḍ
Iqya,Iq,gerund,,īḍya,īḍ
Ipsitum,Ap,infinitive,desid,īpsitum,āp
Ipsya,Ap,gerund,desid,īpsya,āp
Irayitum,Ir,infinitive,caus,īrayitum,īr
Iritum,Ir,infinitive,,īritum,īr
Irya,Ir,gerund,,īrya,īr
Irzitum,Irz,infinitive,,īrṣitum,īrṣ
Irzya,Irz,gerund,,īrṣya,īrṣ
ISitum,IS#1,infinitive,,īśitum,īś#1
ISya,IS#1,gerund,,īśya,īś#1
Izitum,Iz,infinitive,,īṣitum,īṣ
Izya,Iz,gerund,,īṣya,īṣ
Ihitum,Ih,infinitive,,īhitum,īh
Ihya,Ih,gerund,,īhya,īh
ukzitum,ukz,infinitive,,ukṣitum,ukṣ
ukzya,ukz,gerund,,ukṣya,ukṣ
ucitum,uc,infinitive,,ucitum,uc
ucya,uc,gerund,,ucya,uc
ucya,vac,gerund,,ucya,vac
ujJitum,ujJ,infinitive,,ujjhitum,ujjh
ujJya,ujJ,gerund,,ujjhya,ujjh
uYCitum,uYC,infinitive,,uñchitum,uñch
uYCya,uYC,gerund,,uñchya,uñch
utkaRWayitum,utkaRW,infinitive,caus,utkaṇṭhayitum,utkaṇṭh
utkaRWitum,utkaRW,infinitive,,utkaṇṭhitum,utkaṇṭh
utkaRWya,utkaRW,gerund,,utkaṇṭhya,utkaṇṭh
udakIyitum,udaka,infinitive,,udakīyitum,udaka
udakya,udaka,gerund,,udakya,udaka
udanyitum,udan,infinitive,,udanyitum,udan
udaya,udan,gerund,,udaya,udan
udya,und,gerund,,udya,und
udya,vad,gerund,,udya,vad
unditum,und,infinitive,,unditum,und
undya,und,gerund,,undya,und
unmanaya,unmanas,gerund,,unmanaya,unmanas
unmanAyitum,unmanas,infinitive,,unmanāyitum,unmanas
upya,vap#1,gerund,,upya,vap#1
upya,vap#2,gerund,,upya,vap#2
uBya,umB,gerund,,ubhya,umbh
umBitum,umB,infinitive,,umbhitum,umbh
uya,vA#3,gerund,,uya,vā#3
uraya,uras,gerund,,uraya,uras
urasyitum,uras,infinitive,,urasyitum,uras
uruzya,uruz,gerund,,uruṣya,uruṣ
urozitum,uruz,infinitive,,uroṣitum,uruṣ
uzaya,uzas,gerund,,uṣaya,uṣas
uzasyitum,uzas,infinitive,,uṣasyitum,uṣas
uzya,uz,gerund,,uṣya,uṣ
uzya,vas#1,gerund,,uṣya,vas#1
uzya,vas#4,gerund,,uṣya,vas#4
uhya,vah#1,gerund,,uhya,vah#1
Uya,vA#3,gerund,,ūya,vā#3
Urjayitum,Urj#1,infinitive,caus,ūrjayitum,ūrj#1
Urjya,Urj#1,gerund,caus,ūrjya,ūrj#1
Uzmaya,Uzman,gerund,,ūṣmaya,ūṣman
UzmAyitum,Uzman,infinitive,,ūṣmāyitum,ūṣman
Uhitum,Uh,infinitive,,ūhitum,ūh
Uhya,Uh,gerund,,ūhya,ūh
ftya,f,gerund,,ṛtya,ṛ
fDya,fD,gerund,,ṛdhya,ṛdh
fzya,fz,gerund,,ṛṣya,ṛṣ
ejayitum,ej,infinitive,caus,ejayitum,ej
ejitum,ej,infinitive,,ejitum,ej
ejya,ej,gerund,,ejya,ej
etum,i,infinitive,,etum,i
eDayitum,eD,infinitive,caus,edhayitum,edh
eDitum,eD,infinitive,,edhitum,edh
eDya,eD,gerund,,edhya,edh
enitum,in,infinitive,,enitum,in
elayitum,il,infinitive,caus,elayitum,il
elitum,il,infinitive,,elitum,il
elya,il,gerund,caus,elya,il
ezitum,iz#1,infinitive,,eṣitum,iṣ#1
ezitum,iz#2,infinitive,,eṣitum,iṣ#2
ezwum,iz#1,infinitive,,eṣṭum,iṣ#1
ozitum,uz,infinitive,,oṣitum,uṣ
kaRqayitum,kaRq,infinitive,,kaṇḍayitum,kaṇḍ
kaRqUyitum,kaRqu,infinitive,,kaṇḍūyitum,kaṇḍu
kaRqya,kaRq,gerund,,kaṇḍya,kaṇḍ
kaRqya,kaRqu,gerund,,kaṇḍya,kaṇḍu
kaRvAyitum,kaRva,infinitive,,kaṇvāyitum,kaṇva
kaRvya,kaRva,gerund,,kaṇvya,kaṇva
katTitum,katT,infinitive,,katthitum,katth
katTya,katT,gerund,,katthya,katth
kaTayitum,kaT,infinitive,,kathayitum,kath
kaTayya,kaT,gerund,,kathayya,kath
kadarTayitum,kadarTa,infinitive,,kadarthayitum,kadartha
kadarTya,kadarTa,gerund,,kadarthya,kadartha
kampayitum,kamp,infinitive,caus,kampayitum,kamp
kampitum,kamp,infinitive,,kampitum,kamp
kampya,kamp,gerund,,kampya,kamp
karitum,kF,infinitive,,karitum,kṝ
karItum,kF,infinitive,,karītum,kṝ
karuRAyitum,karuRa,infinitive,,karuṇāyitum,karuṇa
karuRya,karuRa,gerund,,karuṇya,karuṇa
karRayitum,karRa,infinitive,,karṇayitum,karṇa
karRya,karRa,gerund,,karṇya,karṇa
kartitum,kft#1,infinitive,,kartitum,kṛt#1
kartum,kf#1,infinitive,,kartum,kṛ#1
karttum,kft#1,infinitive,,karttum,kṛt#1
kartya,kartf,gerund,,kartya,kartṛ
kartrIyitum,kartf,infinitive,,kartrīyitum,kartṛ
karpitum,kfp,infinitive,,karpitum,kṛp
karptum,kfp,infinitive,,karptum,kṛp
karSayitum,kfS,infinitive,caus,karśayitum,kṛś
karSitum,kfS,infinitive,,karśitum,kṛś
karSya,kfS,gerund,caus,karśya,kṛś
karzayitum,kfz,infinitive,caus,karṣayitum,kṛṣ
karzwum,kfz,infinitive,,karṣṭum,kṛṣ
karzya,kfz,gerund,caus,karṣya,kṛṣ
kalaNkayitum,kalaNka,infinitive,,kalaṅkayitum,kalaṅka
kalaNkya,kalaNka,gerund,,kalaṅkya,kalaṅka
kalayitum,kal,infinitive,,kalayitum,kal
kalayya,kal,gerund,,kalayya,kal
kalahAyitum,kalaha,infinitive,,kalahāyitum,kalaha
kalahya,kalaha,gerund,,kalahya,kalaha
kaluzayitum,kaluza,infinitive,,kaluṣayitum,kaluṣa
kaluzAyitum,kaluza,infinitive,,kaluṣāyitum,kaluṣa
kaluzya,kaluza,gerund,,kaluṣya,kaluṣa
kalpayitum,kxp,infinitive,caus,kalpayitum,kḷp
kalpayya,kxp,gerund,caus,kalpayya,kḷp
kalpitum,kxp,infinitive,,kalpitum,kḷp
kalptum,kxp,infinitive,,kalptum,kḷp
kavalayitum,kavala,infinitive,,kavalayitum,kavala
kavalya,kavala,gerund,,kavalya,kavala
kavitum,kU,infinitive,,kavitum,kū
kavIyitum,kavi,infinitive,,kavīyitum,kavi
kavya,kavi,gerund,,kavya,kavi
kazitum,kaz,infinitive,,kaṣitum,kaṣ
kazwAyitum,kazwa,infinitive,,kaṣṭāyitum,kaṣṭa
kazwya,kazwa,gerund,,kaṣṭya,kaṣṭa
kazya,kaz,gerund,,kaṣya,kaṣ
kasitum,kas,infinitive,,kasitum,kas
kasya,kas,gerund,,kasya,kas
kANkzitum,kANkz,infinitive,,kāṅkṣitum,kāṅkṣ
kANkzya,kANkz,gerund,,kāṅkṣya,kāṅkṣ
kAmayitum,kam,infinitive,caus,kāmayitum,kam
kAmya,kam,gerund,caus,kāmya,kam
kAram,kf#1,gerund,,kāram,kṛ#1
kArayitum,kf#1,infinitive,caus,kārayitum,kṛ#1
kArya,kf#1,gerund,caus,kārya,kṛ#1
kAlayitum,kal,infinitive,caus,kālayitum,kal
kAlayya,kal,gerund,caus,kālayya,kal
kASayitum,kAS,infinitive,caus,kāśayitum,kāś
kASitum,kAS,infinitive,,kāśitum,kāś
kASya,kAS,gerund,,kāśya,kāś
kAzam,kaz,gerund,,kāṣam,kaṣ
kAzayitum,kaz,infinitive,caus,kāṣayitum,kaṣ
kAzya,kaz,gerund,caus,kāṣya,kaṣ
kAsayitum,kas,infinitive,caus,kāsayitum,kas
kAsya,kas,gerund,caus,kāsya,kas
kIrtayitum,kIrt,infinitive,,kīrtayitum,kīrt
kIrtya,kIrt,gerund,,kīrtya,kīrt
kIrya,kF,gerund,,kīrya,kṝ
kucya,kuc,gerund,,kucya,kuc
kuYcayitum,kuc,infinitive,caus,kuñcayitum,kuc
kuYcya,kuc,gerund,caus,kuñcya,kuc
kuwwayitum,kuwwa,infinitive,,kuṭṭayitum,kuṭṭa
kuwwya,kuwwa,gerund,,kuṭṭya,kuṭṭa
kuwya,kuw,gerund,,kuṭya,kuṭ
kuRWitum,kuRW,infinitive,,kuṇṭhitum,kuṇṭh
kuRWya,kuRW,gerund,,kuṇṭhya,kuṇṭh
kuRqayitum,kuRq,infinitive,caus,kuṇḍayitum,kuṇḍ
kuRqitum,kuRq,infinitive,,kuṇḍitum,kuṇḍ
kuRqya,kuRq,gerund,,kuṇḍya,kuṇḍ
kutsayitum,kuts,infinitive,,kutsayitum,kuts
kutsitum,kuts,infinitive,,kutsitum,kuts
kutsya,kuts,gerund,,kutsya,kuts
kunTitum,kunT,infinitive,,kunthitum,kunth
kunTya,kunT,gerund,,kunthya,kunth
kupya,kup,gerund,,kupya,kup
kulya,kul,gerund,,kulya,kul
kusumayitum,kusuma,infinitive,,kusumayitum,kusuma
kusumya,kusuma,gerund,,kusumya,kusuma
kUjitum,kUj,infinitive,,kūjitum,kūj
kUjya,kUj,gerund,,kūjya,kūj
kUya,kU,gerund,,kūya,kū
kfcCrAyitum,kfcCra,infinitive,,kṛcchrāyitum,kṛcchra
kfcCrya,kfcCra,gerund,,kṛcchrya,kṛcchra
kftya,kft#1,gerund,,kṛtya,kṛt#1
kftya,kf#1,gerund,,kṛtya,kṛ#1
kfpayitum,kfp,infinitive,caus,kṛpayitum,kṛp
kfpya,kfp,gerund,,kṛpya,kṛp
kfSya,kfS,gerund,,kṛśya,kṛś
kfzya,kfz,gerund,,kṛṣya,kṛṣ
kxpya,kxp,gerund,,kḷpya,kḷp
kelAyitum,kelA,infinitive,,kelāyitum,kelā
kelya,kelA,gerund,,kelya,kelā
kocitum,kuc,infinitive,,kocitum,kuc
kowitum,kuw,infinitive,,koṭitum,kuṭ
kopitum,kup,infinitive,,kopitum,kup
kolitum,kul,infinitive,,kolitum,kul
krantum,kram,infinitive,,krantum,kram
kranditum,krand,infinitive,,kranditum,krand
krandya,krand,gerund,,krandya,krand
kramayitum,kram,infinitive,caus,kramayitum,kram
kramayya,kram,gerund,caus,kramayya,kram
kramitum,kram,infinitive,,kramitum,kram
kramya,kram,gerund,,kramya,kram
krazwum,kfz,infinitive,,kraṣṭum,kṛṣ
krApayitum,krI,infinitive,caus,krāpayitum,krī
krApya,krI,gerund,caus,krāpya,krī
krAmam,kram,gerund,,krāmam,kram
krAmayitum,kram,infinitive,caus,krāmayitum,kram
krAmayya,kram,gerund,caus,krāmayya,kram
krIqayitum,krIq,infinitive,caus,krīḍayitum,krīḍ
krIqitum,krIq,infinitive,,krīḍitum,krīḍ
krIqya,krIq,gerund,,krīḍya,krīḍ
krIya,krI,gerund,,krīya,krī
krucya,kruYc#1,gerund,,krucya,kruñc#1
kruYcitum,kruYc#1,infinitive,,kruñcitum,kruñc#1
kruDya,kruD#1,gerund,,krudhya,krudh#1
kruSya,kruS,gerund,,kruśya,kruś
kretum,krI,infinitive,,kretum,krī
krodDum,kruD#1,infinitive,,kroddhum,krudh#1
kroDayitum,kruD#1,infinitive,caus,krodhayitum,krudh#1
kroDya,kruD#1,gerund,caus,krodhya,krudh#1
krozwum,kruS,infinitive,,kroṣṭum,kruś
klamitum,klam,infinitive,,klamitum,klam
klamya,klam,gerund,,klamya,klam
klAmayitum,klam,infinitive,caus,klāmayitum,klam
klAmya,klam,gerund,caus,klāmya,klam
klinya,klid,gerund,,klinya,klid
kliSya,kliS,gerund,,kliśya,kliś
klIbatya,klIba,gerund,,klībatya,klība
klIbAyitum,klIba,infinitive,,klībāyitum,klība
klIbetum,klIba,infinitive,,klībetum,klība
klIbya,klIba,gerund,,klībya,klība
klettum,klid,infinitive,,klettum,klid
kledayitum,klid,infinitive,caus,kledayitum,klid
kleditum,klid,infinitive,,kleditum,klid
kledya,klid,gerund,caus,kledya,klid
kleSayitum,kliS,infinitive,caus,kleśayitum,kliś
kleSitum,kliS,infinitive,,kleśitum,kliś
kleSya,kliS,gerund,caus,kleśya,kliś
kvaTitum,kvaT,infinitive,,kvathitum,kvath
kvaTya,kvaT,gerund,,kvathya,kvath
kvATayitum,kvaT,infinitive,caus,kvāthayitum,kvath
kvATya,kvaT,gerund,caus,kvāthya,kvath
kzaditum,kzad,infinitive,,kṣaditum,kṣad
kzadya,kzad,gerund,,kṣadya,kṣad
kzanitum,kzan,infinitive,,kṣanitum,kṣan
kzantum,kzam,infinitive,,kṣantum,kṣam
kzapayitum,kzI,infinitive,caus,kṣapayitum,kṣī
kzapitum,kzap,infinitive,,kṣapitum,kṣap
kzapya,kzap,gerund,,kṣapya,kṣap
kzapya,kzI,gerund,caus,kṣapya,kṣī
kzamayitum,kzam,infinitive,caus,kṣamayitum,kṣam
kzamitum,kzam,infinitive,,kṣamitum,kṣam
kzamya,kzam,gerund,caus,kṣamya,kṣam
kzaya,kzan,gerund,,kṣaya,kṣan
kzayitum,kzI,infinitive,,kṣayitum,kṣī
kzaritum,kzar,infinitive,,kṣaritum,kṣar
kzarya,kzar,gerund,,kṣarya,kṣar
kzavitum,kzu,infinitive,,kṣavitum,kṣu
kzARya,kzam,gerund,,kṣāṇya,kṣam
kzAmayitum,kzam,infinitive,caus,kṣāmayitum,kṣam
kzAmya,kzam,gerund,caus,kṣāmya,kṣam
kzAlayitum,kzal,infinitive,caus,kṣālayitum,kṣal
kzAlya,kzal,gerund,caus,kṣālya,kṣal
kzipya,kzip,gerund,,kṣipya,kṣip
kzItya,kzi,gerund,,kṣītya,kṣi
kzIya,kzI,gerund,,kṣīya,kṣī
kzIrasyitum,kzIra,infinitive,,kṣīrasyitum,kṣīra
kzIrya,kzIra,gerund,,kṣīrya,kṣīra
kzutya,kzu,gerund,,kṣutya,kṣu
kzudya,kzud,gerund,,kṣudya,kṣud
kzuDya,kzuD#1,gerund,,kṣudhya,kṣudh#1
kzuBya,kzuB,gerund,,kṣubhya,kṣubh
kzetum,kzi,infinitive,,kṣetum,kṣi
kzetum,kzI,infinitive,,kṣetum,kṣī
kzepayitum,kzip,infinitive,caus,kṣepayitum,kṣip
kzeptum,kzip,infinitive,,kṣeptum,kṣip
kzepya,kzip,gerund,caus,kṣepya,kṣip
kzottum,kzud,infinitive,,kṣottum,kṣud
kzodDum,kzuD#1,infinitive,,kṣoddhum,kṣudh#1
kzoBayitum,kzuB,infinitive,caus,kṣobhayitum,kṣubh
kzoBitum,kzuB,infinitive,,kṣobhitum,kṣubh
kzoBya,kzuB,gerund,caus,kṣobhya,kṣubh
kzveqayitum,kzviq,infinitive,caus,kṣveḍayitum,kṣviḍ
kzveqitum,kzviq,infinitive,,kṣveḍitum,kṣviḍ
kzveqya,kzviq,gerund,,kṣveḍya,kṣviḍ
Kaqayitum,Kaqa,infinitive,,khaḍayitum,khaḍa
Kaqya,Kaqa,gerund,,khaḍya,khaḍa
KaRqayitum,KaRqa,infinitive,,khaṇḍayitum,khaṇḍa
KaRqya,KaRqa,gerund,,khaṇḍya,khaṇḍa
Kanitum,Kan,infinitive,,khanitum,khan
KAditum,KAd,infinitive,,khāditum,khād
KAdya,KAd,gerund,,khādya,khād
KAnam,Kan,gerund,,khānam,khan
KAnayitum,Kan,infinitive,caus,khānayitum,khan
KAnya,Kan,gerund,caus,khānya,khan
KAya,Kan,gerund,,khāya,khan
Kinya,Kid,gerund,,khinya,khid
Kettum,Kid,infinitive,,khettum,khid
Kedayitum,Kid,infinitive,caus,khedayitum,khid
Kedya,Kid,gerund,caus,khedya,khid
Kelayitum,Kel,infinitive,caus,khelayitum,khel
KelAyitum,Kela,infinitive,,khelāyitum,khela
Kelitum,Kel,infinitive,,khelitum,khel
Kelya,Kel,gerund,,khelya,khel
Kelya,Kela,gerund,,khelya,khela
KyAtum,KyA,infinitive,,khyātum,khyā
KyApayitum,KyA,infinitive,caus,khyāpayitum,khyā
KyApya,KyA,gerund,caus,khyāpya,khyā
KyAya,KyA,gerund,,khyāya,khyā
gajitum,gaj,infinitive,,gajitum,gaj
gajya,gaj,gerund,,gajya,gaj
gaRayitum,gaR,infinitive,,gaṇayitum,gaṇ
gaRayya,gaR,gerund,,gaṇayya,gaṇ
gatya,gam,gerund,,gatya,gam
gadayitum,gad,infinitive,caus,gadayitum,gad
gaditum,gad,infinitive,,gaditum,gad
gadgadya,gadgada,gerund,,gadgadya,gadgada
gadgadyitum,gadgada,infinitive,,gadgadyitum,gadgada
gadya,gad,gerund,,gadya,gad
gantum,gam,infinitive,,gantum,gam
gamayitum,gam,infinitive,caus,gamayitum,gam
gamayya,gam,gerund,caus,gamayya,gam
gamya,gam,gerund,,gamya,gam
garitum,gF#2,infinitive,,garitum,gṝ#2
garItum,gF#2,infinitive,,garītum,gṝ#2
garjitum,garj,infinitive,,garjitum,garj
garjya,garj,gerund,,garjya,garj
garditum,gard,infinitive,,garditum,gard
gardya,gard,gerund,,gardya,gard
garDayitum,gfD,infinitive,caus,gardhayitum,gṛdh
garDitum,gfD,infinitive,,gardhitum,gṛdh
garDya,gfD,gerund,caus,gardhya,gṛdh
garvayitum,garva,infinitive,,garvayitum,garva
garvAyitum,garva,infinitive,,garvāyitum,garva
garvya,garva,gerund,,garvya,garva
garhayitum,garh,infinitive,,garhayitum,garh
garhitum,garh,infinitive,,garhitum,garh
garhya,garh,gerund,,garhya,garh
galitum,gal,infinitive,,galitum,gal
galBitum,galB,infinitive,,galbhitum,galbh
galBya,galB,gerund,,galbhya,galbh
galya,gal,gerund,,galya,gal
gavezayitum,gavez,infinitive,,gaveṣayitum,gaveṣ
gavezitum,gavez,infinitive,,gaveṣitum,gaveṣ
gavezya,gavez,gerund,,gaveṣya,gaveṣ
gavyitum,go,infinitive,,gavyitum,go
gAtum,gA#1,infinitive,,gātum,gā#1
gAtum,gA#2,infinitive,,gātum,gā#2
gAlayitum,gal,infinitive,caus,gālayitum,gal
gAlya,gal,gerund,caus,gālya,gal
gAhitum,gAh,infinitive,,gāhitum,gāh
gAhya,gAh,gerund,,gāhya,gāh
giritum,gF#1,infinitive,,giritum,gṝ#1
gIya,gA#2,gerund,,gīya,gā#2
gIrya,gF#1,gerund,,gīrya,gṝ#1
gIrya,gF#2,gerund,,gīrya,gṝ#2
guYjitum,guYj,infinitive,,guñjitum,guñj
guYjya,guYj,gerund,,guñjya,guñj
guRWayitum,guRW,infinitive,caus,guṇṭhayitum,guṇṭh
guRWya,guRW,gerund,caus,guṇṭhya,guṇṭh
gupayya,gup,gerund,,gupayya,gup
guPya,gumP,gerund,,guphya,gumph
gumPitum,gumP,infinitive,,gumphitum,gumph
gurya,gur,gerund,,gurya,gur
guhya,guh,gerund,,guhya,guh
gUhayitum,guh,infinitive,caus,gūhayitum,guh
gUhitum,guh,infinitive,,gūhitum,guh
gUhya,guh,gerund,caus,gūhya,guh
gfDya,gfD,gerund,,gṛdhya,gṛdh
gfBya,grah,gerund,,gṛbhya,grah
gfhya,grah,gerund,,gṛhya,grah
goQum,guh,infinitive,,goḍhum,guh
gopayitum,gup,infinitive,,gopayitum,gup
gopAyitum,gopA,infinitive,,gopāyitum,gopā
gopya,gopA,gerund,,gopya,gopā
goritum,gur,infinitive,,goritum,gur
gya,go,gerund,,gya,go
graTya,granT,gerund,,grathya,granth
granTitum,granT,infinitive,,granthitum,granth
grasitum,gras,infinitive,,grasitum,gras
grasya,gras,gerund,,grasya,gras
grahItum,grah,infinitive,,grahītum,grah
grAhayitum,grah,infinitive,caus,grāhayitum,grah
grAhya,grah,gerund,caus,grāhya,grah
glapayitum,glE,infinitive,caus,glapayitum,glai
glapya,glE,gerund,caus,glapya,glai
glAtum,glE,infinitive,,glātum,glai
glAya,glE,gerund,,glāya,glai
Gawayitum,Gaw,infinitive,caus,ghaṭayitum,ghaṭ
Gawitum,Gaw,infinitive,,ghaṭitum,ghaṭ
Gawwayitum,Gaww,infinitive,,ghaṭṭayitum,ghaṭṭ
Gawwitum,Gaww,infinitive,,ghaṭṭitum,ghaṭṭ
Gawwya,Gaww,gerund,,ghaṭṭya,ghaṭṭ
Gawya,Gaw,gerund,,ghaṭya,ghaṭ
Gartum,Gf,infinitive,,ghartum,ghṛ
Garzitum,Gfz,infinitive,,gharṣitum,ghṛṣ
GAwayitum,Gaw,infinitive,caus,ghāṭayitum,ghaṭ
GAwya,Gaw,gerund,caus,ghāṭya,ghaṭ
GAtayitum,han#1,infinitive,caus,ghātayitum,han#1
GAtya,han#1,gerund,caus,ghātya,han#1
Guzya,Guz,gerund,,ghuṣya,ghuṣ
GUrRitum,GUrR,infinitive,,ghūrṇitum,ghūrṇ
GUrRya,GUrR,gerund,,ghūrṇya,ghūrṇ
Gftya,Gf,gerund,,ghṛtya,ghṛ
Gfzya,Gfz,gerund,,ghṛṣya,ghṛṣ
Gozayitum,Guz,infinitive,caus,ghoṣayitum,ghuṣ
Gozitum,Guz,infinitive,,ghoṣitum,ghuṣ
Gozwum,Guz,infinitive,,ghoṣṭum,ghuṣ
Gozya,Guz,gerund,caus,ghoṣya,ghuṣ
GrAtum,GrA,infinitive,,ghrātum,ghrā
GrAya,GrA,gerund,,ghrāya,ghrā
cakAsitum,cakAs,infinitive,,cakāsitum,cakās
cakAsya,cakAs,gerund,,cakāsya,cakās
cakzitum,cakz,infinitive,,cakṣitum,cakṣ
cakzya,cakz,gerund,,cakṣya,cakṣ
cacya,caYc,gerund,,cacya,cañc
caYcitum,caYc,infinitive,,cañcitum,cañc
cawitum,caw,infinitive,,caṭitum,caṭ
cawya,caw,gerund,,caṭya,caṭ
canditum,cand,infinitive,,canditum,cand
candya,cand,gerund,,candya,cand
capayitum,ci,infinitive,caus,capayitum,ci
capya,ci,gerund,caus,capya,ci
camitum,cam,infinitive,,camitum,cam
camya,cam,gerund,,camya,cam
cayayitum,ci,infinitive,caus,cayayitum,ci
cayya,ci,gerund,caus,cayya,ci
caritum,car,infinitive,,caritum,car
carcayitum,carca,infinitive,,carcayitum,carca
carcya,carca,gerund,,carcya,carca
cartum,car,infinitive,,cartum,car
carya,car,gerund,,carya,car
calitum,cal,infinitive,,calitum,cal
calya,cal,gerund,,calya,cal
cAtayitum,cat,infinitive,caus,cātayitum,cat
cAtya,cat,gerund,caus,cātya,cat
cApayitum,ci,infinitive,caus,cāpayitum,ci
cApya,ci,gerund,caus,cāpya,ci
cAyayitum,ci,infinitive,caus,cāyayitum,ci
cAyya,ci,gerund,caus,cāyya,ci
cArayitum,car,infinitive,caus,cārayitum,car
cArya,car,gerund,caus,cārya,car
cAlayitum,cal,infinitive,caus,cālayitum,cal
cAlya,cal,gerund,caus,cālya,cal
cikitsitum,cit#1,infinitive,desid,cikitsitum,cit#1
cikitsya,cit#1,gerund,desid,cikitsya,cit#1
cikIrzitum,kf#1,infinitive,desid,cikīrṣitum,kṛ#1
cikIrzya,kf#1,gerund,desid,cikīrṣya,kṛ#1
cikIzitum,ci,infinitive,desid,cikīṣitum,ci
cikIzya,ci,gerund,desid,cikīṣya,ci
cikrIzitum,krI,infinitive,desid,cikrīṣitum,krī
cikrIzya,krI,gerund,desid,cikrīṣya,krī
cicIzitum,ci,infinitive,desid,cicīṣitum,ci
cicIzya,ci,gerund,desid,cicīṣya,ci
citya,cit#1,gerund,,citya,cit#1
citya,ci,gerund,,citya,ci
citrIyitum,citra,infinitive,,citrīyitum,citra
citrya,citra,gerund,,citrya,citra
cintayitum,cint,infinitive,,cintayitum,cint
cintya,cint,gerund,,cintya,cint
cukzUzitum,kzu,infinitive,desid,cukṣūṣitum,kṣu
cukzUzya,kzu,gerund,desid,cukṣūṣya,kṣu
cudya,cud,gerund,,cudya,cud
cumbitum,cumb,infinitive,,cumbitum,cumb
cumbya,cumb,gerund,,cumbya,cumb
curayya,cur,gerund,,curayya,cur
cUrRayitum,cUrRa,infinitive,,cūrṇayitum,cūrṇa
cUrRya,cUrRa,gerund,,cūrṇya,cūrṇa
cUzitum,cUz,infinitive,,cūṣitum,cūṣ
cUzya,cUz,gerund,,cūṣya,cūṣ
cetayitum,cit#1,infinitive,caus,cetayitum,cit#1
cetitum,cit#1,infinitive,,cetitum,cit#1
cetum,ci,infinitive,,cetum,ci
cetya,cit#1,gerund,caus,cetya,cit#1
cezwayitum,cezw,infinitive,caus,ceṣṭayitum,ceṣṭ
cezwitum,cezw,infinitive,,ceṣṭitum,ceṣṭ
cezwya,cezw,gerund,,ceṣṭya,ceṣṭ
codayitum,cud,infinitive,caus,codayitum,cud
codya,cud,gerund,caus,codya,cud
copayitum,kup,infinitive,caus,copayitum,kup
copya,kup,gerund,caus,copya,kup
corayitum,cur,infinitive,,corayitum,cur
cyutya,cyu,gerund,,cyutya,cyu
cyotum,cyu,infinitive,,cyotum,cyu
Caditum,Cad#1,infinitive,,chaditum,chad#1
Cadya,Cad#1,gerund,,chadya,chad#1
Candayitum,Cand,infinitive,caus,chandayitum,chand
Canditum,Cand,infinitive,,chanditum,chand
Candya,Cand,gerund,,chandya,chand
Calayitum,Cala,infinitive,,chalayitum,chala
Calya,Cala,gerund,,chalya,chala
CAdayitum,Cad#1,infinitive,caus,chādayitum,chad#1
CAdya,Cad#1,gerund,caus,chādya,chad#1
Cidya,Cid#1,gerund,,chidya,chid#1
Cidrayitum,Cidra,infinitive,,chidrayitum,chidra
Cidrya,Cidra,gerund,,chidrya,chidra
Curayitum,Cur,infinitive,caus,churayitum,chur
Curya,Cur,gerund,caus,churya,chur
Cettum,Cid#1,infinitive,,chettum,chid#1
Cedayitum,Cid#1,infinitive,caus,chedayitum,chid#1
Cedya,Cid#1,gerund,caus,chedya,chid#1
jagDum,jakz,infinitive,,jagdhum,jakṣ
jaGya,jakz,gerund,,jaghya,jakṣ
janayitum,jan,infinitive,caus,janayitum,jan
janayya,jan,gerund,caus,janayya,jan
janitum,jan,infinitive,,janitum,jan
japitum,jap,infinitive,,japitum,jap
japya,jap,gerund,,japya,jap
jaBitum,jaB#1,infinitive,,jabhitum,jabh#1
jaBitum,jaB#2,infinitive,,jabhitum,jabh#2
jaBya,jaB#1,gerund,,jabhya,jabh#1
jaBya,jaB#2,gerund,,jabhya,jabh#2
jamitum,jam,infinitive,,jamitum,jam
jamya,jam,gerund,,jamya,jam
jayitum,ji,infinitive,,jayitum,ji
jarayitum,jF,infinitive,caus,jarayitum,jṝ
jaritum,jF,infinitive,,jaritum,jṝ
jarItum,jF,infinitive,,jarītum,jṝ
jarya,jF,gerund,caus,jarya,jṝ
jalAyitum,jala,infinitive,,jalāyitum,jala
jalpitum,jalp,infinitive,,jalpitum,jalp
jalpya,jalp,gerund,,jalpya,jalp
jalya,jala,gerund,,jalya,jala
javitum,jU,infinitive,,javitum,jū
jasitum,jas,infinitive,,jasitum,jas
jasya,jas,gerund,,jasya,jas
jahitum,hA#1,infinitive,,jahitum,hā#1
jAgarayitum,jAgf,infinitive,caus,jāgarayitum,jāgṛ
jAgartum,jAgf,infinitive,,jāgartum,jāgṛ
jAgartya,jAgf,gerund,,jāgartya,jāgṛ
jAgarya,jAgf,gerund,caus,jāgarya,jāgṛ
jAtum,jan,infinitive,,jātum,jan
jApayitum,ji,infinitive,caus,jāpayitum,ji
jApya,ji,gerund,caus,jāpya,ji
jAya,jan,gerund,,jāya,jan
jAsayitum,jas,infinitive,caus,jāsayitum,jas
jAsya,jas,gerund,caus,jāsya,jas
jigadizitum,gad,infinitive,desid,jigadiṣitum,gad
jigadizya,gad,gerund,desid,jigadiṣya,gad
jigamizitum,gam,infinitive,desid,jigamiṣitum,gam
jigamizya,gam,gerund,desid,jigamiṣya,gam
jigIzitum,ji,infinitive,desid,jigīṣitum,ji
jigIzya,ji,gerund,desid,jigīṣya,ji
jiGAMsitum,han#1,infinitive,desid,jighāṃsitum,han#1
jiGAMsya,han#1,gerund,desid,jighāṃsya,han#1
jiGfkzitum,grah,infinitive,desid,jighṛkṣitum,grah
jiGfkzya,grah,gerund,desid,jighṛkṣya,grah
jijIvizitum,jIv,infinitive,desid,jijīviṣitum,jīv
jijIvizya,jIv,gerund,desid,jijīviṣya,jīv
jijYAsitum,jYA#1,infinitive,desid,jijñāsitum,jñā#1
jijYAsya,jYA#1,gerund,desid,jijñāsya,jñā#1
jitya,ji,gerund,,jitya,ji
jinvitum,jinv,infinitive,,jinvitum,jinv
jinvya,jinv,gerund,,jinvya,jinv
jihIrzitum,hf#1,infinitive,desid,jihīrṣitum,hṛ#1
jihIrzya,hf#1,gerund,desid,jihīrṣya,hṛ#1
jIya,jyA#1,gerund,,jīya,jyā#1
jIrya,jF,gerund,,jīrya,jṝ
jIvitum,jIv,infinitive,,jīvitum,jīv
jIvya,jIv,gerund,,jīvya,jīv
jugupsitum,gup,infinitive,desid,jugupsitum,gup
jugupsya,gup,gerund,desid,jugupsya,gup
juzya,juz#1,gerund,,juṣya,juṣ#1
juhUzitum,hu,infinitive,desid,juhūṣitum,hu
juhUzya,hu,gerund,desid,juhūṣya,hu
jUya,jU,gerund,,jūya,jū
jfmBitum,jfmB,infinitive,,jṛmbhitum,jṛmbh
jfmBya,jfmB,gerund,,jṛmbhya,jṛmbh
jetum,ji,infinitive,,jetum,ji
jozayitum,juz#1,infinitive,caus,joṣayitum,juṣ#1
jozitum,juz#1,infinitive,,joṣitum,juṣ#1
jozya,juz#1,gerund,caus,joṣya,juṣ#1
jYapayitum,jYA#1,infinitive,caus,jñapayitum,jñā#1
jYapya,jYA#1,gerund,caus,jñapya,jñā#1
jYAtum,jYA#1,infinitive,,jñātum,jñā#1
jYApayitum,jYA#1,infinitive,caus,jñāpayitum,jñā#1
jYAptum,jYA#1,infinitive,caus,jñāptum,jñā#1
jYApya,jYA#1,gerund,caus,jñāpya,jñā#1
jYAya,jYA#1,gerund,,jñāya,jñā#1
jyAtum,jyA#1,infinitive,,jyātum,jyā#1
jyutya,jyut,gerund,,jyutya,jyut
jyotayitum,jyut,infinitive,caus,jyotayitum,jyut
jyotitum,jyut,infinitive,,jyotitum,jyut
jyotya,jyut,gerund,caus,jyotya,jyut
jvaritum,jvar,infinitive,,jvaritum,jvar
jvarya,jvar,gerund,,jvarya,jvar
jvalayitum,jval,infinitive,caus,jvalayitum,jval
jvalayya,jval,gerund,caus,jvalayya,jval
jvalitum,jval,infinitive,,jvalitum,jval
jvalya,jval,gerund,,jvalya,jval
qambayitum,qamb,infinitive,,ḍambayitum,ḍamb
qambya,qamb,gerund,,ḍambya,ḍamb
qayitum,qI,infinitive,,ḍayitum,ḍī
qIya,qI,gerund,,ḍīya,ḍī
takitum,tak,infinitive,,takitum,tak
takya,tak,gerund,,takya,tak
takzitum,takz,infinitive,,takṣitum,takṣ
takzya,takz,gerund,,takṣya,takṣ
taNktum,taYc,infinitive,,taṅktum,tañc
tacya,taYc,gerund,,tacya,tañc
taYcitum,taYc,infinitive,,tañcitum,tañc
tatya,tan#1,gerund,,tatya,tan#1
tanitum,tan#1,infinitive,,tanitum,tan#1
tanitum,tan#2,infinitive,,tanitum,tan#2
tantrayitum,tantra,infinitive,,tantrayitum,tantra
tantrya,tantra,gerund,,tantrya,tantra
tandrayitum,tandr,infinitive,,tandrayitum,tandr
tandrya,tandr,gerund,,tandrya,tandr
tanya,tan#1,gerund,,tanya,tan#1
tanya,tan#2,gerund,,tanya,tan#2
tapaya,tapas,gerund,,tapaya,tapas
tapasyitum,tapas,infinitive,,tapasyitum,tapas
tapitum,tap,infinitive,,tapitum,tap
taptum,tap,infinitive,,taptum,tap
tapya,tap,gerund,,tapya,tap
tamitum,tam,infinitive,,tamitum,tam
tamya,tam,gerund,,tamya,tam
taritum,tF,infinitive,,taritum,tṝ
tarItum,tF,infinitive,,tarītum,tṝ
taruRayitum,taruRa,infinitive,,taruṇayitum,taruṇa
taruRAyitum,taruRa,infinitive,,taruṇāyitum,taruṇa
taruRya,taruRa,gerund,,taruṇya,taruṇa
tarkayitum,tark,infinitive,,tarkayitum,tark
tarkya,tark,gerund,,tarkya,tark
tarjayitum,tarj,infinitive,caus,tarjayitum,tarj
tarjitum,tarj,infinitive,,tarjitum,tarj
tarjya,tarj,gerund,,tarjya,tarj
tarditum,tfd,infinitive,,tarditum,tṛd
tarpayitum,tfp#1,infinitive,caus,tarpayitum,tṛp#1
tarptum,tfp#1,infinitive,,tarptum,tṛp#1
tarpya,tfp#1,gerund,caus,tarpya,tṛp#1
tarzam,tfz,gerund,,tarṣam,tṛṣ
tarzitum,tfz,infinitive,,tarṣitum,tṛṣ
tavizIyitum,taviza,infinitive,,taviṣīyitum,taviṣa
tavizya,taviza,gerund,,taviṣya,taviṣa
tAqayitum,taq,infinitive,caus,tāḍayitum,taḍ
tAqya,taq,gerund,caus,tāḍya,taḍ
tApayitum,tap,infinitive,caus,tāpayitum,tap
tApya,tap,gerund,caus,tāpya,tap
tArayitum,tF,infinitive,caus,tārayitum,tṝ
tArya,tF,gerund,caus,tārya,tṝ
tijya,tij,gerund,,tijya,tij
titikzitum,tij,infinitive,desid,titikṣitum,tij
titikzya,tij,gerund,desid,titikṣya,tij
titIrzitum,tF,infinitive,desid,titīrṣitum,tṝ
titIrzya,tF,gerund,desid,titīrṣya,tṝ
tiraya,tiras,gerund,,tiraya,tiras
tirasyitum,tiras,infinitive,,tirasyitum,tiras
tIrya,tF,gerund,,tīrya,tṝ
tudya,tud#1,gerund,,tudya,tud#1
tupya,tup,gerund,,tupya,tup
tulayitum,tul,infinitive,,tulayitum,tul
tulayya,tul,gerund,,tulayya,tul
tuzwUzitum,stu,infinitive,desid,tuṣṭūṣitum,stu
tuzwUzya,stu,gerund,desid,tuṣṭūṣya,stu
tuzya,tuz,gerund,,tuṣya,tuṣ
tuhinayitum,tuhina,infinitive,,tuhinayitum,tuhina
tuhinya,tuhina,gerund,,tuhinya,tuhina
tUrya,tvar,gerund,,tūrya,tvar
tfdas,tfd,infinitive,,tṛdas,tṛd
tfdya,tfd,gerund,,tṛdya,tṛd
tfpya,tfp#1,gerund,,tṛpya,tṛp#1
tfzya,tfz,gerund,,tṛṣya,tṛṣ
tejayitum,tij,infinitive,caus,tejayitum,tij
tejitum,tij,infinitive,,tejitum,tij
tejya,tij,gerund,caus,tejya,tij
tottum,tud#1,infinitive,,tottum,tud#1
topitum,tup,infinitive,,topitum,tup
tolayitum,tul,infinitive,,tolayitum,tul
tozayitum,tuz,infinitive,caus,toṣayitum,tuṣ
tozwum,tuz,infinitive,,toṣṭum,tuṣ
tozya,tuz,gerund,caus,toṣya,tuṣ
tyaktum,tyaj#1,infinitive,,tyaktum,tyaj#1
tyajitum,tyaj#1,infinitive,,tyajitum,tyaj#1
tyajya,tyaj#1,gerund,,tyajya,tyaj#1
tyAjayitum,tyaj#1,infinitive,caus,tyājayitum,tyaj#1
tyAjya,tyaj#1,gerund,caus,tyājya,tyaj#1
trapayitum,trap,infinitive,caus,trapayitum,trap
trapitum,trap,infinitive,,trapitum,trap
trapya,trap,gerund,,trapya,trap
trasitum,tras,infinitive,,trasitum,tras
trasya,tras,gerund,,trasya,tras
trAtum,trE,infinitive,,trātum,trai
trAya,trE,gerund,,trāya,trai
trAsayitum,tras,infinitive,caus,trāsayitum,tras
trAsya,tras,gerund,caus,trāsya,tras
truwya,truw,gerund,,truṭya,truṭ
trowayitum,truw,infinitive,caus,troṭayitum,truṭ
trowitum,truw,infinitive,,troṭitum,truṭ
trowya,truw,gerund,caus,troṭya,truṭ
tvakzitum,tvakz,infinitive,,tvakṣitum,tvakṣ
tvakzya,tvakz,gerund,,tvakṣya,tvakṣ
tvarayitum,tvar,infinitive,caus,tvarayitum,tvar
tvaritum,tvar,infinitive,,tvaritum,tvar
tvarya,tvar,gerund,,tvarya,tvar
tvizya,tviz#1,gerund,,tviṣya,tviṣ#1
tvezwum,tviz#1,infinitive,,tveṣṭum,tviṣ#1
tsaritum,tsar,infinitive,,tsaritum,tsar
tsarya,tsar,gerund,,tsarya,tsar
daMSitum,daMS,infinitive,,daṃśitum,daṃś
dakzitum,dakz,infinitive,,dakṣitum,dakṣ
dakzya,dakz,gerund,,dakṣya,dakṣ
dagDum,dah#1,infinitive,,dagdhum,dah#1
daGitum,daG,infinitive,,daghitum,dagh
daGya,daG,gerund,,daghya,dagh
daRqayitum,daRqa,infinitive,,daṇḍayitum,daṇḍa
daRqya,daRqa,gerund,,daṇḍya,daṇḍa
daBitum,daB,infinitive,,dabhitum,dabh
daBya,daB,gerund,,dabhya,dabh
damayitum,dam#1,infinitive,caus,damayitum,dam#1
damitum,dam#1,infinitive,,damitum,dam#1
damya,dam#1,gerund,caus,damya,dam#1
dayitum,day,infinitive,,dayitum,day
dayya,day,gerund,,dayya,day
daritum,dF,infinitive,,daritum,dṝ
darItum,dF,infinitive,,darītum,dṝ
darpayitum,dfp,infinitive,caus,darpayitum,dṛp
darpitum,dfp,infinitive,,darpitum,dṛp
darptum,dfp,infinitive,,darptum,dṛp
darpya,dfp,gerund,caus,darpya,dṛp
darBayitum,dfB,infinitive,caus,darbhayitum,dṛbh
darBitum,dfB,infinitive,,darbhitum,dṛbh
darBya,dfB,gerund,caus,darbhya,dṛbh
darSayitum,dfS#1,infinitive,caus,darśayitum,dṛś#1
darSya,dfS#1,gerund,caus,darśya,dṛś#1
darhitum,dfh,infinitive,,darhitum,dṛh
dalitum,dal,infinitive,,dalitum,dal
dalya,dal,gerund,,dalya,dal
daSya,daMS,gerund,,daśya,daṃś
dasitum,das,infinitive,,dasitum,das
dasya,das,gerund,,dasya,das
dahitum,dah#1,infinitive,,dahitum,dah#1
dahya,dah#1,gerund,,dahya,dah#1
dAtum,dA#1,infinitive,,dātum,dā#1
dAtum,dA#2,infinitive,,dātum,dā#2
dAtum,dA#3,infinitive,,dātum,dā#3
dAnya,dam#1,gerund,,dānya,dam#1
dApayitum,dA#1,infinitive,caus,dāpayitum,dā#1
dApya,dA#1,gerund,caus,dāpya,dā#1
dAya,dA#1,gerund,,dāya,dā#1
dAya,dA#2,gerund,,dāya,dā#2
dAyam,dA#1,gerund,,dāyam,dā#1
dArayitum,dF,infinitive,caus,dārayitum,dṝ
dArya,dF,gerund,caus,dārya,dṝ
dAvayitum,du,infinitive,caus,dāvayitum,du
dAvya,du,gerund,caus,dāvya,du
dASayitum,dAS#1,infinitive,caus,dāśayitum,dāś#1
dASitum,dAS#1,infinitive,,dāśitum,dāś#1
dASya,dAS#1,gerund,,dāśya,dāś#1
dAsayitum,das,infinitive,caus,dāsayitum,das
dAsya,das,gerund,caus,dāsya,das
dAhayitum,dah#1,infinitive,caus,dāhayitum,dah#1
dAhya,dah#1,gerund,caus,dāhya,dah#1
ditsitum,dA#1,infinitive,desid,ditsitum,dā#1
ditsya,dA#1,gerund,desid,ditsya,dā#1
didikzitum,diS#1,infinitive,desid,didikṣitum,diś#1
didikzya,diS#1,gerund,desid,didikṣya,diś#1
didfkzitum,dfS#1,infinitive,desid,didṛkṣitum,dṛś#1
didfkzya,dfS#1,gerund,desid,didṛkṣya,dṛś#1
diDizitum,DA#1,infinitive,desid,didhiṣitum,dhā#1
diDizya,DA#1,gerund,desid,didhiṣya,dhā#1
diDyAsitum,DyA,infinitive,desid,didhyāsitum,dhyā
diDyAsya,DyA,gerund,desid,didhyāsya,dhyā
diSya,diS#1,gerund,,diśya,diś#1
dihya,dih,gerund,,dihya,dih
dIkzayitum,dIkz,infinitive,caus,dīkṣayitum,dīkṣ
dIkzitum,dIkz,infinitive,,dīkṣitum,dīkṣ
dIkzya,dIkz,gerund,,dīkṣya,dīkṣ
dIpayitum,dIp,infinitive,caus,dīpayitum,dīp
dIpitum,dIp,infinitive,,dīpitum,dīp
dIpya,dIp,gerund,,dīpya,dīp
dIya,dA#3,gerund,,dīya,dā#3
dIrya,dF,gerund,,dīrya,dṝ
dIvitum,dIv#1,infinitive,,dīvitum,dīv#1
duHKya,duHKa,gerund,,duḥkhya,duḥkha
duHKyitum,duHKa,infinitive,,duḥkhyitum,duḥkha
dutya,du,gerund,,dutya,du
dudUzitum,du,infinitive,desid,dudūṣitum,du
dudUzya,du,gerund,desid,dudūṣya,du
dudrUzitum,dru#1,infinitive,desid,dudrūṣitum,dru#1
dudrUzya,dru#1,gerund,desid,dudrūṣya,dru#1
duDukzitum,duh#1,infinitive,desid,dudhukṣitum,duh#1
duDukzya,duh#1,gerund,desid,dudhukṣya,duh#1
durdinAyitum,durdina,infinitive,,durdināyitum,durdina
durdinya,durdina,gerund,,durdinya,durdina
duzya,duz,gerund,,duṣya,duṣ
duhya,duh#1,gerund,,duhya,duh#1
dUzayitum,duz,infinitive,caus,dūṣayitum,duṣ
dUzya,duz,gerund,caus,dūṣya,duṣ
dfpya,dfp,gerund,,dṛpya,dṛp
dfBya,dfB,gerund,,dṛbhya,dṛbh
dfSya,dfS#1,gerund,,dṛśya,dṛś#1
dfhya,dfh,gerund,,dṛhya,dṛh
degDum,dih,infinitive,,degdhum,dih
devayitum,deva,infinitive,,devayitum,deva
devayitum,dev,infinitive,caus,devayitum,dev
devayitum,dIv#1,infinitive,caus,devayitum,dīv#1
devitum,dev,infinitive,,devitum,dev
devya,dev,gerund,,devya,dev
devya,deva,gerund,,devya,deva
devya,dIv#1,gerund,caus,devya,dīv#1
deSayitum,diS#1,infinitive,caus,deśayitum,diś#1
deSya,diS#1,gerund,caus,deśya,diś#1
dezwum,diS#1,infinitive,,deṣṭum,diś#1
dehayitum,dih,infinitive,caus,dehayitum,dih
dehya,dih,gerund,caus,dehya,dih
dogDum,duh#1,infinitive,,dogdhum,duh#1
dotum,du,infinitive,,dotum,du
dolayitum,dola,infinitive,,dolayitum,dola
dolya,dola,gerund,,dolya,dola
dozwum,duz,infinitive,,doṣṭum,duṣ
dohayitum,duh#1,infinitive,caus,dohayitum,duh#1
dohya,duh#1,gerund,caus,dohya,duh#1
dyutya,dyut#1,gerund,,dyutya,dyut#1
dyUya,dIv#1,gerund,,dyūya,dīv#1
dyotayitum,dyut#1,infinitive,caus,dyotayitum,dyut#1
dyotitum,dyut#1,infinitive,,dyotitum,dyut#1
dyotya,dyut#1,gerund,caus,dyotya,dyut#1
drazwum,dfS#1,infinitive,,draṣṭum,dṛś#1
drAtum,drA#1,infinitive,,drātum,drā#1
drAtum,drA#2,infinitive,,drātum,drā#2
drApayitum,drA#1,infinitive,caus,drāpayitum,drā#1
drApya,drA#1,gerund,caus,drāpya,drā#1
drAya,drA#1,gerund,,drāya,drā#1
drAya,drA#2,gerund,,drāya,drā#2
drArayitum,druh#1,infinitive,caus,drārayitum,druh#1
drArya,druh#1,gerund,caus,drārya,druh#1
drAvayitum,dru#1,infinitive,caus,drāvayitum,dru#1
drAvya,dru#1,gerund,caus,drāvya,dru#1
drutya,dru#1,gerund,,drutya,dru#1
druhya,druh#1,gerund,,druhya,druh#1
drogDum,druh#1,infinitive,,drogdhum,druh#1
drotum,dru#1,infinitive,,drotum,dru#1
drohitum,druh#1,infinitive,,drohitum,druh#1
dvizya,dviz#1,gerund,,dviṣya,dviṣ#1
dvezwum,dviz#1,infinitive,,dveṣṭum,dviṣ#1
DanAyitum,Dana,infinitive,,dhanāyitum,dhana
DanIyitum,Dana,infinitive,,dhanīyitum,dhana
Danya,Dana,gerund,,dhanya,dhana
Dartum,Df,infinitive,,dhartum,dhṛ
Darzayitum,Dfz,infinitive,caus,dharṣayitum,dhṛṣ
Darzitum,Dfz,infinitive,,dharṣitum,dhṛṣ
Darzya,Dfz,gerund,caus,dharṣya,dhṛṣ
Davitum,DU#1,infinitive,,dhavitum,dhū#1
DAtum,DA#1,infinitive,,dhātum,dhā#1
DAtum,DA#2,infinitive,,dhātum,dhā#2
DApayitum,DA#1,infinitive,caus,dhāpayitum,dhā#1
DApya,DA#1,gerund,caus,dhāpya,dhā#1
DAya,DA#1,gerund,,dhāya,dhā#1
DArayitum,Df,infinitive,caus,dhārayitum,dhṛ
DArayya,Df,gerund,caus,dhārayya,dhṛ
DAritum,Df,infinitive,caus,dhāritum,dhṛ
DAvitum,DAv#1,infinitive,,dhāvitum,dhāv#1
DAvitum,DAv#2,infinitive,,dhāvitum,dhāv#2
DAvya,DAv#1,gerund,,dhāvya,dhāv#1
DAvya,DAv#2,gerund,,dhāvya,dhāv#2
Ditsitum,DA#1,infinitive,desid,dhitsitum,dhā#1
Ditsya,DA#1,gerund,desid,dhitsya,dhā#1
DIya,DI#1,gerund,,dhīya,dhī#1
DIya,DA#2,gerund,,dhīya,dhā#2
DIrayitum,DIra#1,infinitive,,dhīrayitum,dhīra#1
DIrya,DIra#1,gerund,,dhīrya,dhīra#1
Dukzayitum,Dukz,infinitive,caus,dhukṣayitum,dhukṣ
Dukzitum,Dukz,infinitive,,dhukṣitum,dhukṣ
Dukzya,Dukz,gerund,,dhukṣya,dhukṣ
Duya,DU#1,gerund,,dhuya,dhū#1
DUmAyitum,DUma,infinitive,,dhūmāyitum,dhūma
DUmya,DUma,gerund,,dhūmya,dhūma
DUya,DU#1,gerund,,dhūya,dhū#1
DUrtya,Dvf,gerund,,dhūrtya,dhvṛ
Dftya,Df,gerund,,dhṛtya,dhṛ
Dfzya,Dfz,gerund,,dhṛṣya,dhṛṣ
Detum,DI#1,infinitive,,dhetum,dhī#1
DmAtum,Dam,infinitive,,dhmātum,dham
DmAya,Dam,gerund,,dhmāya,dham
DyAtum,DyA,infinitive,,dhyātum,dhyā
DyAya,DyA,gerund,,dhyāya,dhyā
Drutya,Dru,gerund,,dhrutya,dhru
Drotum,Dru,infinitive,,dhrotum,dhru
DvaMsayitum,DvaMs,infinitive,caus,dhvaṃsayitum,dhvaṃs
DvaMsitum,DvaMs,infinitive,,dhvaṃsitum,dhvaṃs
DvaMsya,DvaMs,gerund,caus,dhvaṃsya,dhvaṃs
Dvanayitum,Dvan,infinitive,caus,dhvanayitum,dhvan
Dvanitum,Dvan,infinitive,,dhvanitum,dhvan
Dvartum,Dvf,infinitive,,dhvartum,dhvṛ
Dvasya,DvaMs,gerund,,dhvasya,dhvaṃs
DvANkzitum,DvANkz,infinitive,,dhvāṅkṣitum,dhvāṅkṣ
DvANkzya,DvANkz,gerund,,dhvāṅkṣya,dhvāṅkṣ
DvAnya,Dvan,gerund,,dhvānya,dhvan
DvArayitum,Dvf,infinitive,caus,dhvārayitum,dhvṛ
DvArya,Dvf,gerund,caus,dhvārya,dhvṛ
naMzwum,naS#1,infinitive,,naṃṣṭum,naś#1
natya,nam,gerund,,natya,nam
nadayitum,nad,infinitive,caus,nadayitum,nad
naditum,nad,infinitive,,naditum,nad
nadDum,nah,infinitive,,naddhum,nah
nadya,nad,gerund,,nadya,nad
nantum,nam,infinitive,,nantum,nam
nandayitum,nand,infinitive,caus,nandayitum,nand
nanditum,nand,infinitive,,nanditum,nand
nandya,nand,gerund,,nandya,nand
namaya,namas,gerund,,namaya,namas
namasyitum,namas,infinitive,,namasyitum,namas
namitum,nam,infinitive,,namitum,nam
namya,nam,gerund,,namya,nam
nayitum,nI#1,infinitive,,nayitum,nī#1
nartayitum,nft,infinitive,caus,nartayitum,nṛt
nartitum,nft,infinitive,,nartitum,nṛt
narttum,nft,infinitive,,narttum,nṛt
nartya,nft,gerund,caus,nartya,nṛt
narditum,nard,infinitive,,narditum,nard
nardya,nard,gerund,,nardya,nard
navitum,nu#1,infinitive,,navitum,nu#1
naSitum,naS#1,infinitive,,naśitum,naś#1
naSya,naS#1,gerund,,naśya,naś#1
nazwum,naS#1,infinitive,,naṣṭum,naś#1
nahya,nah,gerund,,nahya,nah
nATitum,nAT,infinitive,,nāthitum,nāth
nATya,nAT,gerund,,nāthya,nāth
nAdayitum,nad,infinitive,caus,nādayitum,nad
nAdya,nad,gerund,caus,nādya,nad
nAmayitum,nam,infinitive,caus,nāmayitum,nam
nAmya,nam,gerund,caus,nāmya,nam
nAyayitum,nI#1,infinitive,caus,nāyayitum,nī#1
nAyya,nI#1,gerund,caus,nāyya,nī#1
nAvyitum,nO#1,infinitive,,nāvyitum,nau#1
nASayitum,naS#1,infinitive,caus,nāśayitum,naś#1
nASya,naS#1,gerund,caus,nāśya,naś#1
nikazAyitum,nikaza,infinitive,,nikaṣāyitum,nikaṣa
nikazya,nikaza,gerund,,nikaṣya,nikaṣa
nijya,nij,gerund,,nijya,nij
niYjitum,nij,infinitive,,niñjitum,nij
ninadizitum,nad,infinitive,desid,ninadiṣitum,nad
ninadizya,nad,gerund,desid,ninadiṣya,nad
ninartizitum,nft,infinitive,desid,ninartiṣitum,nṛt
ninartizya,nft,gerund,desid,ninartiṣya,nṛt
ninIzitum,nI#1,infinitive,desid,ninīṣitum,nī#1
ninIzya,nI#1,gerund,desid,ninīṣya,nī#1
ninftsitum,nft,infinitive,desid,ninṛtsitum,nṛt
ninftsya,nft,gerund,desid,ninṛtsya,nṛt
ninditum,nind,infinitive,,ninditum,nind
nindya,nind,gerund,,nindya,nind
nIya,nI#1,gerund,,nīya,nī#1
nIhArAyitum,nIhAra,infinitive,,nīhārāyitum,nīhāra
nIhArya,nIhAra,gerund,,nīhārya,nīhāra
nutya,nu#1,gerund,,nutya,nu#1
nudya,nud,gerund,,nudya,nud
nftya,nft,gerund,,nṛtya,nṛt
nektum,nij,infinitive,,nektum,nij
nejayitum,nij,infinitive,caus,nejayitum,nij
nejya,nij,gerund,caus,nejya,nij
netum,nI#1,infinitive,,netum,nī#1
nenikzitum,nij,infinitive,desid,nenikṣitum,nij
nenikzya,nij,gerund,desid,nenikṣya,nij
nottum,nud,infinitive,,nottum,nud
nodayitum,nud,infinitive,caus,nodayitum,nud
nodya,nud,gerund,caus,nodya,nud
nya,nO#1,gerund,,nya,nau#1
paktum,pac,infinitive,,paktum,pac
pakya,pac,gerund,,pakya,pac
pawapawAyitum,pawapawA,infinitive,,paṭapaṭāyitum,paṭapaṭā
pawapawya,pawapawA,gerund,,paṭapaṭya,paṭapaṭā
pawitum,paw,infinitive,,paṭitum,paṭ
pawya,paw,gerund,,paṭya,paṭ
paWitum,paW,infinitive,,paṭhitum,paṭh
paWya,paW,gerund,,paṭhya,paṭh
paRayitum,paR,infinitive,caus,paṇayitum,paṇ
paRitum,paR,infinitive,,paṇitum,paṇ
paRya,paR,gerund,,paṇya,paṇ
patitum,pat#1,infinitive,,patitum,pat#1
pattum,pad#1,infinitive,,pattum,pad#1
patya,pat#1,gerund,,patya,pat#1
patya,pat#2,gerund,,patya,pat#2
paTitum,paT,infinitive,,pathitum,path
paTya,paT,gerund,,pathya,path
padya,pad#1,gerund,,padya,pad#1
payaya,payas,gerund,,payaya,payas
payasyitum,payas,infinitive,,payasyitum,payas
payAyitum,payas,infinitive,,payāyitum,payas
parcitum,pfc,infinitive,,parcitum,pṛc
partum,pf#1,infinitive,,partum,pṛ#1
parTayitum,pfT,infinitive,,parthayitum,pṛth
parzitum,pfz,infinitive,,parṣitum,pṛṣ
palAyitum,palAy,infinitive,,palāyitum,palāy
palAyya,palAy,gerund,,palāyya,palāy
pavitum,pU#1,infinitive,,pavitum,pū#1
pavitrayitum,pavitra,infinitive,,pavitrayitum,pavitra
pavitrya,pavitra,gerund,,pavitrya,pavitra
pAcayitum,pac,infinitive,caus,pācayitum,pac
pAcya,pac,gerund,caus,pācya,pac
pAwayitum,paw,infinitive,caus,pāṭayitum,paṭ
pAwya,paw,gerund,caus,pāṭya,paṭ
pAWayitum,paW,infinitive,caus,pāṭhayitum,paṭh
pAWya,paW,gerund,caus,pāṭhya,paṭh
pAtayitum,pat#1,infinitive,caus,pātayitum,pat#1
pAtum,pA#1,infinitive,,pātum,pā#1
pAtum,pA#2,infinitive,,pātum,pā#2
pAtya,pat#1,gerund,caus,pātya,pat#1
pATayitum,paT,infinitive,caus,pāthayitum,path
pATya,paT,gerund,caus,pāthya,path
pAdayitum,pad#1,infinitive,caus,pādayitum,pad#1
pAdya,pad#1,gerund,caus,pādya,pad#1
pAyam,pA#1,gerund,,pāyam,pā#1
pAyayitum,pA#1,infinitive,caus,pāyayitum,pā#1
pAyya,pA#1,gerund,caus,pāyya,pā#1
pArayitum,pf#1,infinitive,caus,pārayitum,pṛ#1
pArayitum,pF,infinitive,caus,pārayitum,pṝ
pArayya,pF,gerund,caus,pārayya,pṝ
pArya,pf#1,gerund,caus,pārya,pṛ#1
pAlayitum,pA#2,infinitive,caus,pālayitum,pā#2
pAlya,pA#2,gerund,caus,pālya,pā#2
pASayitum,pASa,infinitive,,pāśayitum,pāśa
pASya,pASa,gerund,,pāśya,pāśa
pijya,piYj,gerund,,pijya,piñj
piYjitum,piYj,infinitive,,piñjitum,piñj
piRqayitum,piRqa,infinitive,,piṇḍayitum,piṇḍa
piRqya,piRqa,gerund,,piṇḍya,piṇḍa
pipakzitum,pac,infinitive,desid,pipakṣitum,pac
pipakzya,pac,gerund,desid,pipakṣya,pac
pipaWizitum,paW,infinitive,desid,pipaṭhiṣitum,paṭh
pipaWizya,paW,gerund,desid,pipaṭhiṣya,paṭh
pipatizitum,pat#1,infinitive,desid,pipatiṣitum,pat#1
pipatizya,pat#1,gerund,desid,pipatiṣya,pat#1
pipAsitum,pA#1,infinitive,desid,pipāsitum,pā#1
pipAsitum,pA#2,infinitive,desid,pipāsitum,pā#2
pipAsya,pA#1,gerund,desid,pipāsya,pā#1
pipAsya,pA#2,gerund,desid,pipāsya,pā#2
piprIzitum,prI,infinitive,desid,piprīṣitum,prī
piprIzya,prI,gerund,desid,piprīṣya,prī
piSya,piS#1,gerund,,piśya,piś#1
pizya,piz,gerund,,piṣya,piṣ
pIqayitum,pIq,infinitive,,pīḍayitum,pīḍ
pIqya,pIq,gerund,,pīḍya,pīḍ
pIya,pA#1,gerund,,pīya,pā#1
pIya,pA#2,gerund,,pīya,pā#2
pIya,pi#2,gerund,,pīya,pi#2
pIyUzavarzAyitum,pIyUzavarza,infinitive,,pīyūṣavarṣāyitum,pīyūṣavarṣa
pIyUzavarzya,pIyUzavarza,gerund,,pīyūṣavarṣya,pīyūṣavarṣa
putrakAmya,putrakAma,gerund,,putrakāmya,putrakāma
putrakAmyitum,putrakAma,infinitive,,putrakāmyitum,putrakāma
putriyitum,putra,infinitive,,putriyitum,putra
putrIyitum,putra,infinitive,,putrīyitum,putra
putrya,putra,gerund,,putrya,putra
puTya,puT,gerund,,puthya,puth
pupUrzitum,pF,infinitive,desid,pupūrṣitum,pṝ
pupUrzya,pF,gerund,desid,pupūrṣya,pṝ
pulakayitum,pulaka,infinitive,,pulakayitum,pulaka
pulakya,pulaka,gerund,,pulakya,pulaka
puzkarAyitum,puzkara,infinitive,,puṣkarāyitum,puṣkara
puzkarya,puzkara,gerund,,puṣkarya,puṣkara
puzpAyitum,puzpa,infinitive,,puṣpāyitum,puṣpa
puzpya,puzpa,gerund,,puṣpya,puṣpa
puzpyitum,puzpa,infinitive,,puṣpyitum,puṣpa
puzya,puz#1,gerund,,puṣya,puṣ#1
pUjayitum,pUj,infinitive,,pūjayitum,pūj
pUjya,pUj,gerund,,pūjya,pūj
pUya,pUy,gerund,,pūya,pūy
pUya,pU#1,gerund,,pūya,pū#1
pUyitum,pUy,infinitive,,pūyitum,pūy
pUrayitum,pF,infinitive,caus,pūrayitum,pṝ
pUrayya,pF,gerund,caus,pūrayya,pṝ
pUritum,pF,infinitive,,pūritum,pṝ
pUrya,pF,gerund,,pūrya,pṝ
pUlatya,pUla,gerund,,pūlatya,pūla
pUlayitum,pUla,infinitive,,pūlayitum,pūla
pUletum,pUla,infinitive,,pūletum,pūla
pUlya,pUla,gerund,,pūlya,pūla
pfcCam,praS,gerund,,pṛccham,praś
pfcCya,praS,gerund,,pṛcchya,praś
pfcya,pfc,gerund,,pṛcya,pṛc
pfTayya,pfT,gerund,,pṛthayya,pṛth
pfzya,pfz,gerund,,pṛṣya,pṛṣ
petum,pi#2,infinitive,,petum,pi#2
peSitum,piS#1,infinitive,,peśitum,piś#1
pezwum,piz,infinitive,,peṣṭum,piṣ
poTayitum,puT,infinitive,caus,pothayitum,puth
poTitum,puT,infinitive,,pothitum,puth
poTya,puT,gerund,caus,pothya,puth
pozayitum,puz#1,infinitive,caus,poṣayitum,puṣ#1
pozwum,puz#1,infinitive,,poṣṭum,puṣ#1
pozya,puz#1,gerund,caus,poṣya,puṣ#1
pyAtum,pyA,infinitive,,pyātum,pyā
pyAya,pyA,gerund,,pyāya,pyā
pracCayitum,praS,infinitive,caus,pracchayitum,praś
pracCya,praS,gerund,caus,pracchya,praś
pratikUlayitum,pratikUla,infinitive,,pratikūlayitum,pratikūla
pratikUlya,pratikUla,gerund,,pratikūlya,pratikūla
praTayitum,praT,infinitive,caus,prathayitum,prath
praTitum,praT,infinitive,,prathitum,prath
praTya,praT,gerund,,prathya,prath
prazwum,praS,infinitive,,praṣṭum,praś
prasAdayitum,prasAda,infinitive,,prasādayitum,prasāda
prasAdya,prasAda,gerund,,prasādya,prasāda
prAvayitum,pru,infinitive,caus,prāvayitum,pru
prAvya,pru,gerund,caus,prāvya,pru
prAsAdIyitum,prAsAda,infinitive,,prāsādīyitum,prāsāda
prAsAdya,prAsAda,gerund,,prāsādya,prāsāda
pritya,pf#1,gerund,,pritya,pṛ#1
priyAyitum,priya,infinitive,,priyāyitum,priya
priyya,priya,gerund,,priyya,priya
prIRayitum,prI,infinitive,caus,prīṇayitum,prī
prIRya,prI,gerund,caus,prīṇya,prī
prIya,prI,gerund,,prīya,prī
prUtya,pru,gerund,,prūtya,pru
pretum,prI,infinitive,,pretum,prī
protum,pru,infinitive,,protum,pru
plAvayitum,plu,infinitive,caus,plāvayitum,plu
plAvya,plu,gerund,caus,plāvya,plu
plutya,plu,gerund,,plutya,plu
pluzya,pluz,gerund,,pluṣya,pluṣ
plUya,plu,gerund,,plūya,plu
plotum,plu,infinitive,,plotum,plu
plozitum,pluz,infinitive,,ploṣitum,pluṣ
Palitum,Pal,infinitive,,phalitum,phal
Palya,Pal,gerund,,phalya,phal
Pullitum,Pull,infinitive,,phullitum,phull
Pullya,Pull,gerund,,phullya,phull
PenAyitum,Pena,infinitive,,phenāyitum,phena
Penya,Pena,gerund,,phenya,phena
baMhayitum,baMh,infinitive,caus,baṃhayitum,baṃh
baMhitum,baMh,infinitive,,baṃhitum,baṃh
baMhya,baMh,gerund,caus,baṃhya,baṃh
baDya,banD,gerund,,badhya,bandh
bandDum,banD,infinitive,,banddhum,bandh
banDayitum,banD,infinitive,caus,bandhayitum,bandh
banDitum,banD,infinitive,,bandhitum,bandh
banDya,banD,gerund,caus,bandhya,bandh
barhitum,bfh#1,infinitive,,barhitum,bṛh#1
barhitum,bfh#2,infinitive,,barhitum,bṛh#2
balitum,bal,infinitive,,balitum,bal
bahya,baMh,gerund,,bahya,baṃh
bADayitum,bAD,infinitive,caus,bādhayitum,bādh
bADitum,bAD,infinitive,,bādhitum,bādh
bADya,bAD,gerund,,bādhya,bādh
bAzpAyitum,bAzpa,infinitive,,bāṣpāyitum,bāṣpa
bAzpya,bAzpa,gerund,,bāṣpya,bāṣpa
bIBatsitum,bAD,infinitive,desid,bībhatsitum,bādh
bIBatsya,bAD,gerund,desid,bībhatsya,bādh
buDya,buD#1,gerund,,budhya,budh#1
buBukzitum,Buj#2,infinitive,desid,bubhukṣitum,bhuj#2
buBukzya,Buj#2,gerund,desid,bubhukṣya,bhuj#2
buButsitum,buD#1,infinitive,desid,bubhutsitum,budh#1
buButsya,buD#1,gerund,desid,bubhutsya,budh#1
buBUzitum,BU#1,infinitive,desid,bubhūṣitum,bhū#1
buBUzya,BU#1,gerund,desid,bubhūṣya,bhū#1
buBodizitum,buD#1,infinitive,desid,bubhodiṣitum,budh#1
buBodizya,buD#1,gerund,desid,bubhodiṣya,budh#1
buBoDizitum,buD#1,infinitive,desid,bubhodhiṣitum,budh#1
buBoDizya,buD#1,gerund,desid,bubhodhiṣya,budh#1
bfMhayitum,bfh#1,infinitive,caus,bṛṃhayitum,bṛh#1
bfMhya,bfh#1,gerund,caus,bṛṃhya,bṛh#1
bfhya,bfh#1,gerund,,bṛhya,bṛh#1
bfhya,bfh#2,gerund,,bṛhya,bṛh#2
bodDum,buD#1,infinitive,,boddhum,budh#1
boDayitum,buD#1,infinitive,caus,bodhayitum,budh#1
boDya,buD#1,gerund,caus,bodhya,budh#1
Baktum,Baj,infinitive,,bhaktum,bhaj
Bakzayitum,Bakz,infinitive,caus,bhakṣayitum,bhakṣ
Bakzayya,Bakz,gerund,caus,bhakṣayya,bhakṣ
Bakzitum,Bakz,infinitive,,bhakṣitum,bhakṣ
Bakzya,Bakz,gerund,,bhakṣya,bhakṣ
Bagya,BaYj,gerund,,bhagya,bhañj
BaNktum,BaYj,infinitive,,bhaṅktum,bhañj
Bajitum,Baj,infinitive,,bhajitum,bhaj
Bajya,Baj,gerund,,bhajya,bhaj
BaYjayitum,BaYj,infinitive,caus,bhañjayitum,bhañj
BaYjya,BaYj,gerund,caus,bhañjya,bhañj
BaRitum,BaR,infinitive,,bhaṇitum,bhaṇ
BaRqitum,BaRq,infinitive,,bhaṇḍitum,bhaṇḍ
BaRqya,BaRq,gerund,,bhaṇḍya,bhaṇḍ
BaRya,BaR,gerund,,bhaṇya,bhaṇ
Banditum,Band,infinitive,,bhanditum,bhand
Bandya,Band,gerund,,bhandya,bhand
Bartum,Bf,infinitive,,bhartum,bhṛ
Bartsayitum,Barts,infinitive,,bhartsayitum,bharts
Bartsya,Barts,gerund,,bhartsya,bharts
Barzwum,Bfjj,infinitive,,bharṣṭum,bhṛjj
Bavitum,BU#1,infinitive,,bhavitum,bhū#1
Bazwum,Baz,infinitive,,bhaṣṭum,bhaṣ
Bazya,Baz,gerund,,bhaṣya,bhaṣ
Basitum,Bas,infinitive,,bhasitum,bhas
Basya,Bas,gerund,,bhasya,bhas
BAtum,BA#1,infinitive,,bhātum,bhā#1
BAya,BA#1,gerund,,bhāya,bhā#1
BAyayitum,BI#1,infinitive,caus,bhāyayitum,bhī#1
BAyya,BI#1,gerund,caus,bhāyya,bhī#1
BArayitum,Bf,infinitive,caus,bhārayitum,bhṛ
BArya,Bf,gerund,caus,bhārya,bhṛ
BAvam,BU#1,gerund,,bhāvam,bhū#1
BAvayitum,BU#1,infinitive,caus,bhāvayitum,bhū#1
BAvitum,BU#1,infinitive,caus,bhāvitum,bhū#1
BAvya,BU#1,gerund,caus,bhāvya,bhū#1
BAzitum,BAz,infinitive,,bhāṣitum,bhāṣ
BAzwum,BAz,infinitive,,bhāṣṭum,bhāṣ
BAzya,BAz,gerund,,bhāṣya,bhāṣ
BAsayitum,BAs#1,infinitive,caus,bhāsayitum,bhās#1
BAsitum,BAs#1,infinitive,,bhāsitum,bhās#1
BAsya,BAs#1,gerund,,bhāsya,bhās#1
Bikzitum,Baj,infinitive,desid,bhikṣitum,bhaj
Bikzya,Baj,gerund,desid,bhikṣya,bhaj
Bidya,Bid#1,gerund,,bhidya,bhid#1
Bizajyitum,Bizaj,infinitive,,bhiṣajyitum,bhiṣaj
Bizaya,Bizaj,gerund,,bhiṣaya,bhiṣaj
BIya,BI#1,gerund,,bhīya,bhī#1
BIzayitum,BI#1,infinitive,caus,bhīṣayitum,bhī#1
BIzya,BI#1,gerund,caus,bhīṣya,bhī#1
Bugya,Buj#1,gerund,,bhugya,bhuj#1
Bujya,Buj#2,gerund,,bhujya,bhuj#2
BuYjApayitum,Buj#2,infinitive,caus,bhuñjāpayitum,bhuj#2
BuYjApya,Buj#2,gerund,caus,bhuñjāpya,bhuj#2
BUya,BU#1,gerund,,bhūya,bhū#1
BUzayitum,BUz,infinitive,caus,bhūṣayitum,bhūṣ
BUzitum,BUz,infinitive,,bhūṣitum,bhūṣ
BUzya,BUz,gerund,,bhūṣya,bhūṣ
Bfjya,Bfjj,gerund,,bhṛjya,bhṛjj
Bftya,Bf,gerund,,bhṛtya,bhṛ
BfSAyitum,BfSa,infinitive,,bhṛśāyitum,bhṛśa
BfSya,BfSa,gerund,,bhṛśya,bhṛśa
Betum,BI#1,infinitive,,bhetum,bhī#1
Bettum,Bid#1,infinitive,,bhettum,bhid#1
Bedayitum,Bid#1,infinitive,caus,bhedayitum,bhid#1
Bedya,Bid#1,gerund,caus,bhedya,bhid#1
Boktum,Buj#1,infinitive,,bhoktum,bhuj#1
Boktum,Buj#2,infinitive,,bhoktum,bhuj#2
Bojam,Buj#1,gerund,,bhojam,bhuj#1
Bojayitum,Buj#2,infinitive,caus,bhojayitum,bhuj#2
Bojya,Buj#2,gerund,caus,bhojya,bhuj#2
BraMSayitum,BraMS,infinitive,caus,bhraṃśayitum,bhraṃś
BraMSitum,BraMS,infinitive,,bhraṃśitum,bhraṃś
BraMSya,BraMS,gerund,caus,bhraṃśya,bhraṃś
Bramitum,Bram,infinitive,,bhramitum,bhram
BraSya,BraMS,gerund,,bhraśya,bhraṃś
Brazwum,Bfjj,infinitive,,bhraṣṭum,bhṛjj
BrAjayitum,BrAj,infinitive,caus,bhrājayitum,bhrāj
BrAjitum,BrAj,infinitive,,bhrājitum,bhrāj
BrAjya,BrAj,gerund,,bhrājya,bhrāj
BrARya,Bram,gerund,,bhrāṇya,bhram
BrAmayitum,Bram,infinitive,caus,bhrāmayitum,bhram
BrAmya,Bram,gerund,caus,bhrāmya,bhram
maMhayitum,maMh,infinitive,caus,maṃhayitum,maṃh
maMhitum,maMh,infinitive,,maṃhitum,maṃh
maMhya,maMh,gerund,caus,maṃhya,maṃh
magya,majj,gerund,,magya,majj
maNktum,majj,infinitive,,maṅktum,majj
majjayitum,majj,infinitive,caus,majjayitum,majj
majjitum,majj,infinitive,,majjitum,majj
majjya,majj,gerund,caus,majjya,majj
maRqayitum,maRq,infinitive,caus,maṇḍayitum,maṇḍ
maRqitum,maRq,infinitive,,maṇḍitum,maṇḍ
maRqya,maRq,gerund,,maṇḍya,maṇḍ
matya,man,gerund,,matya,man
maTya,manT,gerund,,mathya,manth
madayitum,mad#1,infinitive,caus,madayitum,mad#1
maditum,mad#1,infinitive,,maditum,mad#1
madya,mad#1,gerund,,madya,mad#1
maDusyitum,maDu,infinitive,,madhusyitum,madhu
maDya,maDu,gerund,,madhya,madhu
maDvasyitum,maDu,infinitive,,madhvasyitum,madhu
manitum,man,infinitive,,manitum,man
mantum,man,infinitive,,mantum,man
mantUyitum,mantu,infinitive,,mantūyitum,mantu
mantya,mantu,gerund,,mantya,mantu
mantrayitum,mantra,infinitive,,mantrayitum,mantra
mantrya,mantra,gerund,,mantrya,mantra
manTitum,manT,infinitive,,manthitum,manth
mandayitum,mand#1,infinitive,caus,mandayitum,mand#1
manditum,mand#1,infinitive,,manditum,mand#1
mandya,mand#1,gerund,,mandya,mand#1
manya,man,gerund,,manya,man
marqitum,mfq,infinitive,,marḍitum,mṛḍ
martum,mf,infinitive,,martum,mṛ
mardayitum,mfd#1,infinitive,caus,mardayitum,mṛd#1
marditum,mfd#1,infinitive,,marditum,mṛd#1
mardya,mfd#1,gerund,caus,mardya,mṛd#1
marDitum,mfD,infinitive,,mardhitum,mṛdh
marSayitum,mfS,infinitive,caus,marśayitum,mṛś
marSya,mfS,gerund,caus,marśya,mṛś
marzayitum,mfz,infinitive,caus,marṣayitum,mṛṣ
marzitum,mfz,infinitive,,marṣitum,mṛṣ
marzwum,mfS,infinitive,,marṣṭum,mṛś
marzya,mfz,gerund,caus,marṣya,mṛṣ
malinayitum,malina,infinitive,,malinayitum,malina
malinya,malina,gerund,,malinya,malina
mahayitum,mah,infinitive,caus,mahayitum,mah
mahitum,mah,infinitive,,mahitum,mah
mahIyitum,mahI#2,infinitive,,mahīyitum,mahī#2
mahya,mah,gerund,,mahya,mah
mahya,mahI#2,gerund,,mahya,mahī#2
mahya,maMh,gerund,,mahya,maṃh
mAMsIyitum,mAMsa,infinitive,,māṃsīyitum,māṃsa
mAMsya,mAMsa,gerund,,māṃsya,māṃsa
mAtum,mA#1,infinitive,,mātum,mā#1
mAtum,mA#3,infinitive,,mātum,mā#3
mAtum,mA#4,infinitive,,mātum,mā#4
mAdayitum,mad#1,infinitive,caus,mādayitum,mad#1
mAdya,mad#1,gerund,caus,mādya,mad#1
mAnayitum,man,infinitive,caus,mānayitum,man
mAnya,man,gerund,caus,mānya,man
mApayitum,mA#1,infinitive,caus,māpayitum,mā#1
mApya,mA#1,gerund,caus,māpya,mā#1
mAya,mA#1,gerund,,māya,mā#1
mAya,man,gerund,,māya,man
mArayitum,mf,infinitive,caus,mārayitum,mṛ
mArgayitum,mArg,infinitive,,mārgayitum,mārg
mArgya,mArg,gerund,,mārgya,mārg
mArjayitum,mfj,infinitive,caus,mārjayitum,mṛj
mArjitum,mfj,infinitive,,mārjitum,mṛj
mArjya,mfj,gerund,caus,mārjya,mṛj
mArya,mf,gerund,caus,mārya,mṛ
mArzwum,mfj,infinitive,,mārṣṭum,mṛj
mAlayitum,mAlA,infinitive,,mālayitum,mālā
mAlya,mAlA,gerund,,mālya,mālā
mAlyaguRAyitum,mAlyaguRa,infinitive,,mālyaguṇāyitum,mālyaguṇa
mAlyaguRya,mAlyaguRa,gerund,,mālyaguṇya,mālyaguṇa
mitya,mi,gerund,,mitya,mi
miTya,miT,gerund,,mithya,mith
militum,mil,infinitive,,militum,mil
milya,mil,gerund,,milya,mil
miSrayitum,miSra,infinitive,,miśrayitum,miśra
miSrya,miSra,gerund,,miśrya,miśra
mizya,miz,gerund,,miṣya,miṣ
mihya,mih,gerund,,mihya,mih
mImAMsitum,man,infinitive,desid,mīmāṃsitum,man
mImAMsya,man,gerund,desid,mīmāṃsya,man
mIya,mI,gerund,,mīya,mī
mIya,mA#3,gerund,,mīya,mā#3
mIya,mA#4,gerund,,mīya,mā#4
mIlayitum,mIl,infinitive,caus,mīlayitum,mīl
mIlitum,mIl,infinitive,,mīlitum,mīl
mIlya,mIl,gerund,,mīlya,mīl
mukulayitum,mukula,infinitive,,mukulayitum,mukula
mukulya,mukula,gerund,,mukulya,mukula
muKarayitum,muKara,infinitive,,mukharayitum,mukhara
muKarya,muKara,gerund,,mukharya,mukhara
mucya,muc#1,gerund,,mucya,muc#1
muRqayitum,muRqa,infinitive,,muṇḍayitum,muṇḍa
muRqya,muRqa,gerund,,muṇḍya,muṇḍa
mudya,mud#1,gerund,,mudya,mud#1
mudrayitum,mudrA,infinitive,,mudrayitum,mudrā
mudrya,mudrA,gerund,,mudrya,mudrā
mumukzitum,muc#1,infinitive,desid,mumukṣitum,muc#1
mumukzya,muc#1,gerund,desid,mumukṣya,muc#1
mumUrzitum,mf,infinitive,desid,mumūrṣitum,mṛ
mumUrzya,mf,gerund,desid,mumūrṣya,mṛ
muzya,muz#1,gerund,,muṣya,muṣ#1
muhya,muh,gerund,,muhya,muh
mUtrayitum,mUtra,infinitive,,mūtrayitum,mūtra
mUtrya,mUtra,gerund,,mūtrya,mūtra
mUrcCitum,mUrcC,infinitive,,mūrcchitum,mūrcch
mUrcCya,mUrcC,gerund,,mūrcchya,mūrcch
mUrCayitum,mUrC,infinitive,caus,mūrchayitum,mūrch
mUrCitum,mUrC,infinitive,,mūrchitum,mūrch
mUrCya,mUrC,gerund,,mūrchya,mūrch
mUrya,mUrC,gerund,,mūrya,mūrch
mfgayitum,mfga,infinitive,,mṛgayitum,mṛga
mfgya,mfga,gerund,,mṛgya,mṛga
mfjya,mfj,gerund,,mṛjya,mṛj
mfqayitum,mfq,infinitive,,mṛḍayitum,mṛḍ
mfqayya,mfq,gerund,,mṛḍayya,mṛḍ
mfqya,mfq,gerund,,mṛḍya,mṛḍ
mftya,mf,gerund,,mṛtya,mṛ
mfdya,mfd#1,gerund,,mṛdya,mṛd#1
mfDya,mfD,gerund,,mṛdhya,mṛdh
mfSya,mfS,gerund,,mṛśya,mṛś
mfzAyitum,mfzA,infinitive,,mṛṣāyitum,mṛṣā
mfzya,mfz,gerund,,mṛṣya,mṛṣ
mfzya,mfzA,gerund,,mṛṣya,mṛṣā
meGAyitum,meGa,infinitive,,meghāyitum,megha
meGya,meGa,gerund,,meghya,megha
meQum,mih,infinitive,,meḍhum,mih
metum,mi,infinitive,,metum,mi
metum,mI,infinitive,,metum,mī
meTitum,miT,infinitive,,methitum,mith
meDayitum,meDA,infinitive,,medhayitum,medhā
meDya,meDA,gerund,,medhya,medhā
melApayitum,mil,infinitive,caus,melāpayitum,mil
melApya,mil,gerund,caus,melāpya,mil
mezitum,miz,infinitive,,meṣitum,miṣ
moktum,muc#1,infinitive,,moktum,muc#1
mokzayitum,mokz,infinitive,,mokṣayitum,mokṣ
mokzitum,mokz,infinitive,,mokṣitum,mokṣ
mokzya,mokz,gerund,,mokṣya,mokṣ
mogDum,muh,infinitive,,mogdhum,muh
mocayitum,muc#1,infinitive,caus,mocayitum,muc#1
mocitum,muc#1,infinitive,caus,mocitum,muc#1
mocya,muc#1,gerund,caus,mocya,muc#1
modayitum,mud#1,infinitive,caus,modayitum,mud#1
moditum,mud#1,infinitive,,moditum,mud#1
modya,mud#1,gerund,caus,modya,mud#1
mozitum,muz#1,infinitive,,moṣitum,muṣ#1
mohayitum,muh,infinitive,caus,mohayitum,muh
mohitum,muh,infinitive,,mohitum,muh
mohya,muh,gerund,caus,mohya,muh
mnAtum,mnA,infinitive,,mnātum,mnā
mnAya,mnA,gerund,,mnāya,mnā
mreqayitum,mreq,infinitive,caus,mreḍayitum,mreḍ
mreqya,mreq,gerund,caus,mreḍya,mreḍ
mlAtum,mlA,infinitive,,mlātum,mlā
mlAya,mlA,gerund,,mlāya,mlā
mliCya,mlecC,gerund,,mlichya,mlecch
mlecCitum,mlecC,infinitive,,mlecchitum,mlecch
mlecCya,mlecC,gerund,,mlecchya,mlecch
yatitum,yat#1,infinitive,,yatitum,yat#1
yatya,yat#1,gerund,,yatya,yat#1
yantum,yam,infinitive,,yantum,yam
yantrayitum,yantra,infinitive,,yantrayitum,yantra
yantrya,yantra,gerund,,yantrya,yantra
yabDum,yaB,infinitive,,yabdhum,yabh
yaBya,yaB,gerund,,yabhya,yabh
yamayitum,yam,infinitive,caus,yamayitum,yam
yamitum,yam,infinitive,,yamitum,yam
yamya,yam,gerund,,yamya,yam
yavitum,yu#1,infinitive,,yavitum,yu#1
yavitum,yu#2,infinitive,,yavitum,yu#2
yazwum,yaj#1,infinitive,,yaṣṭum,yaj#1
yasitum,yas,infinitive,,yasitum,yas
yasya,yas,gerund,,yasya,yas
yAcitum,yAc,infinitive,,yācitum,yāc
yAcya,yAc,gerund,,yācya,yāc
yAjayitum,yaj#1,infinitive,caus,yājayitum,yaj#1
yAjya,yaj#1,gerund,caus,yājya,yaj#1
yAtayitum,yat#1,infinitive,caus,yātayitum,yat#1
yAtum,yA#1,infinitive,,yātum,yā#1
yAtya,yat#1,gerund,caus,yātya,yat#1
yApayitum,yA#1,infinitive,caus,yāpayitum,yā#1
yApya,yA#1,gerund,caus,yāpya,yā#1
yAya,yA#1,gerund,,yāya,yā#1
yAvayitum,yu#2,infinitive,caus,yāvayitum,yu#2
yAvya,yu#2,gerund,caus,yāvya,yu#2
yiyakzitum,yaj#1,infinitive,desid,yiyakṣitum,yaj#1
yiyakzya,yaj#1,gerund,desid,yiyakṣya,yaj#1
yiyatizitum,yat#1,infinitive,desid,yiyatiṣitum,yat#1
yiyatizya,yat#1,gerund,desid,yiyatiṣya,yat#1
yiyAsitum,yA#1,infinitive,desid,yiyāsitum,yā#1
yiyAsya,yA#1,gerund,desid,yiyāsya,yā#1
yujya,yuj#1,gerund,,yujya,yuj#1
yutya,yu#1,gerund,,yutya,yu#1
yutya,yu#2,gerund,,yutya,yu#2
yuDya,yuD#1,gerund,,yudhya,yudh#1
yuyukzitum,yuj#1,infinitive,desid,yuyukṣitum,yuj#1
yuyukzya,yuj#1,gerund,desid,yuyukṣya,yuj#1
yuyutsitum,yuD#1,infinitive,desid,yuyutsitum,yudh#1
yuyutsya,yuD#1,gerund,desid,yuyutsya,yudh#1
yoktum,yuj#1,infinitive,,yoktum,yuj#1
yojayitum,yuj#1,infinitive,caus,yojayitum,yuj#1
yojya,yuj#1,gerund,caus,yojya,yuj#1
yodDum,yuD#1,infinitive,,yoddhum,yudh#1
raMhitum,raMh,infinitive,,raṃhitum,raṃh
raMhya,raMh,gerund,,raṃhya,raṃh
rakzayitum,rakz,infinitive,caus,rakṣayitum,rakṣ
rakzitum,rakz,infinitive,,rakṣitum,rakṣ
rakzya,rakz,gerund,,rakṣya,rakṣ
raNktum,raYj,infinitive,,raṅktum,rañj
racayitum,rac,infinitive,,racayitum,rac
racayya,rac,gerund,,racayya,rac
rajya,raYj,gerund,,rajya,rañj
raYjayitum,raYj,infinitive,caus,rañjayitum,rañj
raYjya,raYj,gerund,caus,rañjya,rañj
raRitum,raR,infinitive,,raṇitum,raṇ
raRya,raR,gerund,,raṇya,raṇ
raTakAmya,raTakAma,gerund,,rathakāmya,rathakāma
raTakAmyitum,raTakAma,infinitive,,rathakāmyitum,rathakāma
raditum,rad,infinitive,,raditum,rad
radDum,raD,infinitive,,raddhum,radh
radya,rad,gerund,,radya,rad
raDitum,raD,infinitive,,radhitum,radh
raDya,raD,gerund,,radhya,radh
rantum,ram,infinitive,,rantum,ram
ranDayitum,raD,infinitive,caus,randhayitum,radh
ranDya,raD,gerund,caus,randhya,radh
rabDum,raB,infinitive,,rabdhum,rabh
raBya,raB,gerund,,rabhya,rabh
ramayitum,ram,infinitive,caus,ramayitum,ram
ramitum,ram,infinitive,,ramitum,ram
ramya,ram,gerund,caus,ramya,ram
raya,ram,gerund,,raya,ram
ravitum,ru,infinitive,,ravitum,ru
rasayitum,rasa,infinitive,,rasayitum,rasa
rasya,rasa,gerund,,rasya,rasa
rahayitum,rah,infinitive,,rahayitum,rah
rahayya,rah,gerund,,rahayya,rah
rAjaya,rAjan,gerund,,rājaya,rājan
rAjayitum,rAj#1,infinitive,caus,rājayitum,rāj#1
rAjitum,rAj#1,infinitive,,rājitum,rāj#1
rAjIyitum,rAjan,infinitive,,rājīyitum,rājan
rAjya,rAj#1,gerund,,rājya,rāj#1
rAtum,rA#1,infinitive,,rātum,rā#1
rAdDum,rAD,infinitive,,rāddhum,rādh
rADayitum,rAD,infinitive,caus,rādhayitum,rādh
rADya,rAD,gerund,,rādhya,rādh
rAmayitum,ram,infinitive,caus,rāmayitum,ram
rAmya,ram,gerund,caus,rāmya,ram
rAya,rA#1,gerund,,rāya,rā#1
ricya,ric,gerund,,ricya,ric
ripsitum,raB,infinitive,desid,ripsitum,rabh
ripsya,raB,gerund,desid,ripsya,rabh
riraMsitum,ram,infinitive,desid,riraṃsitum,ram
riraMsya,ram,gerund,desid,riraṃsya,ram
rirakzizitum,rakz,infinitive,desid,rirakṣiṣitum,rakṣ
rirakzizya,rakz,gerund,desid,rirakṣiṣya,rakṣ
rirADayizitum,rAD,infinitive,desid,rirādhayiṣitum,rādh
rirADayizya,rAD,gerund,desid,rirādhayiṣya,rādh
rizya,riz,gerund,,riṣya,riṣ
rIya,ri,gerund,,rīya,ri
rucya,ruc#1,gerund,,rucya,ruc#1
rujya,ruj#1,gerund,,rujya,ruj#1
rutya,ru,gerund,,rutya,ru
rudya,rud#1,gerund,,rudya,rud#1
ruDya,ruD#1,gerund,,rudhya,rudh#1
ruDya,ruD#2,gerund,,rudhya,rudh#2
rurukzitum,ruh#1,infinitive,desid,rurukṣitum,ruh#1
rurukzya,ruh#1,gerund,desid,rurukṣya,ruh#1
ruzya,ruz#1,gerund,,ruṣya,ruṣ#1
ruhya,ruh#1,gerund,,ruhya,ruh#1
rUkzayitum,rUkza,infinitive,,rūkṣayitum,rūkṣa
rUkzya,rUkza,gerund,,rūkṣya,rūkṣa
rUpayitum,rUp,infinitive,,rūpayitum,rūp
rUpya,rUp,gerund,,rūpya,rūp
rektum,ric,infinitive,,rektum,ric
recayitum,ric,infinitive,caus,recayitum,ric
recya,ric,gerund,caus,recya,ric
retum,ri,infinitive,,retum,ri
rezayitum,riz,infinitive,caus,reṣayitum,riṣ
rezitum,riz,infinitive,,reṣitum,riṣ
rezwum,riz,infinitive,,reṣṭum,riṣ
rezya,riz,gerund,caus,reṣya,riṣ
roktum,ruj#1,infinitive,,roktum,ruj#1
rocayitum,ruc#1,infinitive,caus,rocayitum,ruc#1
rocitum,ruc#1,infinitive,,rocitum,ruc#1
rocya,ruc#1,gerund,caus,rocya,ruc#1
roQum,ruh#1,infinitive,,roḍhum,ruh#1
rodayitum,rud#1,infinitive,caus,rodayitum,rud#1
roditum,rud#1,infinitive,,roditum,rud#1
rodDum,ruD#1,infinitive,,roddhum,rudh#1
rodDum,ruD#2,infinitive,,roddhum,rudh#2
rodya,rud#1,gerund,caus,rodya,rud#1
roDayitum,ruD#2,infinitive,caus,rodhayitum,rudh#2
roDya,ruD#2,gerund,caus,rodhya,rudh#2
ropayitum,ruh#1,infinitive,caus,ropayitum,ruh#1
ropya,ruh#1,gerund,caus,ropya,ruh#1
romanTAyitum,romanTa,infinitive,,romanthāyitum,romantha
romanTya,romanTa,gerund,,romanthya,romantha
rozayitum,ruz#1,infinitive,caus,roṣayitum,ruṣ#1
rozitum,ruz#1,infinitive,,roṣitum,ruṣ#1
rozwum,ruz#1,infinitive,,roṣṭum,ruṣ#1
rozya,ruz#1,gerund,caus,roṣya,ruṣ#1
rohayitum,ruh#1,infinitive,caus,rohayitum,ruh#1
rohya,ruh#1,gerund,caus,rohya,ruh#1
lakzayitum,lakz,infinitive,,lakṣayitum,lakṣ
lakzya,lakz,gerund,,lakṣya,lakṣ
lagitum,lag,infinitive,,lagitum,lag
lagya,lag,gerund,,lagya,lag
laGayitum,laGa,infinitive,,laghayitum,lagha
laGya,laGa,gerund,,laghya,lagha
laNgitum,laNg,infinitive,,laṅgitum,laṅg
laNgya,laNg,gerund,,laṅgya,laṅg
laNGayitum,laNG,infinitive,caus,laṅghayitum,laṅgh
laNGitum,laNG,infinitive,,laṅghitum,laṅgh
laNGya,laNG,gerund,,laṅghya,laṅgh
lajjayitum,lajj,infinitive,caus,lajjayitum,lajj
lajjitum,lajj,infinitive,,lajjitum,lajj
lajjya,lajj,gerund,,lajjya,lajj
lapitum,lap,infinitive,,lapitum,lap
lapya,lap,gerund,,lapya,lap
labDum,laB,infinitive,,labdhum,labh
laBitum,laB,infinitive,,labhitum,labh
laBya,laB,gerund,,labhya,labh
lambitum,lamb,infinitive,,lambitum,lamb
lambya,lamb,gerund,,lambya,lamb
lamBayitum,laB,infinitive,caus,lambhayitum,labh
lamBya,laB,gerund,caus,lambhya,labh
lalitum,lal,infinitive,,lalitum,lal
lalya,lal,gerund,,lalya,lal
lavaRasyitum,lavaRa,infinitive,,lavaṇasyitum,lavaṇa
lavaRya,lavaRa,gerund,,lavaṇya,lavaṇa
lavitum,lU#1,infinitive,,lavitum,lū#1
lazitum,laz,infinitive,,laṣitum,laṣ
lazya,laz,gerund,,laṣya,laṣ
lasitum,las,infinitive,,lasitum,las
lasya,las,gerund,,lasya,las
lAYCitum,lAYC,infinitive,,lāñchitum,lāñch
lAYCya,lAYC,gerund,,lāñchya,lāñch
lApayitum,lap,infinitive,caus,lāpayitum,lap
lApya,lap,gerund,caus,lāpya,lap
lAlayitum,lal,infinitive,caus,lālayitum,lal
lAlAya,lAlA,gerund,,lālāya,lālā
lAlAyitum,lAlA,infinitive,,lālāyitum,lālā
lAlya,lal,gerund,caus,lālya,lal
lAzayitum,laz,infinitive,caus,lāṣayitum,laṣ
lAzya,laz,gerund,caus,lāṣya,laṣ
lAsayitum,las,infinitive,caus,lāsayitum,las
lAsya,las,gerund,caus,lāsya,las
liKitum,liK,infinitive,,likhitum,likh
liKya,liK,gerund,,likhya,likh
lipya,lip,gerund,,lipya,lip
lipsitum,laB,infinitive,desid,lipsitum,labh
lipsya,laB,gerund,desid,lipsya,labh
lilazizitum,laz,infinitive,desid,lilaṣiṣitum,laṣ
lilazizya,laz,gerund,desid,lilaṣiṣya,laṣ
liSya,liS,gerund,,liśya,liś
lihya,lih#1,gerund,,lihya,lih#1
lIya,lI,gerund,,līya,lī
luRWayitum,luRW,infinitive,caus,luṇṭhayitum,luṇṭh
luRWitum,luRW,infinitive,,luṇṭhitum,luṇṭh
luRWya,luRW,gerund,,luṇṭhya,luṇṭh
lupya,lup,gerund,,lupya,lup
luBya,luB,gerund,,lubhya,lubh
lulya,lul,gerund,,lulya,lul
lUya,lU#1,gerund,,lūya,lū#1
leKayitum,liK,infinitive,caus,lekhayitum,likh
leKitum,liK,infinitive,,lekhitum,likh
leKya,liK,gerund,caus,lekhya,likh
leQum,lih#1,infinitive,,leḍhum,lih#1
letum,lI,infinitive,,letum,lī
lepayitum,lip,infinitive,caus,lepayitum,lip
leptum,lip,infinitive,,leptum,lip
lepya,lip,gerund,caus,lepya,lip
lelAya,lelA,gerund,,lelāya,lelā
lelAyitum,lelA,infinitive,,lelāyitum,lelā
lezwum,liS,infinitive,,leṣṭum,liś
lokayitum,lok,infinitive,,lokayitum,lok
lokitum,lok,infinitive,,lokitum,lok
lokya,lok,gerund,,lokya,lok
locitum,loc,infinitive,,locitum,loc
locya,loc,gerund,,locya,loc
loWayitum,luRW,infinitive,caus,loṭhayitum,luṇṭh
loWya,luRW,gerund,caus,loṭhya,luṇṭh
loptum,lup,infinitive,,loptum,lup
lobDum,luB,infinitive,,lobdhum,lubh
loBayitum,luB,infinitive,caus,lobhayitum,lubh
loBitum,luB,infinitive,,lobhitum,lubh
loBya,luB,gerund,caus,lobhya,lubh
lolitum,lul,infinitive,,lolitum,lul
lohitAyitum,lohita,infinitive,,lohitāyitum,lohita
lohitya,lohita,gerund,,lohitya,lohita
vaktum,vac,infinitive,,vaktum,vac
vakzayitum,vakz,infinitive,caus,vakṣayitum,vakṣ
vakzya,vakz,gerund,caus,vakṣya,vakṣ
vaYcayitum,vaYc,infinitive,caus,vañcayitum,vañc
vaYcitum,vaYc,infinitive,,vañcitum,vañc
vaYcya,vaYc,gerund,,vañcya,vañc
vatya,van,gerund,,vatya,van
vaditum,vad,infinitive,,vaditum,vad
vanitum,van,infinitive,,vanitum,van
vanttum,vand,infinitive,,vanttum,vand
vandya,vand,gerund,,vandya,vand
vanya,van,gerund,,vanya,van
vapitum,vap#2,infinitive,,vapitum,vap#2
vaptum,vap#1,infinitive,,vaptum,vap#1
vaptum,vap#2,infinitive,,vaptum,vap#2
vamitum,vam,infinitive,,vamitum,vam
varayitum,vf#2,infinitive,caus,varayitum,vṛ#2
varitum,vf#1,infinitive,,varitum,vṛ#1
varitum,vf#2,infinitive,,varitum,vṛ#2
varivaya,varivas,gerund,,varivaya,varivas
varivasyitum,varivas,infinitive,,varivasyitum,varivas
varItum,vf#1,infinitive,,varītum,vṛ#1
varItum,vf#2,infinitive,,varītum,vṛ#2
varjayitum,vfj,infinitive,caus,varjayitum,vṛj
varjayya,vfj,gerund,caus,varjayya,vṛj
varjitum,vfj,infinitive,,varjitum,vṛj
varRayitum,varRa,infinitive,,varṇayitum,varṇa
varRya,varRa,gerund,,varṇya,varṇa
vartayitum,vft#1,infinitive,caus,vartayitum,vṛt#1
vartitum,vft#1,infinitive,,vartitum,vṛt#1
varttum,vft#1,infinitive,,varttum,vṛt#1
vartya,vft#1,gerund,caus,vartya,vṛt#1
varDayitum,vfD#1,infinitive,caus,vardhayitum,vṛdh#1
varDitum,vfD#1,infinitive,,vardhitum,vṛdh#1
varDya,vfD#1,gerund,caus,vardhya,vṛdh#1
varya,vf#2,gerund,caus,varya,vṛ#2
varzayitum,vfz,infinitive,caus,varṣayitum,vṛṣ
varzitum,vfz,infinitive,,varṣitum,vṛṣ
varzya,vfz,gerund,caus,varṣya,vṛṣ
varhitum,vfh,infinitive,,varhitum,vṛh
valayitum,val,infinitive,caus,valayitum,val
valitum,val,infinitive,,valitum,val
valgitum,valg,infinitive,,valgitum,valg
valgUyitum,valgu,infinitive,,valgūyitum,valgu
valgya,valg,gerund,,valgya,valg
valgya,valgu,gerund,,valgya,valgu
valya,val,gerund,,valya,val
vaSitum,vaS,infinitive,,vaśitum,vaś
vasitum,vas#1,infinitive,,vasitum,vas#1
vasitum,vas#2,infinitive,,vasitum,vas#2
vasitum,vas#4,infinitive,,vasitum,vas#4
vastum,vas#1,infinitive,,vastum,vas#1
vasya,vas#2,gerund,,vasya,vas#2
vahitum,vah#1,infinitive,,vahitum,vah#1
vAcayitum,vac,infinitive,caus,vācayitum,vac
vAcya,vac,gerund,caus,vācya,vac
vAcyitum,vAc,infinitive,,vācyitum,vāc
vAYCitum,vAYC,infinitive,,vāñchitum,vāñch
vAYCya,vAYC,gerund,,vāñchya,vāñch
vAtum,vA#2,infinitive,,vātum,vā#2
vAtum,vA#3,infinitive,,vātum,vā#3
vAdam,vad,gerund,,vādam,vad
vAdayitum,vad,infinitive,caus,vādayitum,vad
vAdya,vad,gerund,caus,vādya,vad
vAnya,vam,gerund,,vānya,vam
vApayitum,vA#2,infinitive,caus,vāpayitum,vā#2
vApayitum,vap#2,infinitive,caus,vāpayitum,vap#2
vApya,vA#2,gerund,caus,vāpya,vā#2
vApya,vap#2,gerund,caus,vāpya,vap#2
vAya,vAc,gerund,,vāya,vāc
vAya,vA#2,gerund,,vāya,vā#2
vArayitum,vf#1,infinitive,caus,vārayitum,vṛ#1
vArya,vf#1,gerund,caus,vārya,vṛ#1
vASitum,vAS,infinitive,,vāśitum,vāś
vASya,vAS,gerund,,vāśya,vāś
vAsayitum,vAsa#3,infinitive,,vāsayitum,vāsa#3
vAsayitum,vas#1,infinitive,caus,vāsayitum,vas#1
vAsayitum,vas#2,infinitive,caus,vāsayitum,vas#2
vAsya,vAsa#3,gerund,,vāsya,vāsa#3
vAsya,vas#1,gerund,caus,vāsya,vas#1
vAsya,vas#2,gerund,caus,vāsya,vas#2
vAhayitum,vah#1,infinitive,caus,vāhayitum,vah#1
vAhya,vah#1,gerund,caus,vāhya,vah#1
vigya,vij,gerund,,vigya,vij
vicya,vic,gerund,,vicya,vic
vijitum,vij,infinitive,,vijitum,vij
vidya,vid#1,gerund,,vidya,vid#1
vidya,vid#2,gerund,,vidya,vid#2
viDya,viD#1,gerund,,vidhya,vidh#1
viDya,vyaD,gerund,,vidhya,vyadh
vimanAyitum,vimanA,infinitive,,vimanāyitum,vimanā
vimanya,vimanA,gerund,,vimanya,vimanā
vivakzitum,vac,infinitive,desid,vivakṣitum,vac
vivakzya,vac,gerund,desid,vivakṣya,vac
vivatsitum,vas#1,infinitive,desid,vivatsitum,vas#1
vivatsya,vas#1,gerund,desid,vivatsya,vas#1
vivikzitum,vic,infinitive,desid,vivikṣitum,vic
vivikzitum,viS#1,infinitive,desid,vivikṣitum,viś#1
vivikzya,vic,gerund,desid,vivikṣya,vic
vivikzya,viS#1,gerund,desid,vivikṣya,viś#1
vivitsitum,vid#1,infinitive,desid,vivitsitum,vid#1
vivitsya,vid#1,gerund,desid,vivitsya,vid#1
vividizitum,vid#1,infinitive,desid,vividiṣitum,vid#1
vividizya,vid#1,gerund,desid,vividiṣya,vid#1
viSadayitum,viSada,infinitive,,viśadayitum,viśada
viSadya,viSada,gerund,,viśadya,viśada
viSya,viS#1,gerund,,viśya,viś#1
vizAyitum,vizA,infinitive,,viṣāyitum,viṣā
vizya,vizA,gerund,,viṣya,viṣā
vizya,viz#1,gerund,,viṣya,viṣ#1
vIjitum,vIj,infinitive,,vījitum,vīj
vIjya,vIj,gerund,,vījya,vīj
vIya,vI#1,gerund,,vīya,vī#1
vIya,vyA,gerund,,vīya,vyā
vfjya,vfj,gerund,,vṛjya,vṛj
vftya,vft#1,gerund,,vṛtya,vṛt#1
vftya,vf#1,gerund,,vṛtya,vṛ#1
vftya,vf#2,gerund,,vṛtya,vṛ#2
vfDya,vfD#1,gerund,,vṛdhya,vṛdh#1
vfSya,vraSc,gerund,,vṛśya,vraśc
vfzasyitum,vfza,infinitive,,vṛṣasyitum,vṛṣa
vfzIyitum,vfza,infinitive,,vṛṣīyitum,vṛṣa
vfzya,vfz,gerund,,vṛṣya,vṛṣ
vfzya,vfza,gerund,,vṛṣya,vṛṣa
vfhya,vfh,gerund,,vṛhya,vṛh
vektum,vic,infinitive,,vektum,vic
vecayitum,vic,infinitive,caus,vecayitum,vic
vecya,vic,gerund,caus,vecya,vic
vejayitum,vij,infinitive,caus,vejayitum,vij
vejitum,vij,infinitive,,vejitum,vij
vejya,vij,gerund,caus,vejya,vij
vetum,vI#1,infinitive,,vetum,vī#1
vettum,vid#1,infinitive,,vettum,vid#1
vettum,vid#2,infinitive,,vettum,vid#2
vedayitum,vid#1,infinitive,caus,vedayitum,vid#1
veditum,vid#1,infinitive,,veditum,vid#1
vedya,vid#1,gerund,caus,vedya,vid#1
venitum,ven,infinitive,,venitum,ven
venya,ven,gerund,,venya,ven
vepayitum,vip,infinitive,caus,vepayitum,vip
vepitum,vip,infinitive,,vepitum,vip
vepya,vip,gerund,,vepya,vip
veSayitum,viS#1,infinitive,caus,veśayitum,viś#1
veSya,viS#1,gerund,caus,veśya,viś#1
vezayitum,viz#1,infinitive,caus,veṣayitum,viṣ#1
vezwayitum,vezw,infinitive,caus,veṣṭayitum,veṣṭ
vezwitum,vezw,infinitive,,veṣṭitum,veṣṭ
vezwum,viS#1,infinitive,,veṣṭum,viś#1
vezwum,viz#1,infinitive,,veṣṭum,viṣ#1
vezwya,vezw,gerund,,veṣṭya,veṣṭ
vezya,viz#1,gerund,caus,veṣya,viṣ#1
vErAyitum,vEra,infinitive,,vairāyitum,vaira
vErya,vEra,gerund,,vairya,vaira
voQum,vah#1,infinitive,,voḍhum,vah#1
vyaTayitum,vyaT,infinitive,caus,vyathayitum,vyath
vyaTitum,vyaT,infinitive,,vyathitum,vyath
vyaTya,vyaT,gerund,,vyathya,vyath
vyadDum,vyaD,infinitive,,vyaddhum,vyadh
vyAtum,vyA,infinitive,,vyātum,vyā
vyADayitum,vyaD,infinitive,caus,vyādhayitum,vyadh
vyADya,vyaD,gerund,caus,vyādhya,vyadh
vrajitum,vraj,infinitive,,vrajitum,vraj
vrajya,vraj,gerund,,vrajya,vraj
vraRayitum,vraRa,infinitive,,vraṇayitum,vraṇa
vraRya,vraRa,gerund,,vraṇya,vraṇa
vraScayitum,vraSc,infinitive,caus,vraścayitum,vraśc
vraScitum,vraSc,infinitive,,vraścitum,vraśc
vraScya,vraSc,gerund,caus,vraścya,vraśc
vrazwum,vraSc,infinitive,,vraṣṭum,vraśc
vrIqitum,vrIq,infinitive,,vrīḍitum,vrīḍ
vrIqya,vrIq,gerund,,vrīḍya,vrīḍ
SaMsayitum,SaMs,infinitive,caus,śaṃsayitum,śaṃs
SaMsya,SaMs,gerund,caus,śaṃsya,śaṃs
Saktum,Sak,infinitive,,śaktum,śak
Sakya,Sak,gerund,,śakya,śak
SaNkitum,SaNk,infinitive,,śaṅkitum,śaṅk
SaNkya,SaNk,gerund,,śaṅkya,śaṅk
Sattum,Sad,infinitive,,śattum,śad
Sadya,Sad,gerund,,śadya,śad
Saptum,Sap,infinitive,,śaptum,śap
Sapya,Sap,gerund,,śapya,śap
SabdAyitum,Sabda,infinitive,,śabdāyitum,śabda
Sabdya,Sabda,gerund,,śabdya,śabda
Samayitum,Sam#1,infinitive,caus,śamayitum,śam#1
Samitum,Sam#1,infinitive,,śamitum,śam#1
Samitum,Sam#2,infinitive,,śamitum,śam#2
Samya,Sam#1,gerund,caus,śamya,śam#1
Samya,Sam#2,gerund,,śamya,śam#2
Sayitum,SI#1,infinitive,,śayitum,śī#1
Sayya,SI#1,gerund,,śayya,śī#1
Saritum,SF,infinitive,,śaritum,śṝ
SarItum,SF,infinitive,,śarītum,śṝ
SalaBAyitum,SalaBa,infinitive,,śalabhāyitum,śalabha
SalaBya,SalaBa,gerund,,śalabhya,śalabha
Salitum,Sal,infinitive,,śalitum,śal
Salya,Sal,gerund,,śalya,śal
Savitum,SU,infinitive,,śavitum,śū
SaSitum,SaS,infinitive,,śaśitum,śaś
Sasitum,Sas,infinitive,,śasitum,śas
Sastum,SaMs,infinitive,,śastum,śaṃs
Sasya,Sas,gerund,,śasya,śas
Sasya,SaMs,gerund,,śasya,śaṃs
SAtayitum,Sad,infinitive,caus,śātayitum,śad
SAtum,SA,infinitive,,śātum,śā
SAtya,Sad,gerund,caus,śātya,śad
SAdayitum,Sad,infinitive,caus,śādayitum,śad
SAdya,Sad,gerund,caus,śādya,śad
SAntayitum,SAnta,infinitive,,śāntayitum,śānta
SAntya,SAnta,gerund,,śāntya,śānta
SApayitum,Sap,infinitive,caus,śāpayitum,śap
SApya,Sap,gerund,caus,śāpya,śap
SAyayitum,SI#1,infinitive,caus,śāyayitum,śī#1
SAyya,SI#1,gerund,caus,śāyya,śī#1
SAsitum,SAs,infinitive,,śāsitum,śās
SAsya,SAs,gerund,,śāsya,śās
Sikzayitum,Sikz,infinitive,caus,śikṣayitum,śikṣ
Sikzitum,Sikz,infinitive,,śikṣitum,śikṣ
Sikzitum,Sak,infinitive,desid,śikṣitum,śak
Sikzya,Sikz,gerund,,śikṣya,śikṣ
Sikzya,Sak,gerund,desid,śikṣya,śak
SiTilayitum,SiTila,infinitive,,śithilayitum,śithila
SiTilAyitum,SiTila,infinitive,,śithilāyitum,śithila
SiTilya,SiTila,gerund,,śithilya,śithila
Siya,SA,gerund,,śiya,śā
SiSayizitum,SI#1,infinitive,desid,śiśayiṣitum,śī#1
SiSayizya,SI#1,gerund,desid,śiśayiṣya,śī#1
SiSUyitum,SiSu,infinitive,,śiśūyitum,śiśu
SiSya,SiSu,gerund,,śiśya,śiśu
Sizya,Siz,gerund,,śiṣya,śiṣ
Sizya,SAs,gerund,,śiṣya,śās
SIGrAyitum,SIGra,infinitive,,śīghrāyitum,śīghra
SIGrya,SIGra,gerund,,śīghrya,śīghra
SIya,SyA,gerund,,śīya,śyā
SIrya,SF,gerund,,śīrya,śṝ
SIlayitum,SIl,infinitive,caus,śīlayitum,śīl
SIlitum,SIl,infinitive,,śīlitum,śīl
SIlya,SIl,gerund,,śīlya,śīl
Sucya,Suc#1,gerund,,śucya,śuc#1
SuDya,SuD,gerund,,śudhya,śudh
SuBya,SuB#1,gerund,,śubhya,śubh#1
SumBitum,SumB,infinitive,,śumbhitum,śumbh
SumBya,SumB,gerund,,śumbhya,śumbh
SuSrUzitum,Sru,infinitive,desid,śuśrūṣitum,śru
SuSrUzya,Sru,gerund,desid,śuśrūṣya,śru
Suzya,Suz,gerund,,śuṣya,śuṣ
SUya,SU,gerund,,śūya,śū
Setum,SI#1,infinitive,,śetum,śī#1
Sezayitum,Siz,infinitive,caus,śeṣayitum,śiṣ
Sezitum,Siz,infinitive,caus,śeṣitum,śiṣ
Sezwum,Siz,infinitive,,śeṣṭum,śiṣ
Sezya,Siz,gerund,caus,śeṣya,śiṣ
Soktum,Suc#1,infinitive,,śoktum,śuc#1
Socayitum,Suc#1,infinitive,caus,śocayitum,śuc#1
Socitum,Suc#1,infinitive,,śocitum,śuc#1
Socya,Suc#1,gerund,caus,śocya,śuc#1
SodDum,SuD,infinitive,,śoddhum,śudh
SoDayitum,SuD,infinitive,caus,śodhayitum,śudh
SoDya,SuD,gerund,caus,śodhya,śudh
SoBayitum,SuB#1,infinitive,caus,śobhayitum,śubh#1
SoBitum,SuB#1,infinitive,,śobhitum,śubh#1
SoBya,SuB#1,gerund,caus,śobhya,śubh#1
Sozayitum,Suz,infinitive,caus,śoṣayitum,śuṣ
Sozwum,Suz,infinitive,,śoṣṭum,śuṣ
Sozya,Suz,gerund,caus,śoṣya,śuṣ
SyAtum,SyA,infinitive,,śyātum,śyā
SyAmAyitum,SyAma,infinitive,,śyāmāyitum,śyāma
SyAmya,SyAma,gerund,,śyāmya,śyāma
Syenayitum,Syena,infinitive,,śyenayitum,śyena
SyenAyitum,Syena,infinitive,,śyenāyitum,śyena
Syenya,Syena,gerund,,śyenya,śyena
SraBya,SramB,gerund,,śrabhya,śrambh
Sramitum,Sram,infinitive,,śramitum,śram
SramBitum,SramB,infinitive,,śrambhitum,śrambh
Sramya,Sram,gerund,,śramya,śram
Srayitum,Sri,infinitive,,śrayitum,śri
SrAmayitum,Sram,infinitive,caus,śrāmayitum,śram
SrAmya,Sram,gerund,caus,śrāmya,śram
SrAvam,Sru,gerund,,śrāvam,śru
SrAvayitum,Sru,infinitive,caus,śrāvayitum,śru
SrAvya,Sru,gerund,caus,śrāvya,śru
Sritya,Sri,gerund,,śritya,śri
Srutya,Sru,gerund,,śrutya,śru
Srotum,Sru,infinitive,,śrotum,śru
SlAGitum,SlAG,infinitive,,ślāghitum,ślāgh
SlAGya,SlAG,gerund,,ślāghya,ślāgh
Slizya,Sliz,gerund,,śliṣya,śliṣ
Slezayitum,Sliz,infinitive,caus,śleṣayitum,śliṣ
Slezwum,Sliz,infinitive,,śleṣṭum,śliṣ
Slezya,Sliz,gerund,caus,śleṣya,śliṣ
Svasitum,Svas#1,infinitive,,śvasitum,śvas#1
Svasya,Svas#1,gerund,,śvasya,śvas#1
Svitya,Svit,gerund,,śvitya,śvit
Svetitum,Svit,infinitive,,śvetitum,śvit
zaRQayitum,zaRQa,infinitive,,ṣaṇḍhayitum,ṣaṇḍha
zaRQya,zaRQa,gerund,,ṣaṇḍhya,ṣaṇḍha
zWIvitum,zWIv,infinitive,,ṣṭhīvitum,ṣṭhīv
zWIvya,zWIv,gerund,,ṣṭhīvya,ṣṭhīv
saktum,saYj,infinitive,,saktum,sañj
saKIyitum,saKi,infinitive,,sakhīyitum,sakhi
saKya,saKi,gerund,,sakhya,sakhi
saNkawAyitum,saNkawa,infinitive,,saṅkaṭāyitum,saṅkaṭa
saNkawya,saNkawa,gerund,,saṅkaṭya,saṅkaṭa
saNgrAmayitum,saNgrAma,infinitive,,saṅgrāmayitum,saṅgrāma
saNgrAmya,saNgrAma,gerund,,saṅgrāmya,saṅgrāma
sacitum,sac,infinitive,,sacitum,sac
sacya,sac,gerund,,sacya,sac
sajjayitum,saYj,infinitive,caus,sajjayitum,sañj
sajjIyitum,sajja,infinitive,,sajjīyitum,sajja
sajjya,sajja,gerund,,sajjya,sajja
sajjya,saYj,gerund,caus,sajjya,sañj
sajya,saYj,gerund,,sajya,sañj
sattum,sad#1,infinitive,,sattum,sad#1
sadya,sad#1,gerund,,sadya,sad#1
sanitum,san#1,infinitive,,sanitum,san#1
sapiRqayitum,sapiRqa,infinitive,,sapiṇḍayitum,sapiṇḍa
sapiRqya,sapiRqa,gerund,,sapiṇḍya,sapiṇḍa
sapitum,sap#1,infinitive,,sapitum,sap#1
sapya,sap#1,gerund,,sapya,sap#1
sarjayitum,sfj#1,infinitive,caus,sarjayitum,sṛj#1
sarjya,sfj#1,gerund,caus,sarjya,sṛj#1
sartum,sf,infinitive,,sartum,sṛ
sarpayitum,sfp,infinitive,caus,sarpayitum,sṛp
sarptum,sfp,infinitive,,sarptum,sṛp
sarpya,sfp,gerund,caus,sarpya,sṛp
savitum,su#2,infinitive,,savitum,su#2
savitum,sU#1,infinitive,,savitum,sū#1
sahitum,sah#1,infinitive,,sahitum,sah#1
sahya,sah#1,gerund,,sahya,sah#1
sAQum,sah#1,infinitive,,sāḍhum,sah#1
sAtum,sA#1,infinitive,,sātum,sā#1
sAdayitum,sad#1,infinitive,caus,sādayitum,sad#1
sAdayitum,svad,infinitive,caus,sādayitum,svad
sAdya,sad#1,gerund,caus,sādya,sad#1
sAdya,svad,gerund,caus,sādya,svad
sADayitum,siD#1,infinitive,caus,sādhayitum,sidh#1
sADya,siD#1,gerund,caus,sādhya,sidh#1
sAnayitum,san#1,infinitive,caus,sānayitum,san#1
sAntvayitum,sAntva,infinitive,,sāntvayitum,sāntva
sAntvya,sAntva,gerund,,sāntvya,sāntva
sAnya,san#1,gerund,caus,sānya,san#1
sApayitum,sap#1,infinitive,caus,sāpayitum,sap#1
sApya,sap#1,gerund,caus,sāpya,sap#1
sAya,sA#1,gerund,,sāya,sā#1
sAya,san#1,gerund,,sāya,san#1
sAram,sf,gerund,,sāram,sṛ
sArayitum,sf,infinitive,caus,sārayitum,sṛ
sArya,sf,gerund,caus,sārya,sṛ
sAvaDAnayitum,sAvaDAna,infinitive,,sāvadhānayitum,sāvadhāna
sAvaDAnya,sAvaDAna,gerund,,sāvadhānya,sāvadhāna
sicya,sic,gerund,,sicya,sic
siDya,siD#1,gerund,,sidhya,sidh#1
siDya,siD#2,gerund,,sidhya,sidh#2
sisAnayizitum,san#1,infinitive,desid,sisānayiṣitum,san#1
sisAnayizya,san#1,gerund,desid,sisānayiṣya,san#1
sisfkzitum,sfj#1,infinitive,desid,sisṛkṣitum,sṛj#1
sisfkzya,sfj#1,gerund,desid,sisṛkṣya,sṛj#1
sismayizitum,smi,infinitive,desid,sismayiṣitum,smi
sismayizya,smi,gerund,desid,sismayiṣya,smi
sIditum,sad#1,infinitive,,sīditum,sad#1
sIvayitum,sIv,infinitive,caus,sīvayitum,sīv
sIvitum,sIv,infinitive,,sīvitum,sīv
sIvya,sIv,gerund,caus,sīvya,sīv
suKAyitum,suKa,infinitive,,sukhāyitum,sukha
suKya,suKa,gerund,,sukhya,sukha
suKyitum,suKa,infinitive,,sukhyitum,sukha
sutya,su#2,gerund,,sutya,su#2
sudinAyitum,sudina,infinitive,,sudināyitum,sudina
sudinya,sudina,gerund,,sudinya,sudina
supya,svap,gerund,,supya,svap
sumanaya,sumanas,gerund,,sumanaya,sumanas
sumanAyitum,sumanas,infinitive,,sumanāyitum,sumanas
suya,sU#1,gerund,,suya,sū#1
surya,sur,gerund,,surya,sur
susyUzitum,sIv,infinitive,desid,susyūṣitum,sīv
susyUzya,sIv,gerund,desid,susyūṣya,sīv
sUcayitum,sUc,infinitive,,sūcayitum,sūc
sUcya,sUc,gerund,,sūcya,sūc
sUdayitum,sUd,infinitive,,sūdayitum,sūd
sUdya,sUd,gerund,,sūdya,sūd
sUya,sU#1,gerund,,sūya,sū#1
sfjya,sfj#1,gerund,,sṛjya,sṛj#1
sftya,sf,gerund,,sṛtya,sṛ
sfpas,sfp,infinitive,,sṛpas,sṛp
sfpya,sfp,gerund,,sṛpya,sṛp
sektum,sic,infinitive,,sektum,sic
secayitum,sic,infinitive,caus,secayitum,sic
secya,sic,gerund,caus,secya,sic
setum,sA#1,infinitive,,setum,sā#1
sedDum,siD#1,infinitive,,seddhum,sidh#1
sedDum,siD#2,infinitive,,seddhum,sidh#2
seDitum,siD#2,infinitive,,sedhitum,sidh#2
sevayitum,sIv,infinitive,caus,sevayitum,sīv
sevitum,sev,infinitive,,sevitum,sev
sevya,sev,gerund,,sevya,sev
sevya,sIv,gerund,caus,sevya,sīv
sotum,su#2,infinitive,,sotum,su#2
sotum,sU#1,infinitive,,sotum,sū#1
soritum,sur,infinitive,,soritum,sur
sohya,sah#1,gerund,,sohya,sah#1
skadya,skand,gerund,,skadya,skand
skanttum,skand,infinitive,,skanttum,skand
skandayitum,skand,infinitive,caus,skandayitum,skand
skanditum,skand,infinitive,,skanditum,skand
skandya,skand,gerund,,skandya,skand
skamBitum,skamB,infinitive,,skambhitum,skambh
skamBya,skamB,gerund,,skambhya,skambh
sKalayitum,sKal,infinitive,caus,skhalayitum,skhal
sKalitum,sKal,infinitive,,skhalitum,skhal
sKalya,sKal,gerund,,skhalya,skhal
sKAlayitum,sKal,infinitive,caus,skhālayitum,skhal
sKAlya,sKal,gerund,caus,skhālya,skhal
stanitum,stan,infinitive,,stanitum,stan
stanya,stan,gerund,,stanya,stan
staBya,stamB,gerund,,stabhya,stambh
stamBayitum,stamB,infinitive,caus,stambhayitum,stambh
stamBitum,stamB,infinitive,,stambhitum,stambh
stamBya,stamB,gerund,caus,stambhya,stambh
staritum,stF,infinitive,,staritum,stṝ
starItum,stF,infinitive,,starītum,stṝ
stavitum,stu,infinitive,,stavitum,stu
stAvayitum,stu,infinitive,caus,stāvayitum,stu
stAvya,stu,gerund,caus,stāvya,stu
stIrya,stF,gerund,,stīrya,stṝ
stutya,stu,gerund,,stutya,stu
stuBya,stuB,gerund,,stubhya,stubh
stfya,stF,gerund,,stṛya,stṝ
stenayitum,stena,infinitive,,stenayitum,stena
stenya,stena,gerund,,stenya,stena
stotum,stu,infinitive,,stotum,stu
stoBitum,stuB,infinitive,,stobhitum,stubh
styAtum,styA,infinitive,,styātum,styā
styAya,styA,gerund,,styāya,styā
sTagayitum,sTaga,infinitive,,sthagayitum,sthaga
sTagya,sTaga,gerund,,sthagya,sthaga
sTAtum,sTA#1,infinitive,,sthātum,sthā#1
sTApayitum,sTA#1,infinitive,caus,sthāpayitum,sthā#1
sTApya,sTA#1,gerund,caus,sthāpya,sthā#1
sTAya,sTA#1,gerund,,sthāya,sthā#1
snavitum,snu,infinitive,,snavitum,snu
snAtum,snA,infinitive,,snātum,snā
snAya,snA,gerund,,snāya,snā
snihya,snih#1,gerund,,snihya,snih#1
snutya,snu,gerund,,snutya,snu
snuhya,snuh#1,gerund,,snuhya,snuh#1
snegDum,snih#1,infinitive,,snegdhum,snih#1
snehayitum,snih#1,infinitive,caus,snehayitum,snih#1
snehitum,snih#1,infinitive,,snehitum,snih#1
snehya,snih#1,gerund,caus,snehya,snih#1
snogDum,snuh#1,infinitive,,snogdhum,snuh#1
snohitum,snuh#1,infinitive,,snohitum,snuh#1
spandayitum,spand,infinitive,caus,spandayitum,spand
spanditum,spand,infinitive,,spanditum,spand
spandya,spand,gerund,,spandya,spand
sparDitum,sparD,infinitive,,spardhitum,spardh
sparDya,sparD,gerund,,spardhya,spardh
sparzwum,spfS#1,infinitive,,sparṣṭum,spṛś#1
spASayitum,spaS#1,infinitive,caus,spāśayitum,spaś#1
spASya,spaS#1,gerund,caus,spāśya,spaś#1
spfSya,spfS#1,gerund,,spṛśya,spṛś#1
spfhayitum,spfh,infinitive,,spṛhayitum,spṛh
spfhayya,spfh,gerund,,spṛhayya,spṛh
sPalitum,sPal,infinitive,,sphalitum,sphal
sPalya,sPal,gerund,,sphalya,sphal
sPAtum,sPA,infinitive,,sphātum,sphā
sPIya,sPA,gerund,,sphīya,sphā
sPuwitum,sPuw,infinitive,,sphuṭitum,sphuṭ
sPuwya,sPuw,gerund,,sphuṭya,sphuṭ
sPurya,sPur,gerund,,sphurya,sphur
sPoritum,sPur,infinitive,,sphoritum,sphur
smartum,smf,infinitive,,smartum,smṛ
smAyayitum,smi,infinitive,caus,smāyayitum,smi
smAyya,smi,gerund,caus,smāyya,smi
smArayitum,smf,infinitive,caus,smārayitum,smṛ
smArya,smf,gerund,caus,smārya,smṛ
smitya,smi,gerund,,smitya,smi
smftya,smf,gerund,,smṛtya,smṛ
smetum,smi,infinitive,,smetum,smi
syadya,syand,gerund,,syadya,syand
syanttum,syand,infinitive,,syanttum,syand
syanditum,syand,infinitive,,syanditum,syand
syandya,syand,gerund,,syandya,syand
syUya,sIv,gerund,,syūya,sīv
sraMsitum,sraMs,infinitive,,sraṃsitum,sraṃs
sraMsya,sraMs,gerund,,sraṃsya,sraṃs
srazwum,sfj#1,infinitive,,sraṣṭum,sṛj#1
srAvayitum,sru,infinitive,caus,srāvayitum,sru
srAvya,sru,gerund,caus,srāvya,sru
srutya,sru,gerund,,srutya,sru
srotum,sru,infinitive,,srotum,sru
svaktum,svaYj,infinitive,,svaktum,svañj
svajya,svaYj,gerund,,svajya,svañj
svaYjayitum,svaYj,infinitive,caus,svañjayitum,svañj
svaYjya,svaYj,gerund,caus,svañjya,svañj
svaditum,svad,infinitive,,svaditum,svad
svadya,svad,gerund,,svadya,svad
svanayitum,svan,infinitive,caus,svanayitum,svan
svanitum,svan,infinitive,,svanitum,svan
svanya,svan,gerund,,svanya,svan
svapitum,svap,infinitive,,svapitum,svap
svaptum,svap,infinitive,,svaptum,svap
svaritum,svar#1,infinitive,,svaritum,svar#1
svaritum,svar#2,infinitive,,svaritum,svar#2
svarya,svar#1,gerund,,svarya,svar#1
svarya,svar#2,gerund,,svarya,svar#2
svalpaSilAyitum,svalpaSilA,infinitive,,svalpaśilāyitum,svalpaśilā
svalpaSilya,svalpaSilA,gerund,,svalpaśilya,svalpaśilā
svAdayitum,svad,infinitive,caus,svādayitum,svad
svAdya,svad,gerund,caus,svādya,svad
svidya,svid#2,gerund,,svidya,svid#2
svettum,svid#2,infinitive,,svettum,svid#2
svedayitum,svid#2,infinitive,caus,svedayitum,svid#2
svedya,svid#2,gerund,caus,svedya,svid#2
haWitum,haW,infinitive,,haṭhitum,haṭh
haWya,haW,gerund,,haṭhya,haṭh
hattum,had,infinitive,,hattum,had
hatya,han#1,gerund,,hatya,han#1
hadya,had,gerund,,hadya,had
hantum,han#1,infinitive,,hantum,han#1
hanya,han#1,gerund,,hanya,han#1
hartum,hf#1,infinitive,,hartum,hṛ#1
hartum,hf#2,infinitive,,hartum,hṛ#2
harzayitum,hfz,infinitive,caus,harṣayitum,hṛṣ
harzitum,hfz,infinitive,,harṣitum,hṛṣ
harzya,hfz,gerund,caus,harṣya,hṛṣ
hasitum,has,infinitive,,hasitum,has
hasya,has,gerund,,hasya,has
hAtum,hA#1,infinitive,,hātum,hā#1
hAya,hA#1,gerund,,hāya,hā#1
hAya,hA#2,gerund,,hāya,hā#2
hArayitum,hf#1,infinitive,caus,hārayitum,hṛ#1
hArya,hf#1,gerund,caus,hārya,hṛ#1
hAsayitum,has,infinitive,caus,hāsayitum,has
hAsya,has,gerund,caus,hāsya,has
hiMzya,hiMs,gerund,,hiṃṣya,hiṃs
hiMsitum,hiMs,infinitive,,hiṃsitum,hiṃs
hikkitum,hikk,infinitive,,hikkitum,hikk
hikkya,hikk,gerund,,hikkya,hikk
hitya,hi#2,gerund,,hitya,hi#2
hIya,hA#1,gerund,,hīya,hā#1
huRqitum,huRq,infinitive,,huṇḍitum,huṇḍ
huRqya,huRq,gerund,,huṇḍya,huṇḍ
hutya,hu,gerund,,hutya,hu
hUya,hU,gerund,,hūya,hū
hftya,hf#1,gerund,,hṛtya,hṛ#1
hfzya,hfz,gerund,,hṛṣya,hṛṣ
hetum,hi#2,infinitive,,hetum,hi#2
hotum,hu,infinitive,,hotum,hu
hnUtya,hnu,gerund,,hnūtya,hnu
hnotum,hnu,infinitive,,hnotum,hnu
hrasitum,hras,infinitive,,hrasitum,hras
hrasya,hras,gerund,,hrasya,hras
hrAdayitum,hrAd,infinitive,caus,hrādayitum,hrād
hrAditum,hrAd,infinitive,,hrāditum,hrād
hrAdya,hrAd,gerund,,hrādya,hrād
hrAsayitum,hras,infinitive,caus,hrāsayitum,hras
hrAsya,hras,gerund,caus,hrāsya,hras
hrIya,hrI#1,gerund,,hrīya,hrī#1
hretum,hrI#1,infinitive,,hretum,hrī#1
hrepayitum,hrI#1,infinitive,caus,hrepayitum,hrī#1
hrepya,hrI#1,gerund,caus,hrepya,hrī#1
hlAdayitum,hlAd,infinitive,caus,hlādayitum,hlād
hlAditum,hlAd,infinitive,,hlāditum,hlād
hlAdya,hlAd,gerund,,hlādya,hlād
hvayitum,hU,infinitive,,hvayitum,hū
hvalitum,hval,infinitive,,hvalitum,hval
hvalya,hval,gerund,,hvalya,hval
hvAtum,hU,infinitive,,hvātum,hū
hvAyayitum,hU,infinitive,caus,hvāyayitum,hū
hvAyya,hU,gerund,caus,hvāyya,hū
