name,name_IAST
aMSAMsi,aṃśāṃsi
akasmAt,akasmāt
akARqe,akāṇḍe
akAmatas,akāmatas
akAraRam,akāraṇam
akAraRAt,akāraṇāt
akAraRe,akāraṇe
akAraRena,akāraṇena
akAlakzepam,akālakṣepam
akAlatas,akālatas
akAlahInam,akālahīnam
akAlikam,akālikam
akAle,akāle
akutaScid,akutaścid
akutas,akutas
akftakAram,akṛtakāram
aktuBis,aktubhis
aktos,aktos
akramam,akramam
akramaSas,akramaśas
akzapari,akṣapari
akzayyam,akṣayyam
akzaraSas,akṣaraśas
akzasaNgam,akṣasaṅgam
akzinikARam,akṣinikāṇam
akzipat,akṣipat
akzRayA,akṣṇayā
aKilena,akhilena
aKKala,akhkhala
agatyA,agatyā
agoHprApaRam,agoḥprāpaṇam
agocareRa,agocareṇa
agnisAt,agnisāt
agratas,agratas
agratas,agratas
agram,agram
agraSas,agraśas
agre,agre
agre,agre
agreRa,agreṇa
aGos,aghos
aNga,aṅga
aNgaSas,aṅgaśas
aNgasamAKyAyam,aṅgasamākhyāyam
aNgANgi,aṅgāṅgi
aNgirasvat,aṅgirasvat
aciram,aciram
acirAt,acirāt
acireRa,acireṇa
acCidreRa,acchidreṇa
ajasram,ajasram
ajasreRa,ajasreṇa
ajiram,ajiram
ajYAtam,ajñātam
ajYAtvA,ajñātvā
ajYAnatas,ajñānatas
ajYAnAt,ajñānāt
aYjanavat,añjanavat
aYjas,añjas
aYjasA,añjasā
awwa,aṭṭa
awwawwa,aṭṭaṭṭa
awwAlikAbanDam,aṭṭālikābandham
aRimatas,aṇimatas
aRu,aṇu
aRuSas,aṇuśas
at,at
ataUrDvam,ataūrdhvam
ataeva,ataeva
ataHparam,ataḥparam
atadarham,atadarham
atarapaRyena,atarapaṇyena
atarkitam,atarkitam
atas,atas
ati,ati
atikalyam,atikalyam
atikfcCram,atikṛcchram
atikramya,atikramya
atigAQam,atigāḍham
aticiram,aticiram
aticirasya,aticirasya
aticirAt,aticirāt
atitamAm,atitamām
atitarAm,atitarām
atiTivat,atithivat
atidozam,atidoṣam
atinidram,atinidram
atinidram,atinidram
atiprage,atiprage
atipraRudya,atipraṇudya
atiprARam,atiprāṇam
atimaryAdam,atimaryādam
atimarSam,atimarśam
atimAtram,atimātram
atimAtraSas,atimātraśas
ativiSrabDam,ativiśrabdham
ativelam,ativelam
atiSayanam,atiśayanam
atiSayam,atiśayam
atiSayena,atiśayena
atiSItam,atiśītam
atisanDam,atisandham
atisAyam,atisāyam
atihimam,atihimam
atIva,atīva
atonimittam,atonimittam
atorTam,atortham
atyantam,atyantam
atyantaSas,atyantaśas
atyantAya,atyantāya
atyarTam,atyartham
atyAyam,atyāyam
atyAsam,atyāsam
atyuccEs,atyuccais
atyUmaSA,atyūmaśā
atyUrjitam,atyūrjitam
atrivat,atrivat
atrEva,atraiva
aTakim,athakim
aTakimu,athakimu
aTaca,athaca
aTatu,athatu
aTarvavat,atharvavat
aTavA,athavā
aTavApi,athavāpi
aTAtas,athātas
aTAnantaram,athānantaram
aTApi,athāpi
aTo,atho
aTovA,athovā
adattvA,adattvā
adatrayA,adatrayā
adayam,adayam
adUratas,adūratas
adUrAt,adūrāt
adUre,adūre
adDA,addhā
adDAtamAm,addhātamām
adya,adya
adyatas,adyatas
adyapUrvam,adyapūrvam
adyapraBfti,adyaprabhṛti
adyAgreRa,adyāgreṇa
adyApi,adyāpi
adyEva,adyaiva
advezas,adveṣas
advEtena,advaitena
aDaHkfzRAjinam,adhaḥkṛṣṇājinam
aDaratas,adharatas
aDarastAt,adharastāt
aDarasmAt,adharasmāt
aDarAk,adharāk
aDarAt,adharāt
aDarAt,adharāt
aDaredyus,adharedyus
aDarmatas,adharmatas
aDas,adhas
aDastarAm,adhastarām
aDastAt,adhastāt
aDastAnnABi,adhastānnābhi
aDaspadam,adhaspadam
aDi,adhi
aDikaRWam,adhikaṇṭham
aDikanDaram,adhikandharam
aDikam,adhikam
aDikarRam,adhikarṇam
aDikftya,adhikṛtya
aDiketanam,adhiketanam
aDikziti,adhikṣiti
aDigfham,adhigṛham
aDigopam,adhigopam
aDigrIvam,adhigrīvam
aDijaNGam,adhijaṅgham
aDijAnu,adhijānu
aDijyotizam,adhijyotiṣam
aDidEvam,adhidaivam
aDinAgam,adhināgam
aDiniSam,adhiniśam
aDipaTam,adhipatham
aDipARi,adhipāṇi
aDipuranDri,adhipurandhri
aDipUtaBftam,adhipūtabhṛtam
aDiprajam,adhiprajam
aDiprajYam,adhiprajñam
aDiBUtam,adhibhūtam
aDimaKam,adhimakham
aDimAtram,adhimātram
aDiyajYam,adhiyajñam
aDirajani,adhirajani
aDiraTyam,adhirathyam
aDilaNkam,adhilaṅkam
aDilokam,adhilokam
aDivakzas,adhivakṣas
aDividyam,adhividyam
aDivivAham,adhivivāham
aDivfkzasUrye,adhivṛkṣasūrye
aDivedam,adhivedam
aDivelam,adhivelam
aDiSiras,adhiśiras
aDiSiroDaram,adhiśirodharam
aDiSrotram,adhiśrotram
aDizAdam,adhiṣādam
aDistri,adhistri
aDihari,adhihari
aDihasti,adhihasti
aDIvAsas,adhīvāsas
aDunA,adhunā
aDojAnu,adhojānu
aDoSvam,adhośvam
aDyakzaram,adhyakṣaram
aDyagni,adhyagni
aDyaDi,adhyadhi
aDyaDvam,adhyadhvam
aDyantena,adhyantena
aDyAkASam,adhyākāśam
aDyAtmam,adhyātmam
aDyuras,adhyuras
aDyuzite,adhyuṣite
anakasmAt,anakasmāt
anaDas,anadhas
anantaHpAdam,anantaḥpādam
anantaram,anantaram
anantarAyam,anantarāyam
ananyayogam,ananyayogam
anapajayyam,anapajayyam
anapanihitam,anapanihitam
anapayati,anapayati
anaparAdDam,anaparāddham
anapAvft,anapāvṛt
anapekzatvAt,anapekṣatvāt
anapekzam,anapekṣam
analam,analam
anavakrAmam,anavakrāmam
anavamarSam,anavamarśam
anavaratam,anavaratam
anavAnam,anavānam
anavekzam,anavekṣam
anavekzitam,anavekṣitam
anA,anā
anAkzepam,anākṣepam
anAKyAya,anākhyāya
anAjYAtam,anājñātam
anAtmavat,anātmavat
anAdi,anādi
anAmayatA,anāmayatā
anAyAsena,anāyāsena
anAratam,anāratam
anikAzam,anikāṣam
anityam,anityam
animittatas,animittatas
animizam,animiṣam
animizam,animiṣam
animizA,animiṣā
animezam,animeṣam
aniyantraRam,aniyantraṇam
anirdaSam,anirdaśam
aniSam,aniśam
aniSitam,aniśitam
anizpattram,aniṣpattram
anIkaSas,anīkaśas
anIcEs,anīcais
anu,anu
anukacCam,anukaccham
anukanaKalam,anukanakhalam
anukapolam,anukapolam
anukalam,anukalam
anukAmam,anukāmam
anukAlam,anukālam
anukramam,anukramam
anukzaRam,anukṣaṇam
anukzapam,anukṣapam
anugaNgam,anugaṅgam
anugavam,anugavam
anugiram,anugiram
anugu,anugu
anuguRam,anuguṇam
anugodam,anugodam
anugrAmam,anugrāmam
anuccEs,anuccais
anujanam,anujanam
anujyezWam,anujyeṣṭham
anutawam,anutaṭam
anutilam,anutilam
anudakam,anudakam
anudinam,anudinam
anudivasam,anudivasam
anudiSam,anudiśam
anudeham,anudeham
anunadi,anunadi
anunayam,anunayam
anuniDAnam,anunidhānam
anuniSam,anuniśam
anuniSITam,anuniśītham
anupagItam,anupagītam
anupati,anupati
anupaTam,anupatham
anupadam,anupadam
anuparikrAmam,anuparikrāmam
anuparicAram,anuparicāram
anupariDi,anuparidhi
anupariSrit,anupariśrit
anuparihAram,anuparihāram
anupAtam,anupātam
anupAde,anupāde
anupiRqam,anupiṇḍam
anupUrvam,anupūrvam
anupUrvaSas,anupūrvaśas
anupUrveRa,anupūrveṇa
anupratikrAmam,anupratikrāmam
anuprapAtam,anuprapātam
anuprapAdam,anuprapādam
anubrAhmaRam,anubrāhmaṇam
anuBavam,anubhavam
anuBitti,anubhitti
anuBUya,anubhūya
anumate,anumate
anumarSam,anumarśam
anumAlinItIram,anumālinītīram
anumAzam,anumāṣam
anuyajus,anuyajus
anuyavam,anuyavam
anuyugam,anuyugam
anuyUpam,anuyūpam
anurajju,anurajju
anuraTam,anuratham
anurahasam,anurahasam
anurAtram,anurātram
anurUpatas,anurūpatas
anurUpam,anurūpam
anurUpeRa,anurūpeṇa
anulomam,anulomam
anuvaMSam,anuvaṃśam
anuvatsaram,anuvatsaram
anuvanam,anuvanam
anuvanAntam,anuvanāntam
anuvapram,anuvapram
anuvAte,anuvāte
anuvAram,anuvāram
anuvAsaram,anuvāsaram
anuvizRu,anuviṣṇu
anuvedi,anuvedi
anuvedyantam,anuvedyantam
anuvelam,anuvelam
anuvyam,anuvyam
anuSivam,anuśivam
anuzak,anuṣak
anuzWyA,anuṣṭhyā
anuzvApam,anuṣvāpam
anusaMvatsaram,anusaṃvatsaram
anusaMsarpam,anusaṃsarpam
anusaMhitam,anusaṃhitam
anusakTam,anusaktham
anusanDyam,anusandhyam
anusamudram,anusamudram
anusavanam,anusavanam
anusAtam,anusātam
anusAnu,anusānu
anusAyam,anusāyam
anusAratas,anusāratas
anusItam,anusītam
anusIram,anusīram
anusUpam,anusūpam
anusomam,anusomam
anuskandam,anuskandam
anusneham,anusneham
anuspandyam,anuspandyam
anUci,anūci
anUcInAham,anūcīnāham
anUtsAram,anūtsāram
anUdya,anūdya
anUpasadam,anūpasadam
anfcam,anṛcam
anftu,anṛtu
anekakAlam,anekakālam
anekakAlAvaDi,anekakālāvadhi
anekatra,anekatra
anekaDA,anekadhā
anekavAram,anekavāram
anekaSas,anekaśas
aneva,aneva
anevam,anevam
ano,ano
anovAhyam,anovāhyam
antaHkratu,antaḥkratu
antaHpariDi,antaḥparidhi
antaHpaSu,antaḥpaśu
antaHpAdam,antaḥpādam
antaHpratihAram,antaḥpratihāram
antaHsadas,antaḥsadas
antaHsadasam,antaḥsadasam
antaHsalilam,antaḥsalilam
antaHsAnu,antaḥsānu
antaHsAma,antaḥsāma
antaHsenam,antaḥsenam
antatas,antatas
antam,antam
antar,antar
antaratas,antaratas
antaratas,antaratas
antaram,antaram
antarA,antarā
antarAtmezwakam,antarātmeṣṭakam
antarAntarAt,antarāntarāt
antarAlake,antarālake
antarAle,antarāle
antarASfNgam,antarāśṛṅgam
antare,antare
antareRa,antareṇa
antargfham,antargṛham
antargeham,antargeham
antarjAnu,antarjānu
antardaSAhAt,antardaśāhāt
antarmuKam,antarmukham
antarvaRam,antarvaṇam
antarvAvat,antarvāvat
antarvedi,antarvedi
antarhastam,antarhastam
antarhAsam,antarhāsam
antavat,antavat
antaSas,antaśas
anti,anti
antikam,antikam
antikAt,antikāt
antike,antike
antikena,antikena
antevAsi,antevāsi
annaparyAyam,annaparyāyam
anyataratas,anyataratas
anyataredyus,anyataredyus
anyatas,anyatas
anyatra,anyatra
anyaTA,anyathā
anyaTAkAram,anyathākāram
anyadA,anyadā
anyarhi,anyarhi
anyAyatas,anyāyatas
anyedyus,anyedyus
anyonyatas,anyonyatas
anyonyam,anyonyam
anvak,anvak
anvak,anvak
anvakzam,anvakṣam
anvakzaram,anvakṣaram
anvagBAvam,anvagbhāvam
anvagBUya,anvagbhūya
anvagram,anvagram
anvaNgam,anvaṅgam
anvaDyAyam,anvadhyāyam
anvaByavacAram,anvabhyavacāram
anvayavat,anvayavat
anvaham,anvaham
anvAkSAyam,anvākśāyam
anvAvftam,anvāvṛtam
anvIpam,anvīpam
anvfcam,anvṛcam
apa,apa
apakAmam,apakāmam
apakrAmam,apakrāmam
apawIkzepeRa,apaṭīkṣepeṇa
apataram,apataram
apadakziRam,apadakṣiṇam
apadAntaram,apadāntaram
apadiSam,apadiśam
apamuKam,apamukham
aparatas,aparatas
aparatra,aparatra
aparadakziRam,aparadakṣiṇam
aparam,aparam
aparaSvas,aparaśvas
aparaSvas,aparaśvas
aparANmuKam,aparāṅmukham
aparikrAmam,aparikrāmam
apariBogam,aparibhogam
aparimitakftvas,aparimitakṛtvas
aparimitaDA,aparimitadhā
aparivargam,aparivargam
apariSlaTam,apariślatham
apariskandam,apariskandam
aparihIRakAlam,aparihīṇakālam
apareRa,apareṇa
aparedyus,aparedyus
aparokzam,aparokṣam
aparokzAt,aparokṣāt
apartu,apartu
aparyupya,aparyupya
aparvaRi,aparvaṇi
apalupam,apalupam
apavAritakena,apavāritakena
apavAritam,apavāritam
apavArya,apavārya
apavizRu,apaviṣṇu
apavIRam,apavīṇam
apaSaNkam,apaśaṅkam
apazWu,apaṣṭhu
apasamam,apasamam
apasalavi,apasalavi
apasalEH,apasalaiḥ
apasavyam,apasavyam
apasavyena,apasavyena
apasPigam,apasphigam
apahAya,apahāya
apAk,apāk
apAkAt,apākāt
apIqayA,apīḍayā
apunar,apunar
apUrvavat,apūrvavat
apUrveRa,apūrveṇa
apfTak,apṛthak
apekzayA,apekṣayā
apnavAnavat,apnavānavat
appUrvam,appūrvam
apyarDam,apyardham
aprakawam,aprakaṭam
aprakASam,aprakāśam
apratA,apratā
apratikareRa,apratikareṇa
apratIkzam,apratīkṣam
apramAdam,apramādam
aprayAsena,aprayāsena
apralambam,apralambam
aprAyu,aprāyu
abanDuram,abandhuram
abahir,abahir
abudDipUrvakam,abuddhipūrvakam
abudDipUrvam,abuddhipūrvam
abudDyA,abuddhyā
aBi,abhi
aBikarRakUpam,abhikarṇakūpam
aBikAmam,abhikāmam
aBikfzRam,abhikṛṣṇam
aBiknUyam,abhiknūyam
aBikrAmam,abhikrāmam
aBiGozam,abhighoṣam
aBicEdyam,abhicaidyam
aBicCAyam,abhicchāyam
aBitas,abhitas
aBitas,abhitas
aBitigmaraSmi,abhitigmaraśmi
aBitorAtram,abhitorātram
aBidakziRam,abhidakṣiṇam
aBidUtam,abhidūtam
aBidUti,abhidūti
aBidozam,abhidoṣam
aBiDAyam,abhidhāyam
aBinaBas,abhinabhas
aBinaByam,abhinabhyam
aBinAsikAvivaram,abhināsikāvivaram
aBininartam,abhininartam
aBinivartam,abhinivartam
aBipUrvam,abhipūrvam
aBipUrveRa,abhipūrveṇa
aBipfzWe,abhipṛṣṭhe
aBipradakziRam,abhipradakṣiṇam
aBiprayAyam,abhiprayāyam
aBiprAtar,abhiprātar
aBipriyatamam,abhipriyatamam
aBipretya,abhipretya
aBiBartf,abhibhartṛ
aBimArutam,abhimārutam
aBimuKam,abhimukham
aBimuKe,abhimukhe
aBimuni,abhimuni
aBiraSmimAli,abhiraśmimāli
aBirAmam,abhirāmam
aBirAmam,abhirāmam
aBilakzyam,abhilakṣyam
aBivAtam,abhivātam
aBivAsas,abhivāsas
aBivAhatas,abhivāhatas
aBiviDO,abhividhau
aBivyaktam,abhivyaktam
aBiSaNkitam,abhiśaṅkitam
aBiSatru,abhiśatru
aBiSOri,abhiśauri
aBisaMDipUrvakam,abhisaṃdhipūrvakam
aBisaMsAram,abhisaṃsāram
aBisaMsTam,abhisaṃstham
aBisaMhftya,abhisaṃhṛtya
aBisAyam,abhisāyam
aBiskandam,abhiskandam
aBisTiram,abhisthiram
aBisvayamAtfRRam,abhisvayamātṛṇṇam
aBisvare,abhisvare
aBIke,abhīke
aBIkzRam,abhīkṣṇam
aBIkzRaSas,abhīkṣṇaśas
aBItavat,abhītavat
aBIpatas,abhīpatas
aBIzahA,abhīṣahā
aByagni,abhyagni
aByaDikam,abhyadhikam
aByaDvam,abhyadhvam
aByaDve,abhyadhve
aByantaratas,abhyantaratas
aByantaram,abhyantaram
aByamitram,abhyamitram
aByayoDyam,abhyayodhyam
aByari,abhyari
aByarkabimbam,abhyarkabimbam
aByarDam,abhyardham
aByarDas,abhyardhas
aByAkAram,abhyākāram
aByAkAram,abhyākāram
aByAkrAmam,abhyākrāmam
aByAgAram,abhyāgāram
aByAgAre,abhyāgāre
aByAcAre,abhyācāre
aByAtmataram,abhyātmataram
aByAtmam,abhyātmam
aByAnandya,abhyānandya
aByApAdam,abhyāpādam
aByAram,abhyāram
aByAvartam,abhyāvartam
aByASam,abhyāśam
aByASAt,abhyāśāt
aByASe,abhyāśe
aByujjayini,abhyujjayini
aByudIrite,abhyudīrite
am,am
amatyA,amatyā
amanAk,amanāk
amandam,amandam
amaravat,amaravat
amavat,amavat
amA,amā
amAt,amāt
amAtrayA,amātrayā
amAyayA,amāyayā
amArgeRa,amārgeṇa
amitam,amitam
amiTyA,amithyā
amutas,amutas
amutra,amutra
amutrArTam,amutrārtham
amuTA,amuthā
amudA,amudā
amuyA,amuyā
amurhi,amurhi
amuvat,amuvat
amuzmin,amuṣmin
amfzA,amṛṣā
amRas,amṇas
amBastas,ambhastas
amyak,amyak
ayajuzkam,ayajuṣkam
ayatnAt,ayatnāt
ayatnena,ayatnena
ayaTA,ayathā
ayaTAtaTam,ayathātatham
ayaTAtaTA,ayathātathā
ayaTApuram,ayathāpuram
ayaTApUrvam,ayathāpūrvam
ayaTAbalam,ayathābalam
ayaTAmAtram,ayathāmātram
ayaTAyaTam,ayathāyatham
ayaTArTam,ayathārtham
ayaTAvat,ayathāvat
ayaToktam,ayathoktam
ayA,ayā
ayi,ayi
ayuktam,ayuktam
ayugapad,ayugapad
ayujakAram,ayujakāram
ayutaDA,ayutadhā
ayutaSas,ayutaśas
aye,aye
araRyavat,araṇyavat
aram,aram
aram,aram
arare,arare
arAgadvezatas,arāgadveṣatas
arus,arus
are,are
arere,arere
arGApacayena,arghāpacayena
arjunatas,arjunatas
arTakAraRAt,arthakāraṇāt
arTatas,arthatas
arTavat,arthavat
arTAt,arthāt
arTArTam,arthārtham
arTisAt,arthisāt
arDapaTe,ardhapathe
arDamAsaSas,ardhamāsaśas
arDarcaSas,ardharcaśas
arDaSas,ardhaśas
arDe,ardhe
arpya,arpya
arbudaDA,arbudadhā
arvAk,arvāk
arvAc,arvāc
arvAcInam,arvācīnam
arhaRA,arhaṇā
alaMtarAm,alaṃtarām
alakam,alakam
alaglam,alaglam
alam,alam
alale,alale
aleSam,aleśam
alpakam,alpakam
alpakAt,alpakāt
alpam,alpam
alpaSas,alpaśas
alpAt,alpāt
alpena,alpena
ava,ava
avakASe,avakāśe
avakzAyam,avakṣāyam
avagrAham,avagrāham
avaGrAyam,avaghrāyam
avacakzaRam,avacakṣaṇam
avajYayA,avajñayā
avataram,avataram
avaDi,avadhi
avaDes,avadhes
avapAtam,avapātam
avamarSam,avamarśam
avayavaSas,avayavaśas
avayutyA,avayutyā
avaratas,avaratas
avaraparam,avaraparam
avarastAt,avarastāt
avarArDatas,avarārdhatas
avarArDam,avarārdham
avaruRam,avaruṇam
avareRa,avareṇa
avarzatarkye,avarṣatarkye
avalIlayA,avalīlayā
avalokezu,avalokeṣu
avaSezam,avaśeṣam
avaSyam,avaśyam
avazwaBya,avaṣṭabhya
avas,avas
avasare,avasare
avasalavi,avasalavi
avasavi,avasavi
avastAt,avastāt
avahelayA,avahelayā
avAk,avāk
avAk,avāk
avANnABi,avāṅnābhi
avAYcam,avāñcam
avAntarAm,avāntarām
avAritam,avāritam
avikalpam,avikalpam
avigaRayya,avigaṇayya
aviGnatas,avighnatas
aviGnena,avighnena
avicAraRAt,avicāraṇāt
avicAram,avicāram
avicAritam,avicāritam
avicCedAt,avicchedāt
avicCedena,avicchedena
avijYAnAt,avijñānāt
avitaTam,avitatham
avitaTena,avitathena
avida,avida
aviditam,aviditam
avidUratas,avidūratas
avidUram,avidūram
avidUrAt,avidūrāt
avidUre,avidūre
avidyamAnavat,avidyamānavat
aviDA,avidhā
aviDAnatas,avidhānatas
aviDinA,avidhinā
aviDipUrvakam,avidhipūrvakam
aviparyayAt,aviparyayāt
aviparyAsam,aviparyāsam
aviBAgena,avibhāgena
avimuKam,avimukham
aviratam,aviratam
aviralam,aviralam
avirAmam,avirāmam
avilagnam,avilagnam
avilambam,avilambam
avilambitam,avilambitam
avilambena,avilambena
avilambya,avilambya
avivararm,avivararm
avivekam,avivekam
avivecam,avivecam
avivenam,avivenam
aviSaNkitam,aviśaṅkitam
aviSezatas,aviśeṣatas
aviSezAt,aviśeṣāt
aviSezeRa,aviśeṣeṇa
aviSrAmam,aviśrāmam
avizamam,aviṣamam
avfTA,avṛthā
avelam,avelam
avyaktam,avyaktam
avyagram,avyagram
avyatizaNgam,avyatiṣaṅgam
avyaBicArAt,avyabhicārāt
avyaBicAreRa,avyabhicāreṇa
avyalIkam,avyalīkam
avyavacCinnam,avyavacchinnam
avyavAnam,avyavānam
aSaNkam,aśaṅkam
aSaNkitam,aśaṅkitam
aSam,aśam
aSezatas,aśeṣatas
aSezam,aśeṣam
aSezeRa,aśeṣeṇa
aSrameRa,aśrameṇa
aSravaRAt,aśravaṇāt
aSrutavat,aśrutavat
aSvameDavat,aśvamedhavat
azwakftvas,aṣṭakṛtvas
azwaDA,aṣṭadhā
azwAdaSaDA,aṣṭādaśadhā
azwAviMSatiDA,aṣṭāviṃśatidhā
asaMKyaSas,asaṃkhyaśas
asaMgItakam,asaṃgītakam
asaMdigDam,asaṃdigdham
asaMprati,asaṃprati
asaMBavyam,asaṃbhavyam
asaMBAvyam,asaṃbhāvyam
asaMBramam,asaṃbhramam
asaMBrAntam,asaṃbhrāntam
asaMroDena,asaṃrodhena
asaMvyavahitam,asaṃvyavahitam
asaMSayam,asaṃśayam
asaMSravaRe,asaṃśravaṇe
asaMSrAvam,asaṃśrāvam
asaMsaktam,asaṃsaktam
asaMsvAdam,asaṃsvādam
asakft,asakṛt
asaktam,asaktam
asaNgAt,asaṅgāt
asaNgena,asaṅgena
asadyas,asadyas
asamakzam,asamakṣam
asamagram,asamagram
asamaYjasam,asamañjasam
asamavahitam,asamavahitam
asamyak,asamyak
asarvaSas,asarvaśas
asavye,asavye
asaScatA,asaścatā
asAMpratam,asāṃpratam
asAkzAt,asākṣāt
asADu,asādhu
asAmi,asāmi
asAmnA,asāmnā
asUre,asūre
asUryam,asūryam
astam,astam
astamite,astamite
astA,astā
asti,asti
astinAsti,astināsti
asTA,asthā
asTAne,asthāne
asmatrA,asmatrā
asmadryak,asmadryak
asmadvat,asmadvat
asmfti,asmṛti
asyasi,asyasi
asvaram,asvaram
aha,aha
aharahar,aharahar
aharjaram,aharjaram
ahardivam,ahardivam
aharniSam,aharniśam
aharvyatyAsam,aharvyatyāsam
ahaSSas,ahaśśas
ahaha,ahaha
ahahA,ahahā
ahahAre,ahahāre
ahAvas,ahāvas
ahutAByudite,ahutābhyudite
ahfRIyamAnam,ahṛṇīyamānam
ahe,ahe
ahEtukam,ahaitukam
aho,aho
ahorAtram,ahorātram
ahnAya,ahnāya
ahnAya,ahnāya
A,ā
AkaRWam,ākaṇṭham
AkarRam,ākarṇam
AkarRamUlam,ākarṇamūlam
Akalpam,ākalpam
AkalpAntam,ākalpāntam
AkAyam,ākāyam
AkAlam,ākālam
AkAlikAtIram,ākālikātīram
AkASe,ākāśe
AkIwapataMgapipIlakam,ākīṭapataṃgapipīlakam
AkIm,ākīm
AkIrRe,ākīrṇe
Ake,āke
AkozWam,ākoṣṭham
AkrAntitas,ākrāntitas
AklI,āklī
AKyayA,ākhyayā
AgaRqa,āgaṇḍa
Agamanatas,āgamanatas
AgarBam,āgarbham
AgrahAt,āgrahāt
AgrahAyaRam,āgrahāyaṇam
AgrahAyaRi,āgrahāyaṇi
AgraheRa,āgraheṇa
AGarGaram,āghargharam
Acaturam,ācaturam
AcandratArakam,ācandratārakam
Acandram,ācandram
Ajanma,ājanma
Ajarasam,ājarasam
AjAnu,ājānu
AjIrRAntam,ājīrṇāntam
AjIvam,ājīvam
AjIvitAntam,ājīvitāntam
Aw,āṭ
AQyapadi,āḍhyapadi
At,āt
AtAlI,ātālī
AtizWadgu,ātiṣṭhadgu
Atfpti,ātṛpti
Atmagatam,ātmagatam
Atmavat,ātmavat
AtmasAt,ātmasāt
AtmArTam,ātmārtham
AtmArTe,ātmārthe
AdaDIci,ādadhīci
AdaSAham,ādaśāham
AdAya,ādāya
Aditas,āditas
Adityavat,ādityavat
AdinAntam,ādināntam
Adfzwigocaram,ādṛṣṭigocaram
Adfzwiprasaram,ādṛṣṭiprasaram
AdehadAham,ādehadāham
AdO,ādau
Adyantavat,ādyantavat
AdvAdaSam,ādvādaśam
AdvAram,ādvāram
AnABi,ānābhi
AniSam,āniśam
AnukUlyatas,ānukūlyatas
Anuzak,ānuṣak
AnfSaMsyatas,ānṛśaṃsyatas
Antam,āntam
ApAwaliputram,āpāṭaliputram
ApAtatas,āpātatas
ApAdatalamastakam,āpādatalamastakam
ApArzRi,āpārṣṇi
Apfk,āpṛk
Apradivam,āpradivam
Aprapadam,āprapadam
AprAvfzam,āprāvṛṣam
Abarham,ābarham
AbAlam,ābālam
AbAlyam,ābālyam
Abilam,ābilam
Abdam,ābdam
Abrahma,ābrahma
AbrahmasaBam,ābrahmasabham
ABUtasaMplavam,ābhūtasaṃplavam
AByantaram,ābhyantaram
Am,ām
Amajjam,āmajjam
AmaDyAhnam,āmadhyāhnam
Amantrya,āmantrya
AmaraRam,āmaraṇam
AmuKam,āmukham
AmUrDAntam,āmūrdhāntam
AmUlam,āmūlam
AmeKalam,āmekhalam
Ayatam,āyatam
AyatayA,āyatayā
AyatIgavam,āyatīgavam
AyatIsamam,āyatīsamam
AyAmatas,āyāmatas
Ayuzak,āyuṣak
Ayojanam,āyojanam
ArakAt,ārakāt
ArAt,ārāt
ArAttAt,ārāttāt
ArAtrivivAsam,ārātrivivāsam
Are,āre
Aryahalam,āryahalam
Alambam,ālambam
AlozwI,āloṣṭī
Avatsaram,āvatsaram
AvatsarAntam,āvatsarāntam
Avartam,āvartam
AvAriDi,āvāridhi
AviHsUrye,āviḥsūrye
Avis,āvis
AvistarAm,āvistarām
AvfdDabAlakam,āvṛddhabālakam
Avyuzam,āvyuṣam
ASayatas,āśayatas
ASarIram,āśarīram
ASiKam,āśikham
ASiraHpadam,āśiraḥpadam
ASu,āśu
ASumat,āśumat
ASuyA,āśuyā
AScaryam,āścaryam
ASrayatas,āśrayatas
ASravaRam,āśravaṇam
As,ās
AsaMsAram,āsaṃsāram
Asakti,āsakti
AsaNgam,āsaṅgam
AsapiRqakriyAkarma,āsapiṇḍakriyākarma
AsamApti,āsamāpti
AsamudrAntam,āsamudrāntam
AsAt,āsāt
AsAdya,āsādya
AsAyam,āsāyam
AsImAntam,āsīmāntam
Asfzwi,āsṛṣṭi
Aha,āha
AhavanIyatas,āhavanīyatas
AhUya,āhūya
Aho,āho
Ahosvit,āhosvit
i,i
ikzuBaYjam,ikṣubhañjam
icCayA,icchayā
itaHpraBfti,itaḥprabhṛti
itaratas,itaratas
itaratra,itaratra
itaraTA,itarathā
itarad,itarad
itaredyus,itaredyus
itas,itas
itastatas,itastatas
iti,iti
itikrameRa,itikrameṇa
itipARini,itipāṇini
itivat,itivat
itiha,itiha
itihari,itihari
itomuKam,itomukham
itTam,ittham
itTamkAram,itthamkāram
itTA,itthā
itTAt,itthāt
ityarTam,ityartham
ityahe,ityahe
ityevamAdi,ityevamādi
id,id
idam,idam
idamprakAram,idamprakāram
idA,idā
idAnIm,idānīm
imaTA,imathā
iva,iva
izitatvatA,iṣitatvatā
iziram,iṣiram
izumAtram,iṣumātram
izwatas,iṣṭatas
izwam,iṣṭam
izwvInam,iṣṭvīnam
is,is
iha,iha
ihatra,ihatra
ihaloke,ihaloke
ihasamaye,ihasamaye
ihasTAne,ihasthāne
ihAmutra,ihāmutra
ihArTam,ihārtham
iheha,iheha
I,ī
Iti,īti
Im,īm
ISake,īśake
Iz,īṣ
Izat,īṣat
Ihatas,īhatas
u,u
u,u
uka,uka
uktavarjam,uktavarjam
uccakEs,uccakais
uccaSas,uccaśas
uccA,uccā
uccEHkAram,uccaiḥkāram
uccEHSabdam,uccaiḥśabdam
uccEs,uccais
uccEstamAm,uccaistamām
uccEstarAm,uccaistarām
ut,ut
uta,uta
utkaRWAnirBaram,utkaṇṭhānirbharam
utkUlam,utkūlam
utKAtam,utkhātam
uttamam,uttamam
uttarakAlatas,uttarakālatas
uttarakAlam,uttarakālam
uttarataHpaScAt,uttarataḥpaścāt
uttaratas,uttaratas
uttaratra,uttaratra
uttarapurastAt,uttarapurastāt
uttaram,uttaram
uttarA,uttarā
uttarAt,uttarāt
uttarAttAt,uttarāttāt
uttarAhi,uttarāhi
uttareRa,uttareṇa
uttaredyus,uttaredyus
uttarottaram,uttarottaram
uttIram,uttīram
utTAyotTAya,utthāyotthāya
utpArapAram,utpārapāram
utsargatas,utsargatas
utsargam,utsargam
utseDavistAratas,utsedhavistāratas
udak,udak
udakapUrvakam,udakapūrvakam
udakAntam,udakāntam
udakArTam,udakārtham
udaktas,udaktas
udagapavargam,udagapavargam
udagdvAram,udagdvāram
udantam,udantam
udayanatas,udayanatas
udaratAqam,udaratāḍam
udarapUram,udarapūram
udaSru,udaśru
udastAt,udastāt
udAcam,udācam
udApyAm,udāpyām
udfci,udṛci
udgAQam,udgāḍham
uddAmam,uddāmam
uddeSatas,uddeśatas
uddeSAt,uddeśāt
uddeSena,uddeśena
udvecam,udvecam
unnAmya,unnāmya
unnIpam,unnīpam
unmattagaNgam,unmattagaṅgam
unmattavat,unmattavat
upa,upa
upakaRWam,upakaṇṭham
upakarRam,upakarṇam
upakarzam,upakarṣam
upakalApam,upakalāpam
upakAntam,upakāntam
upakumBam,upakumbham
upakumBAt,upakumbhāt
upakumBe,upakumbhe
upakumBena,upakumbhena
upakUpe,upakūpe
upakUlatas,upakūlatas
upakUlam,upakūlam
upaKAtam,upakhātam
upagiram,upagiram
upagiri,upagiri
upagu,upagu
upaguru,upaguru
upagrAmam,upagrāmam
upaGAtam,upaghātam
upacaturam,upacaturam
upacarma,upacarma
upajanam,upajanam
upajarasam,upajarasam
upajAnu,upajānu
upajozam,upajoṣam
upatawam,upataṭam
upatalpam,upatalpam
upatIram,upatīram
upatUlam,upatūlam
upadaSya,upadaśya
upadiSam,upadiśam
upadfzad,upadṛṣad
upadfzadam,upadṛṣadam
upadrazwfmati,upadraṣṭṛmati
upaDenu,upadhenu
upanagaram,upanagaram
upanadam,upanadam
upanadi,upanadi
upanadi,upanadi
upanigrAham,upanigrāham
upanivartam,upanivartam
upapakzma,upapakṣma
upapaTam,upapatham
upapalvalam,upapalvalam
upapIqam,upapīḍam
upapUrvarAtram,upapūrvarātram
upapUrvAhRam,upapūrvāhṇam
upabilam,upabilam
upaBEmI,upabhaimī
upamAm,upamām
upamAlinItIram,upamālinītīram
upamuKam,upamukham
upamUlam,upamūlam
upameKalam,upamekhalam
upayozam,upayoṣam
uparatAti,uparatāti
uparAjam,uparājam
uparAmam,uparāmam
upari,upari
uparijAnu,uparijānu
uparitas,uparitas
uparinABi,uparinābhi
upariBUmi,uparibhūmi
uparizwAt,upariṣṭāt
uparoDam,uparodham
upavanam,upavanam
upavAya,upavāya
upavinDyAdrA,upavindhyādrā
upavedi,upavedi
upavyuzam,upavyuṣam
upavyuzasam,upavyuṣasam
upavrajam,upavrajam
upaSaradam,upaśaradam
upaSAlam,upaśālam
upaSiras,upaśiras
upasaMDyam,upasaṃdhyam
upasapatni,upasapatni
upasamit,upasamit
upasamiDam,upasamidham
upasAgaram,upasāgaram
upasAntvya,upasāntvya
upasIma,upasīma
upasIram,upasīram
upasuparRam,upasuparṇam
upasomam,upasomam
upastitaram,upastitaram
upasTURam,upasthūṇam
upaspijam,upaspijam
upasrotas,upasrotas
upA,upā
upAMSu,upāṃśu
upAke,upāke
upAkzam,upākṣam
upAgatya,upāgatya
upAgni,upāgni
upAgrahAyaRam,upāgrahāyaṇam
upAgrahAyaRi,upāgrahāyaṇi
upAcyutam,upācyutam
upAjinam,upājinam
upAje,upāje
upADitas,upādhitas
upADimAtrAyAm,upādhimātrāyām
upAntam,upāntam
upAntAt,upāntāt
upAntikam,upāntikam
upAntikAt,upāntikāt
upAnte,upānte
upAyatas,upāyatas
upAstamayam,upāstamayam
upodayam,upodayam
uBayataHkAlam,ubhayataḥkālam
uBayatas,ubhayatas
uBayatobArhatam,ubhayatobārhatam
uBayatra,ubhayatra
uBayaTA,ubhayathā
uBayadyus,ubhayadyus
uBayapArSvatas,ubhayapārśvatas
uBayA,ubhayā
uBayAdanti,ubhayādanti
uBayApARi,ubhayāpāṇi
uBayAbAhu,ubhayābāhu
uBayArTam,ubhayārtham
uBayAhasti,ubhayāhasti
uBayAhastyA,ubhayāhastyā
uBayedyus,ubhayedyus
uBAdanti,ubhādanti
uBApARi,ubhāpāṇi
uBAbAhu,ubhābāhu
uBAhasti,ubhāhasti
um,um
urarI,urarī
urastas,urastas
urI,urī
uru,uru
uruDA,urudhā
uruyA,uruyā
uruzyA,uruṣyā
urviyA,urviyā
urviyA,urviyā
urvyA,urvyā
uve,uve
uSanA,uśanā
uzA,uṣā
uzRam,uṣṇam
U,ū
Um,ūm
UrarI,ūrarī
UrI,ūrī
UrurI,ūrurī
UrUpapIqam,ūrūpapīḍam
Urjitam,ūrjitam
Urjitam,ūrjitam
UrDvakam,ūrdhvakam
UrDvatas,ūrdhvatas
UrDvaTA,ūrdhvathā
UrDvaBaram,ūrdhvabharam
UrDvam,ūrdhvam
UlIBakzam,ūlībhakṣam
f,ṛ
fktas,ṛktas
fju,ṛju
fjuDA,ṛjudhā
fjUyA,ṛjūyā
ftam,ṛtam
ftayA,ṛtayā
ftuTA,ṛtuthā
ftuSas,ṛtuśas
fte,ṛte
fte,ṛte
ftekarmam,ṛtekarmam
ftekarmam,ṛtekarmam
ftena,ṛtena
fteyajYam,ṛteyajñam
fDak,ṛdhak
fzivat,ṛṣivat
F,ṝ
e,e
ekakAlam,ekakālam
ekakAlikam,ekakālikam
ekatas,ekatas
ekatra,ekatra
ekadA,ekadā
ekaDA,ekadhā
ekapakze,ekapakṣe
ekapadam,ekapadam
ekapadavat,ekapadavat
ekapadi,ekapadi
ekapade,ekapade
ekapari,ekapari
ekarUpatas,ekarūpatas
ekavat,ekavat
ekavAram,ekavāram
ekavAre,ekavāre
ekaviMSatiDA,ekaviṃśatidhā
ekaSataDA,ekaśatadhā
ekaSas,ekaśas
ekasTAne,ekasthāne
ekAgratas,ekāgratas
ekAgram,ekāgram
ekAdaSakftvas,ekādaśakṛtvas
ekAdaSaDA,ekādaśadhā
ekAntatas,ekāntatas
ekAntam,ekāntam
ekAntAt,ekāntāt
ekAntena,ekāntena
ekAnnaviMsatiDA,ekānnaviṃsatidhā
ekAham,ekāham
ekAhnA,ekāhnā
ekEkatra,ekaikatra
ekEkam,ekaikam
ekEkaSas,ekaikaśas
ekEkaSyena,ekaikaśyena
etatkAlam,etatkālam
etatkzaRAt,etatkṣaṇāt
etatkzaRe,etatkṣaṇe
etad,etad
etadarTam,etadartham
etadavaDi,etadavadhi
etadvat,etadvat
etarhi,etarhi
etAvat,etāvat
etAvadDA,etāvaddhā
ed,ed
enA,enā
eva,eva
evaMkAram,evaṃkāram
evaMgate,evaṃgate
evaTA,evathā
evam,evam
E,ai
EkaDyatas,aikadhyatas
EkaDyam,aikadhyam
Ezamas,aiṣamas
o,o
otsUryam,otsūryam
odanaprati,odanaprati
om,om
ozam,oṣam
O,au
Om,aum
kacAkaci,kacākaci
kawakawA,kaṭakaṭā
kaqat,kaḍat
kaRaSas,kaṇaśas
kaRe,kaṇe
kaRWatas,kaṇṭhatas
kaRvavat,kaṇvavat
kataratas,kataratas
kataraTA,katarathā
katikftvas,katikṛtvas
katiDA,katidhā
katipayAt,katipayāt
katipayena,katipayena
katiSas,katiśas
kaTaMkAram,kathaṃkāram
kaTaMtarAm,kathaṃtarām
kaTam,katham
kaTA,kathā
kaTAprasaNgAt,kathāprasaṅgāt
kaTAprasaNgena,kathāprasaṅgena
kaTAprastAvatas,kathāprastāvatas
kad,kad
kadalIsuKam,kadalīsukham
kadA,kadā
kanyAdarSam,kanyādarśam
kam,kam
kayA,kayā
karaRqakavat,karaṇḍakavat
karatas,karatas
karanyastakapolAntam,karanyastakapolāntam
karuRam,karuṇam
karRatas,karṇatas
karRAkarRi,karṇākarṇi
karmAnurUpatas,karmānurūpatas
karmAnusAratas,karmānusāratas
karhi,karhi
kalApaSas,kalāpaśas
kalASas,kalāśas
kalyam,kalyam
kalye,kalye
kalli,kalli
kazwam,kaṣṭam
kasmAt,kasmāt
kAMdiSI,kāṃdiśī
kAkatAlIyam,kākatālīyam
kAkatAlIyavat,kākatālīyavat
kAkavat,kākavat
kAkAkzinyAyAt,kākākṣinyāyāt
kAkAkzinyAyena,kākākṣinyāyena
kAkAkzivat,kākākṣivat
kAYci,kāñci
kAt,kāt
kAm,kām
kAmakAratas,kāmakāratas
kAmakArAt,kāmakārāt
kAmakAreRa,kāmakāreṇa
kAmacAratas,kāmacāratas
kAmacAreRa,kāmacāreṇa
kAmatas,kāmatas
kAmam,kāmam
kAmam,kāmam
kAmayA,kāmayā
kAmAt,kāmāt
kAmAya,kāmāya
kAme,kāme
kAmena,kāmena
kAraRakAritam,kāraṇakāritam
kAraRatas,kāraṇatas
kArtsnyena,kārtsnyena
kAryakAraRatas,kāryakāraṇatas
kAryatas,kāryatas
kAryavaSAt,kāryavaśāt
kAryArTam,kāryārtham
kAlakramAt,kālakramāt
kAlakrameRa,kālakrameṇa
kAlatas,kālatas
kAlaparyayAt,kālaparyayāt
kAlam,kālam
kAlAt,kālāt
kAlAntarAt,kālāntarāt
kAlAntareRa,kālāntareṇa
kAle,kāle
kAlena,kālena
kAlyam,kālyam
kAlye,kālye
kAzWam,kāṣṭham
kAzWavat,kāṣṭhavat
kiMcitkzaRAntara,kiṃcitkṣaṇāntara
kiMcitpare,kiṃcitpare
kiMtamAm,kiṃtamām
kiMtayA,kiṃtayā
kiMtarAm,kiṃtarām
kiMnimittam,kiṃnimittam
kiMvat,kiṃvat
kikirA,kikirā
kikkiwA,kikkiṭā
kim,kim
kimarTam,kimartham
kimparyantam,kimparyantam
kimprakAram,kimprakāram
kimBUtam,kimbhūtam
kiyat,kiyat
kiyatkAlam,kiyatkālam
kila,kila
kis,kis
kIm,kīm
kukkuw,kukkuṭ
kuwikuwI,kuṭikuṭī
kuwInivAtam,kuṭīnivātam
kuwumbArTam,kuṭumbārtham
kuRqalI,kuṇḍalī
kutas,kutas
kutastarAm,kutastarām
kutra,kutra
kutsayA,kutsayā
kuntAkanti,kuntākanti
kum,kum
kurupaYcAlatrA,kurupañcālatrā
kulatas,kulatas
kulAlavat,kulālavat
kuvid,kuvid
kuSalam,kuśalam
kuSalena,kuśalena
kuha,kuha
kuhaka,kuhaka
kuhacid,kuhacid
kuhayA,kuhayā
kuhu,kuhu
kuhU,kuhū
kuhUs,kuhūs
kU,kū
kUcid,kūcid
kUjitavye,kūjitavye
kUwabanDam,kūṭabandham
kUwaSas,kūṭaśas
kUpat,kūpat
kfcCratas,kṛcchratas
kfcCram,kṛcchram
kfcCraSas,kṛcchraśas
kfcCrAt,kṛcchrāt
kfcCreRa,kṛcchreṇa
kftakam,kṛtakam
kftahastavat,kṛtahastavat
kfte,kṛte
kftena,kṛtena
kftoccEs,kṛtoccais
kftyam,kṛtyam
kftvas,kṛtvas
kftvAya,kṛtvāya
kftvI,kṛtvī
kftsnaSas,kṛtsnaśas
kfpaRam,kṛpaṇam
kfSI,kṛśī
kfzRI,kṛṣṇī
kena,kena
kevalatas,kevalatas
kevalam,kevalam
kevalaSas,kevalaśas
kevAsI,kevāsī
keSagrAham,keśagrāham
keSAkeSi,keśākeśi
ko,ko
kowiSas,koṭiśas
koRAkoRi,koṇākoṇi
kopatas,kopatas
kopAkopi,kopākopi
kolAkoli,kolākoli
kOtukAt,kautukāt
knopam,knopam
kramatas,kramatas
kramayogena,kramayogena
kramavat,kramavat
kramaSas,kramaśas
kramAt,kramāt
krameRa,krameṇa
krARA,krāṇā
krIqanakatayA,krīḍanakatayā
krUram,krūram
krUrasarpavat,krūrasarpavat
krOYcabanDam,krauñcabandham
klizwam,kliṣṭam
klIbavat,klībavat
kva,kva
kzaRakzaRam,kṣaṇakṣaṇam
kzaRam,kṣaṇam
kzaRamAtram,kṣaṇamātram
kzaRamAtreRa,kṣaṇamātreṇa
kzaRaSas,kṣaṇaśas
kzaRAt,kṣaṇāt
kzaRAntare,kṣaṇāntare
kzaReRa,kṣaṇeṇa
kzaRezu,kṣaṇeṣu
kzapaH,kṣapaḥ
kzapaH,kṣapaḥ
kzapaRI,kṣapaṇī
kzapA,kṣapā
kzapAvasAne,kṣapāvasāne
kzamA,kṣamā
kzipram,kṣipram
kziprA,kṣiprā
kziprAt,kṣiprāt
kzipre,kṣipre
kzIraleham,kṣīraleham
kzepIyas,kṣepīyas
kzepRA,kṣepṇā
kzemayuktam,kṣemayuktam
kzemeRa,kṣemeṇa
kzemEs,kṣemais
kzmayA,kṣmayā
kzrOm,kṣraum
Kaw,khaṭ
KaqgAKaqgi,khaḍgākhaḍgi
KaRqaSas,khaṇḍaśas
Kam,kham
KarawaKarawA,kharaṭakharaṭā
Karam,kharam
KalI,khalī
Kalu,khalu
Kalutas,khalutas
Kalebusam,khalebusam
Kaleyavam,khaleyavam
KAw,khāṭ
KilI,khilī
Kum,khum
Kelam,khelam
gaRakftvas,gaṇakṛtvas
gaRaSas,gaṇaśas
gatadinam,gatadinam
gatadivasam,gatadivasam
gaBizak,gabhiṣak
garhitam,garhitam
gavArTam,gavārtham
gavArTe,gavārthe
gAQataram,gāḍhataram
gAQam,gāḍham
gArgI,gārgī
guRatas,guṇatas
guRaBedatas,guṇabhedatas
guRaSIlatas,guṇaśīlatas
guptam,guptam
guptaveze,guptaveṣe
guptibanDam,guptibandham
gupte,gupte
guruvat,guruvat
gurvarTam,gurvartham
guluguDA,gulugudhā
guhA,guhā
guhAkAram,guhākāram
guhyam,guhyam
gUQam,gūḍham
gUQe,gūḍhe
gUDatayA,gūdhatayā
gehAnuprapAtam,gehānuprapātam
gehAnuprapAdam,gehānuprapādam
gehAnupraveSam,gehānupraveśam
gehAvaskandam,gehāvaskandam
gotram,gotram
gotrABiDAyam,gotrābhidhāyam
gotreRa,gotreṇa
godoham,godoham
gomayapAyasIyanyAyavat,gomayapāyasīyanyāyavat
gozpadapUram,goṣpadapūram
gozpadapram,goṣpadapram
gose,gose
granTibanDam,granthibandham
grahaRAntam,grahaṇāntam
grahAya,grahāya
grAmatas,grāmatas
grAmAnte,grāmānte
grAsI,grāsī
grAham,grāham
grAham,grāham
Ga,gha
Ganam,ghanam
GanI,ghanī
GuRAkzaravat,ghuṇākṣaravat
Gum,ghum
GumaGumA,ghumaghumā
GuraGurA,ghuraghurā
GuruGurA,ghurughurā
GfN,ghṛṅ
GfRA,ghṛṇā
GftaniDAyam,ghṛtanidhāyam
Gftavat,ghṛtavat
Goram,ghoram
GrAM,ghrāṃ
ca,ca
cakitacakitam,cakitacakitam
cakitam,cakitam
cakrabanDam,cakrabandham
cakravat,cakravat
cakrI,cakrī
cakzuzwas,cakṣuṣṭas
cawacawA,caṭacaṭā
cawaccawiti,caṭaccaṭiti
cawat,caṭat
cawaditi,caṭaditi
caRqam,caṇḍam
caRqAlikAbanDam,caṇḍālikābandham
caRqI,caṇḍī
caturakzaraSas,caturakṣaraśas
caturam,caturam
caturam,caturam
caturTakAlam,caturthakālam
caturTakAle,caturthakāle
caturTam,caturtham
caturdaSaDA,caturdaśadhā
caturdikkam,caturdikkam
caturdiSam,caturdiśam
caturDA,caturdhā
caturmuhUrtam,caturmuhūrtam
caturviMSatikftvas,caturviṃśatikṛtvas
caturviMSatiDA,caturviṃśatidhā
caturviDam,caturvidham
catuzkarRatayA,catuṣkarṇatayā
catus,catus
catustriMSadrAtram,catustriṃśadrātram
catUrAtram,catūrātram
cana,cana
candrataram,candrataram
capalam,capalam
camat,camat
caramatas,caramatas
caramam,caramam
carmapUram,carmapūram
carmavat,carmavat
calatpadam,calatpadam
cAru,cāru
cikitvit,cikitvit
ciYciRI,ciñciṇī
cit,cit
citivat,citivat
citraDA,citradhā
citrapadakramam,citrapadakramam
citram,citram
citrI,citrī
cid,cid
cintAkftya,cintākṛtya
cipiwI,cipiṭī
cirakAlam,cirakālam
cirakAlAt,cirakālāt
cirakAlAya,cirakālāya
ciratamena,ciratamena
ciratareRa,ciratareṇa
ciradivasam,ciradivasam
ciram,ciram
cirarAtram,cirarātram
cirarAtrAya,cirarātrāya
cirarAtrAya,cirarātrāya
ciravelayA,ciravelayā
cirAt,cirāt
cire,cire
cireRa,cireṇa
ciScA,ciścā
cIt,cīt
curcura,curcura
cuScuzAkAram,cuścuṣākāram
cUrRapezam,cūrṇapeṣam
cUrRaSas,cūrṇaśas
cUrRI,cūrṇī
cecced,cecced
cetanI,cetanī
cetasam,cetasam
cetI,cetī
ced,ced
celaknopam,celaknopam
coraMkAram,coraṃkāram
corakabanDam,corakabandham
cOraMkAram,cauraṃkāram
cOrakayA,caurakayā
cOratas,cauratas
cOrI,caurī
CattrI,chattrī
CanacCaniti,chanacchaniti
Candatas,chandatas
CandAt,chandāt
Candena,chandena
Canna,channa
Canna,channa
Cannam,channam
Canne,channe
CambaMkAram,chambaṃkāram
Cambaw,chambaṭ
CambawkAram,chambaṭkāram
jaGanatas,jaghanatas
jaGanena,jaghanena
jaGanyatas,jaghanyatas
jaGanyam,jaghanyam
jaGanye,jaghanye
jajjalA,jajjalā
jawilI,jaṭilī
jaWareRa,jaṭhareṇa
jaqI,jaḍī
janat,janat
janavati,janavati
janAntikam,janāntikam
janAntike,janāntike
januzA,januṣā
janmajanmani,janmajanmani
janmatas,janmatas
janmapraBfti,janmaprabhṛti
jamBaMjamBam,jambhaṃjambham
jarjarI,jarjarī
jalapUrvakam,jalapūrvakam
jalasAt,jalasāt
jalAntam,jalāntam
javAt,javāt
jahA,jahā
jAgaram,jāgaram
jAgfvi,jāgṛvi
jAtitas,jātitas
jAtu,jātu
jAnudaGne,jānudaghne
jAnvantarA,jānvantarā
jAmivat,jāmivat
jihmam,jihmam
jihmI,jihmī
jIvagrAham,jīvagrāham
jIvanASam,jīvanāśam
jozam,joṣam
jYAnatas,jñānatas
jyezWatas,jyeṣṭhatas
jyezWam,jyeṣṭham
jyok,jyok
jyoktamAm,jyoktamām
JaN,jhaṅ
Jawiti,jhaṭiti
JAM,jhāṃ
wasat,ṭasat
wasiti,ṭasiti
wAt,ṭāt
taqataqiti,taḍataḍiti
taqit,taḍit
taqiti,taḍiti
tatas,tatas
tatiDA,tatidhā
tatkAlam,tatkālam
tatkfte,tatkṛte
tatkzaRam,tatkṣaṇam
tatkzaRAt,tatkṣaṇāt
tatkzaRe,tatkṣaṇe
tattvatas,tattvatas
tattvena,tattvena
tatpARini,tatpāṇini
tatpUrvam,tatpūrvam
tatpratyayam,tatpratyayam
tatpraTamataram,tatprathamataram
tatpraTamatas,tatprathamatas
tatpraTamam,tatprathamam
tatra,tatra
tatsamanantaram,tatsamanantaram
taTA,tathā
taTAkAram,tathākāram
taTAviDam,tathāvidham
taTyatas,tathyatas
taTyena,tathyena
tad,tad
tadanantaram,tadanantaram
tadanukfti,tadanukṛti
tadanusaraRakrameRa,tadanusaraṇakrameṇa
tadapas,tadapas
tadam,tadam
tadarTam,tadartham
tadavaDi,tadavadhi
tadahar,tadahar
tadA,tadā
tadAdi,tadādi
tadAnIm,tadānīm
taddinam,taddinam
tadvat,tadvat
tadvA,tadvā
tanA,tanā
tantreRa,tantreṇa
tanTI,tanthī
tanmaDyAt,tanmadhyāt
taptam,taptam
tamam,tamam
tamAm,tamām
tara,tara
taratamatas,taratamatas
tarasA,tarasā
taruRI,taruṇī
tarzam,tarṣam
tarhi,tarhi
talatas,talatas
talAtali,talātali
taskaravat,taskaravat
tasmAt,tasmāt
tAjak,tājak
tAjat,tājat
tAqam,tāḍam
tAt,tāt
tAtparyatas,tātparyatas
tAtparyeRa,tātparyeṇa
tAdItnA,tādītnā
tAdfk,tādṛk
tAmam,tāmam
tAratamyena,tāratamyena
tAlamAtram,tālamātram
tAlI,tālī
tAvajjyok,tāvajjyok
tAvat,tāvat
tAvat,tāvat
tAvatA,tāvatā
tAvati,tāvati
tAvatkAlam,tāvatkālam
tAvatkftvas,tāvatkṛtvas
tAvadDA,tāvaddhā
tAvanmAtre,tāvanmātre
tiraScA,tiraścā
tiraSci,tiraści
tiras,tiras
tirojanam,tirojanam
tiryak,tiryak
tiryak,tiryak
tiryakkAram,tiryakkāram
tiryakkftya,tiryakkṛtya
tiryaggrIvam,tiryaggrīvam
tilaSas,tilaśas
tizWadgu,tiṣṭhadgu
tisraskAram,tisraskāram
tIvram,tīvram
tu,tu
turaMgIBUya,turaṃgībhūya
turam,turam
tulyam,tulyam
tulyavat,tulyavat
tulyaSas,tulyaśas
tulyAntaram,tulyāntaram
tURI,tūṇī
tUyam,tūyam
tUrA,tūrā
tUrRataram,tūrṇataram
tUrRam,tūrṇam
tUrBis,tūrbhis
tUladAham,tūladāham
tUzRIMBAvam,tūṣṇīṃbhāvam
tUzRIMBUya,tūṣṇīṃbhūya
tUzRIkam,tūṣṇīkam
tUzRIkAm,tūṣṇīkām
tUzRIm,tūṣṇīm
tftIyam,tṛtīyam
tftIyA,tṛtīyā
tftIyena,tṛtīyena
tfpat,tṛpat
tfpalam,tṛpalam
tfptam,tṛptam
tfpram,tṛpram
tfzu,tṛṣu
tekzRizWam,tekṣṇiṣṭham
tejizWam,tejiṣṭham
tena,tena
tElapezam,tailapeṣam
tman,tman
tmanA,tmanā
tmanyA,tmanyā
tyatra,tyatra
tyad,tyad
tyadam,tyadam
trawat,traṭat
trawattrawiti,traṭattraṭiti
trawatrawa,traṭatraṭa
trayodaSaDA,trayodaśadhā
trayoviMSatiDA,trayoviṃśatidhā
triHpratihAram,triḥpratihāram
triHsaptakftvas,triḥsaptakṛtvas
trikAlam,trikālam
trikftvas,trikṛtvas
triguRam,triguṇam
triguRIkftya,triguṇīkṛtya
tritas,tritas
triDAtve,tridhātve
tripuruzam,tripuruṣam
trirAtram,trirātram
trirAtrAt,trirātrāt
trirAtrAvaram,trirātrāvaram
trirAtreRa,trirātreṇa
trivAram,trivāram
trivizwi,triviṣṭi
triSas,triśas
trizavaRam,triṣavaṇam
trizazwiDA,triṣaṣṭidhā
tris,tris
trisaMDyam,trisaṃdhyam
truwiSas,truṭiśas
treDA,tredhā
trEDam,traidham
tryabdam,tryabdam
tryavaram,tryavaram
tryavarArDyam,tryavarārdhyam
tvaMkftya,tvaṃkṛtya
tvadarTam,tvadartham
tvadarTe,tvadarthe
tvadAnIm,tvadānīm
tvadrik,tvadrik
tvarayA,tvarayā
tvaritam,tvaritam
tvaritaram,tvaritaram
tvAyA,tvāyā
tvE,tvai
TUt,thūt
TUtkftya,thūtkṛtya
daMsu,daṃsu
dakziRatas,dakṣiṇatas
dakziRatrA,dakṣiṇatrā
dakziRapaScAt,dakṣiṇapaścāt
dakziRapUrveRa,dakṣiṇapūrveṇa
dakziRA,dakṣiṇā
dakziRAt,dakṣiṇāt
dakziRAt,dakṣiṇāt
dakziRApratyak,dakṣiṇāpratyak
dakziRAvarjam,dakṣiṇāvarjam
dakziRAhi,dakṣiṇāhi
dakziRit,dakṣiṇit
dakziRe,dakṣiṇe
dakziRena,dakṣiṇena
dakziREH,dakṣiṇaiḥ
daRqakalitavat,daṇḍakalitavat
daRqavat,daṇḍavat
daRqAdaRqi,daṇḍādaṇḍi
daRqopaGAtam,daṇḍopaghātam
dadA,dadā
daDfk,dadhṛk
daBram,dabhram
dayApUrvam,dayāpūrvam
daram,daram
daridrI,daridrī
daridrIkftya,daridrīkṛtya
darSaMdarSaM,darśaṃdarśaṃ
darSanArTam,darśanārtham
dalaSas,dalaśas
davizWam,daviṣṭham
davIyas,davīyas
daSaguRam,daśaguṇam
daSatas,daśatas
daSaDA,daśadhā
daSapuruzam,daśapuruṣam
daSapuruzAnUkam,daśapuruṣānūkam
daSamam,daśamam
daSasyA,daśasyā
dahanavat,dahanavat
dahram,dahram
dAnatas,dānatas
dAntvA,dāntvā
dikam,dikam
diktas,diktas
dinanaktam,dinanaktam
divA,divā
divAnaktam,divānaktam
divAniSam,divāniśam
divArAtram,divārātram
divitmatA,divitmatā
diSam,diśam
dInakam,dīnakam
dInam,dīnam
dIrGaniSvasya,dīrghaniśvasya
dIrGam,dīrgham
dIrGarAtram,dīrgharātram
dIrGavat,dīrghavat
dIrGI,dīrghī
dIrGocCvAsam,dīrghocchvāsam
duHKam,duḥkham
duHSAkam,duḥśākam
duHzWu,duḥṣṭhu
duHsTam,duḥstham
durAkroSam,durākrośam
durAhA,durāhā
durokam,durokam
duryavanam,duryavanam
duvoyu,duvoyu
dus,dus
dUratare,dūratare
dUratareRa,dūratareṇa
dUratas,dūratas
dUram,dūram
dUrAt,dūrāt
dUrI,dūrī
dUre,dūre
dUreRa,dūreṇa
dfQa,dṛḍha
dfQI,dṛḍhī
dfn,dṛn
dfSam,dṛśam
dfSya,dṛśya
dfzwatas,dṛṣṭatas
dfzwAntatas,dṛṣṭāntatas
devatA,devatā
devatAtas,devatātas
devatrA,devatrā
devapUrvakam,devapūrvakam
devavat,devavat
devaSas,devaśas
devahitArTAya,devahitārthāya
dEvatas,daivatas
dEvayogAt,daivayogāt
dEvayogena,daivayogena
dEvavaSAt,daivavaśāt
dozatas,doṣatas
dyugat,dyugat
dyumat,dyumat
dyE,dyai
dravat,dravat
dravyatas,dravyatas
drahyat,drahyat
drAk,drāk
drAGmA,drāghmā
drutataram,drutataram
drutapadam,drutapadam
drutam,drutam
dvaMdvaSas,dvaṃdvaśas
dvayam,dvayam
dvAdaSaDA,dvādaśadhā
dvAviMSatiDA,dvāviṃśatidhā
dvikAlam,dvikālam
dviguRataram,dviguṇataram
dviguRA,dviguṇā
dvijAtisAt,dvijātisāt
dvitA,dvitā
dvitIyam,dvitīyam
dvitIyA,dvitīyā
dvitricaturam,dvitricaturam
dvitris,dvitris
dviDA,dvidhā
dviDAkAram,dvidhākāram
dviDABAvam,dvidhābhāvam
dvinavakftvas,dvinavakṛtvas
dvipari,dvipari
dvipuruzam,dvipuruṣam
dviyamunam,dviyamunam
dviviDA,dvividhā
dviSas,dviśas
dvis,dvis
dvisaptaDA,dvisaptadhā
dveDA,dvedhā
dveDAkAram,dvedhākāram
dveDI,dvedhī
dvEDaMkAram,dvaidhaṃkāram
dvEDam,dvaidham
dvyahatarzam,dvyahatarṣam
dvyaham,dvyaham
dvyahAt,dvyahāt
dvyahAtyAsam,dvyahātyāsam
dvyahe,dvyahe
Dakit,dhakit
DagadDagiti,dhagaddhagiti
Dagiti,dhagiti
DamaDamA,dhamadhamā
DarmatayA,dharmatayā
Darmatas,dharmatas
DarmArTam,dharmārtham
DarmAvirudDam,dharmāviruddham
DAnyaDanatas,dhānyadhanatas
DAnyavat,dhānyavat
DAmaSas,dhāmaśas
DArAvartena,dhārāvartena
Dik,dhik
DIram,dhīram
DurA,dhurā
Duryavat,dhuryavat
DftvA,dhṛtvā
DfzatA,dhṛṣatā
DfzitA,dhṛṣitā
Dfzwam,dhṛṣṭam
DfzRu,dhṛṣṇu
DfzRuyA,dhṛṣṇuyā
DyAyam,dhyāyam
Druvam,dhruvam
Druvase,dhruvase
DruvAya,dhruvāya
na,na
nak,nak
nakim,nakim
nakis,nakis
nakutaScid,nakutaścid
naktaMdinam,naktaṃdinam
naktaMdivam,naktaṃdivam
naktam,naktam
naktayA,naktayā
naKAnaKi,nakhānakhi
nagaradEvatavat,nagaradaivatavat
nacirakAlam,nacirakālam
naciram,naciram
nacirAt,nacirāt
nacirAya,nacirāya
nacireRa,nacireṇa
naY,nañ
nanu,nanu
naBastas,nabhastas
naBasvat,nabhasvat
naBItavat,nabhītavat
naravat,naravat
narmArTam,narmārtham
navakftvas,navakṛtvas
navatiDA,navatidhā
navatiSas,navatiśas
navaDA,navadhā
navaram,navaram
navaSas,navaśas
navIyas,navīyas
navIyasA,navīyasā
navyavat,navyavat
navyas,navyas
navyasA,navyasā
navyase,navyase
nazwAtaNkam,naṣṭātaṅkam
nazwASvadagDaraTavat,naṣṭāśvadagdharathavat
nastatas,nastatas
nastas,nastas
nAwakI,nāṭakī
nAtikfcCrAt,nātikṛcchrāt
nAticire,nāticire
nAtidIrGam,nātidīrgham
nAtidrutam,nātidrutam
nAtimAtram,nātimātram
nAtiviSadam,nātiviśadam
nAnA,nānā
nAnAdigdeSAt,nānādigdeśāt
nAnAnam,nānānam
nAnAraTam,nānāratham
nAnAvinA,nānāvinā
nAnAsAmavat,nānāsāmavat
nAnyatra,nānyatra
nAma,nāma
nAmagfhya,nāmagṛhya
nAmagrAham,nāmagrāham
nAmatas,nāmatas
nAmaTA,nāmathā
nAmaDeyatas,nāmadheyatas
nAmamAtreRa,nāmamātreṇa
nAmAdeSam,nāmādeśam
nAmnA,nāmnā
nASatas,nāśatas
nAsti,nāsti
nAsyagrAsam,nāsyagrāsam
ni,ni
niHSaNkam,niḥśaṅkam
niHSaNkayA,niḥśaṅkayā
niHSabdapadam,niḥśabdapadam
niHSabdam,niḥśabdam
niHSalyam,niḥśalyam
niHSezatas,niḥśeṣatas
niHSvasya,niḥśvasya
niHzAmam,niḥṣāmam
niHsaMdigDam,niḥsaṃdigdham
niHsaMdeham,niḥsaṃdeham
niHsaMSayam,niḥsaṃśayam
niHsaNgam,niḥsaṅgam
niHsaNgena,niḥsaṅgena
niHsADAram,niḥsādhāram
niHsADvasam,niḥsādhvasam
niHspfham,niḥspṛham
nikazA,nikaṣā
nikARamakzi,nikāṇamakṣi
nikAma,nikāma
nikAzam,nikāṣam
nikucyakarRi,nikucyakarṇi
niKilena,nikhilena
nigUQam,nigūḍham
nigfhya,nigṛhya
niGAtam,nighātam
nicakrayA,nicakrayā
nijArTam,nijārtham
niRik,niṇik
niRyam,niṇyam
nitatatapas,nitatatapas
nitarAm,nitarām
nitAntam,nitāntam
nitikti,nitikti
nityakAlam,nityakālam
nityadA,nityadā
nityam,nityam
nityaSas,nityaśas
niDApya,nidhāpya
niDAya,nidhāya
nipatya,nipatya
nipalASam,nipalāśam
nipAtya,nipātya
nipIqitAlaktakavat,nipīḍitālaktakavat
nipIqya,nipīḍya
nipuRataram,nipuṇataram
nipuRatas,nipuṇatas
nipuRam,nipuṇam
niBftam,nibhṛtam
nimantrya,nimantrya
nimittIkftya,nimittīkṛtya
nimizAntareRa,nimiṣāntareṇa
nimUlakAzam,nimūlakāṣam
nimUlam,nimūlam
nimezatas,nimeṣatas
nimezamAtreRa,nimeṣamātreṇa
nimezArDAt,nimeṣārdhāt
niyatam,niyatam
niyamya,niyamya
niyuktam,niyuktam
niyujya,niyujya
niyogatas,niyogatas
niranukroSatas,niranukrośatas
nirantaram,nirantaram
niranne,niranne
nirapekzam,nirapekṣam
niraBre,nirabhre
nirargalam,nirargalam
niravaSezatas,niravaśeṣatas
niravaSezeRa,niravaśeṣeṇa
niravekzya,niravekṣya
nirasya,nirasya
niraham,niraham
nirAkulArTam,nirākulārtham
nirAbADam,nirābādham
nirAmayam,nirāmayam
nirASaNkam,nirāśaṅkam
nirIkzayA,nirīkṣayā
nirIkzya,nirīkṣya
niruddeSam,niruddeśam
nirUpya,nirūpya
nireke,nireke
nirgOravam,nirgauravam
nirGfRam,nirghṛṇam
nirdayam,nirdayam
nirdaram,nirdaram
nirnimittam,nirnimittam
nirBaram,nirbharam
nirmakzikam,nirmakṣikam
nirmaTya,nirmathya
nirmaryAdam,nirmaryādam
nirmAnuze,nirmānuṣe
niryantraRam,niryantraṇam
niryAtya,niryātya
nirlepam,nirlepam
nirvacanam,nirvacanam
nirvaRe,nirvaṇe
nirvaruRam,nirvaruṇam
nirvApya,nirvāpya
nirvApya,nirvāpya
nirvikalpam,nirvikalpam
nirviGawwam,nirvighaṭṭam
nirviGnam,nirvighnam
nirviGnena,nirvighnena
nirvicAram,nirvicāram
nirviSaNkam,nirviśaṅkam
nirviSaNkam,nirviśaṅkam
nirviSaNkena,nirviśaṅkena
nirviSezam,nirviśeṣam
nirviSezeRa,nirviśeṣeṇa
nirvedaduHsaham,nirvedaduḥsaham
nirvEram,nirvairam
nirvyaYjane,nirvyañjane
nirvyalIkatas,nirvyalīkatas
nirvyalIkam,nirvyalīkam
nirvyAjam,nirvyājam
nirhftya,nirhṛtya
nivatA,nivatā
nivanA,nivanā
nivicCaMSam,nivicchaṃśam
niSAniSam,niśāniśam
niScitam,niścitam
niScitya,niścitya
niScezwam,niśceṣṭam
niSritya,niśritya
nizamam,niṣamam
nizkAraRam,niṣkāraṇam
nizkAraRAt,niṣkāraṇāt
nizparIhAram,niṣparīhāram
nizpratIkAram,niṣpratīkāram
nizpratyUham,niṣpratyūham
nis,nis
nisvaram,nisvaram
nIcakEs,nīcakais
nIcA,nīcā
nIcA,nīcā
nIcAt,nīcāt
nIcEHkAram,nīcaiḥkāram
nIcEs,nīcais
nIcEstarAm,nīcaistarām
nu,nu
nU,nū
nUnaBAvAt,nūnabhāvāt
nUnam,nūnam
nfvat,nṛvat
ned,ned
nedizWatamAm,nediṣṭhatamām
nedIyas,nedīyas
nepaTyABimuKam,nepathyābhimukham
nepaTye,nepathye
nemaDitA,nemadhitā
nEkaDA,naikadhā
nEkaSas,naikaśas
nEva,naiva
no,no
noDA,nodhā
nyak,nyak
nyakkftya,nyakkṛtya
nyagBUtvA,nyagbhūtvā
nyante,nyante
nyantena,nyantena
nyasya,nyasya
nyAcam,nyācam
nyAyatas,nyāyatas
nyAyam,nyāyam
nyUNKam,nyūṅkham
nyUnataram,nyūnataram
nyUnam,nyūnam
nvE,nvai
pakzaSas,pakṣaśas
paNkajalAvam,paṅkajalāvam
paNktiSas,paṅktiśas
pacatikalpam,pacatikalpam
pacCas,pacchas
paYcakftvas,pañcakṛtvas
paYcadaSakftvas,pañcadaśakṛtvas
paYcadaSaDA,pañcadaśadhā
paYcaDA,pañcadhā
paYcapuruzam,pañcapuruṣam
paYcamam,pañcamam
paYcavigrAham,pañcavigrāham
paYcaSas,pañcaśas
paYcAkzaraSas,pañcākṣaraśas
paYcASacCas,pañcāśacchas
paYcASadDA,pañcāśaddhā
pataMgavat,pataṃgavat
patIyas,patīyas
pattas,pattas
patsutas,patsutas
paTimaDye,pathimadhye
padaGAtam,padaghātam
padaSas,padaśas
padAvagrAham,padāvagrāham
padmaSas,padmaśas
paraHSvas,paraḥśvas
paratas,paratas
paratra,paratra
param,param
paramatas,paramatas
paramam,paramam
paramasarvatra,paramasarvatra
paramArtavat,paramārtavat
paramArTatas,paramārthatas
paramparatas,paramparatas
paramparam,paramparam
paravat,paravat
paraSvas,paraśvas
paras,paras
parastarAm,parastarām
parastAt,parastāt
paraspara,paraspara
parasparam,parasparam
parAk,parāk
parAk,parāk
parAkAttAt,parākāttāt
parAN,parāṅ
parAcInam,parācīnam
parAcEs,parācais
parAtaram,parātaram
parApfzWIBUtvA,parāpṛṣṭhībhūtvā
parAri,parāri
pari,pari
pariklizwam,parikliṣṭam
parigfhya,parigṛhya
pariGarGaram,parighargharam
pariRayena,pariṇayena
paritas,paritas
parituzya,parituṣya
parityaktam,parityaktam
parityajya,parityajya
paritrigartam,paritrigartam
parinABi,parinābhi
paripanTam,paripantham
paripAWena,paripāṭhena
paripArSvatas,paripārśvatas
parimARatas,parimāṇatas
parimuKam,parimukham
parivizRu,pariviṣṇu
parivyaktam,parivyaktam
pariSezAt,pariśeṣāt
pariSezeRa,pariśeṣeṇa
parisIram,parisīram
parisOvIram,parisauvīram
parisPuwam,parisphuṭam
parihApya,parihāpya
parihAravat,parihāravat
parihAsapUrvam,parihāsapūrvam
parihftya,parihṛtya
parihvAlam,parihvālam
parIRasA,parīṇasā
parImaRi,parīmaṇi
parIvartam,parīvartam
parut,parut
paruSas,paruśas
paruSSas,paruśśas
pare,pare
pareRa,pareṇa
paredyavi,paredyavi
paredyus,paredyus
parogavyUti,parogavyūti
parogozWam,parogoṣṭham
parovaram,parovaram
paryak,paryak
paryagnikriyamARe,paryagnikriyamāṇe
paryantam,paryantam
paryante,paryante
paryastamayam,paryastamayam
paryAntam,paryāntam
paryAptam,paryāptam
paryAyaSas,paryāyaśas
paryAlI,paryālī
paryudayam,paryudayam
paryulUKalam,paryulūkhalam
paryozWam,paryoṣṭham
parvatI,parvatī
parvaSas,parvaśas
pavitrI,pavitrī
paSu,paśu
paSutas,paśutas
paSumAram,paśumāram
paSumAreRa,paśumāreṇa
paSuvat,paśuvat
paScA,paścā
paScAt,paścāt
paScAtAt,paścātāt
paScAtkarRam,paścātkarṇam
paScAtkAle,paścātkāle
paScAdakzam,paścādakṣam
paScAdahas,paścādahas
paScArDe,paścārdhe
paScimatas,paścimatas
paScime,paścime
paScimena,paścimena
pAkatrA,pākatrā
pAkavat,pākavat
pAkyA,pākyā
pAw,pāṭ
pARigrAham,pāṇigrāham
pARiGAtam,pāṇighātam
pARimardam,pāṇimardam
pARyupakarzam,pāṇyupakarṣam
pARyupaGAtam,pāṇyupaghātam
pAtrAvaleham,pātrāvaleham
pAtrI,pātrī
pAtrItas,pātrītas
pAdagfhya,pādagṛhya
pAdatale,pādatale
pAdatas,pādatas
pAdaSas,pādaśas
pAdahInAt,pādahīnāt
pAdAntare,pādāntare
pAdAntikam,pādāntikam
pAdegfhya,pādegṛhya
pAnIyArTam,pānīyārtham
pApam,pāpam
pApayA,pāpayā
pApayAmuyA,pāpayāmuyā
pApAvahIyam,pāpāvahīyam
pAramahaMsyapari,pāramahaṃsyapari
pArAvaryeRa,pārāvaryeṇa
pAriSezyAt,pāriśeṣyāt
pArihAsyena,pārihāsyena
pAregaNgam,pāregaṅgam
pArejalam,pārejalam
pAretaraMgiRi,pāretaraṃgiṇi
pAreviSokam,pāreviśokam
pAreSmaSAnam,pāreśmaśānam
pAresinDu,pāresindhu
pArSvatas,pārśvatas
pArSvopapIqam,pārśvopapīḍam
piRqatas,piṇḍatas
piRqI,piṇḍī
pitftas,pitṛtas
pitfvat,pitṛvat
pitrarTam,pitrartham
piDAya,pidhāya
pinahya,pinahya
pipIlikAvat,pipīlikāvat
pizwasvedam,piṣṭasvedam
pIqitam,pīḍitam
pItvA,pītvā
pIvarI,pīvarī
puMvat,puṃvat
puMsavat,puṃsavat
puMskftyA,puṃskṛtyā
puYjaSas,puñjaśas
puYjIkftya,puñjīkṛtya
puwI,puṭī
puRyasamam,puṇyasamam
putraDarmatas,putradharmatas
putrarodam,putrarodam
putravat,putravat
punar,punar
punaraByAkAram,punarabhyākāram
punaraByAGAram,punarabhyāghāram
punaraByAvartam,punarabhyāvartam
punarAgranTam,punarāgrantham
punarAdAyam,punarādāyam
punarAhAram,punarāhāram
punardarSanAya,punardarśanāya
punardAya,punardāya
punarnigranTam,punarnigrantham
punarnivartam,punarnivartam
punastarAm,punastarām
pumarTam,pumartham
puraHSukram,puraḥśukram
puraHsaram,puraḥsaram
puratas,puratas
puraScakram,puraścakram
puras,puras
puraskftam,puraskṛtam
puraskftya,puraskṛtya
purastAt,purastāt
purA,purā
purARavat,purāṇavat
purutrA,purutrā
puruDa,purudha
puruzatA,puruṣatā
puruzatrA,puruṣatrā
puruzatvatvatA,puruṣatvatvatā
puruzavAham,puruṣavāham
puruzArTam,puruṣārtham
purUruRA,purūruṇā
purokzam,purokṣam
purovat,purovat
puzpamATam,puṣpamātham
puzpavat,puṣpavat
pUt,pūt
pUtayavam,pūtayavam
pUyamAnayavam,pūyamānayavam
pUruzatvatA,pūruṣatvatā
pUrRapAtravfttyA,pūrṇapātravṛttyā
pUrvakalpe,pūrvakalpe
pUrvakalpezu,pūrvakalpeṣu
pUrvataram,pūrvataram
pUrvatas,pūrvatas
pUrvatra,pūrvatra
pUrvadehe,pūrvadehe
pUrvapaScAt,pūrvapaścāt
pUrvapaScimatas,pūrvapaścimatas
pUrvam,pūrvam
pUrvayAmye,pūrvayāmye
pUrvavat,pūrvavat
pUrvAditas,pūrvāditas
pUrvAntatas,pūrvāntatas
pUrvAparam,pūrvāparam
pUrvAparyeRa,pūrvāparyeṇa
pUrvAByAsena,pūrvābhyāsena
pUrvAhRakAle,pūrvāhṇakāle
pUrvAhRAparAhRayoH,pūrvāhṇāparāhṇayoḥ
pUrveRa,pūrveṇa
pUrveRa,pūrveṇa
pUrvedyus,pūrvedyus
pUrvottare,pūrvottare
pUrvyam,pūrvyam
pfTak,pṛthak
pfTakat,pṛthakat
pfTaktvatas,pṛthaktvatas
pfTaktvaSas,pṛthaktvaśas
pfTaktvena,pṛthaktvena
pfTukucotpIqam,pṛthukucotpīḍam
pfzwitas,pṛṣṭitas
pfzwvA,pṛṣṭvā
pfzWatas,pṛṣṭhatas
pfzWatoBAvam,pṛṣṭhatobhāvam
pfzWadeSe,pṛṣṭhadeśe
peSalam,peśalam
peSI,peśī
pezI,peṣī
pozam,poṣam
pOnaHpunyena,paunaḥpunyena
pyAw,pyāṭ
pra,pra
prakawam,prakaṭam
prakawI,prakaṭī
prakaraRatas,prakaraṇatas
prakaraRaSas,prakaraṇaśas
prakarzAt,prakarṣāt
prakarzeRa,prakarṣeṇa
prakAmatas,prakāmatas
prakAmam,prakāmam
prakASam,prakāśam
prakftivat,prakṛtivat
prakxptam,prakḷptam
prakzAlanArTAya,prakṣālanārthāya
prakzAlya,prakṣālya
prakzipya,prakṣipya
pragalBam,pragalbham
pragAQam,pragāḍham
pragATakAram,pragāthakāram
pragfhya,pragṛhya
prage,prage
prage,prage
pragrAham,pragrāham
pracakzaRam,pracakṣaṇam
pracatA,pracatā
pracintya,pracintya
pracCAdya,pracchādya
prajanArTam,prajanārtham
prajavam,prajavam
prajotpattyAnupUrvyeRa,prajotpattyānupūrvyeṇa
praRamayya,praṇamayya
praRAlikayA,praṇālikayā
praRipAtapuraHsaram,praṇipātapuraḥsaram
praRItAkAle,praṇītākāle
prataNkam,prataṅkam
pratatam,pratatam
pratamAm,pratamām
prati,prati
pratikaRWam,pratikaṇṭham
pratikaRWikayA,pratikaṇṭhikayā
pratikapAlam,pratikapālam
pratikarma,pratikarma
pratikalam,pratikalam
pratikalpam,pratikalpam
pratikARqam,pratikāṇḍam
pratikAmam,pratikāmam
pratikuRqam,pratikuṇḍam
pratikUlatas,pratikūlatas
pratikUlam,pratikūlam
pratikoRam,pratikoṇam
pratikriyam,pratikriyam
pratikzaRam,pratikṣaṇam
pratikzapam,pratikṣapam
pratikzetre,pratikṣetre
pratigAtram,pratigātram
pratigu,pratigu
pratigupyam,pratigupyam
pratigrAmam,pratigrāmam
pratigrAmasamIpam,pratigrāmasamīpam
praticaraRam,praticaraṇam
praticiti,praticiti
praticodanam,praticodanam
pratijanam,pratijanam
pratijYApUrvakam,pratijñāpūrvakam
pratitantram,pratitantram
pratitarAm,pratitarām
pratitaru,pratitaru
pratitryaham,pratitryaham
pratidantyanIkam,pratidantyanīkam
pratidiSam,pratidiśam
pratidfSam,pratidṛśam
pratidevatam,pratidevatam
pratideSam,pratideśam
pratideham,pratideham
pratidEvatam,pratidaivatam
pratidozam,pratidoṣam
pratidvIpam,pratidvīpam
pratinagaram,pratinagaram
pratinadi,pratinadi
pratiniSam,pratiniśam
pratinyAyam,pratinyāyam
pratipacanam,pratipacanam
pratipatni,pratipatni
pratipaTam,pratipatham
pratipad,pratipad
pratipadam,pratipadam
pratipadmam,pratipadmam
pratiparyAyam,pratiparyāyam
pratiparva,pratiparva
pratipalam,pratipalam
pratipaSu,pratipaśu
pratipAtram,pratipātram
pratipAdapam,pratipādapam
pratipAdam,pratipādam
pratipiRqam,pratipiṇḍam
pratipuzyam,pratipuṣyam
pratipUrvAhRam,pratipūrvāhṇam
pratipezam,pratipeṣam
pratipraRavam,pratipraṇavam
pratipraBAtam,pratiprabhātam
pratiprayARakam,pratiprayāṇakam
pratipraSnam,pratipraśnam
pratiprasavam,pratiprasavam
pratiprasavam,pratiprasavam
pratiprAni,pratiprāni
pratiPalIkaraRam,pratiphalīkaraṇam
pratibIjam,pratibījam
pratiBayam,pratibhayam
pratiBavam,pratibhavam
pratiBAgaSas,pratibhāgaśas
pratiBAtas,pratibhātas
pratiBAbalAt,pratibhābalāt
pratiBAvaSAt,pratibhāvaśāt
pratimantram,pratimantram
pratimandiram,pratimandiram
pratimanvantaram,pratimanvantaram
pratimanvantare,pratimanvantare
pratimahAvyAhfti,pratimahāvyāhṛti
pratimAtf,pratimātṛ
pratimArge,pratimārge
pratimuhus,pratimuhus
pratiyAmini,pratiyāmini
pratiyuvam,pratiyuvam
pratiyUpam,pratiyūpam
pratiyogam,pratiyogam
pratiyoni,pratiyoni
pratirakzArTam,pratirakṣārtham
pratirajani,pratirajani
pratiraTyam,pratirathyam
pratirAjam,pratirājam
pratiripu,pratiripu
pratiliNgam,pratiliṅgam
pratilomatas,pratilomatas
pratilomAnulomatas,pratilomānulomatas
pratilomena,pratilomena
prativaktram,prativaktram
prativatsaram,prativatsaram
prativanam,prativanam
prativargam,prativargam
prativarRam,prativarṇam
prativazawkAram,prativaṣaṭkāram
prativasati,prativasati
prativahnipradakziRam,prativahnipradakṣiṇam
prativAkyam,prativākyam
prativAtam,prativātam
prativAte,prativāte
prativAsaram,prativāsaram
prativAsare,prativāsare
prativiwapam,prativiṭapam
pratividyam,pratividyam
prativipASam,prativipāśam
prativirati,prativirati
prativiSvezu,prativiśveṣu
prativizayam,prativiṣayam
prativizRu,prativiṣṇu
prativfttAntam,prativṛttāntam
prativftti,prativṛtti
prativedam,prativedam
prativedaSAKam,prativedaśākham
prativedAntam,prativedāntam
prativelam,prativelam
prativeSma,prativeśma
pratiSarIram,pratiśarīram
pratiSAKam,pratiśākham
pratiSfNgeRa,pratiśṛṅgeṇa
pratiSOcam,pratiśaucam
pratiSravAnte,pratiśravānte
pratiSrotas,pratiśrotas
pratiSlokam,pratiślokam
pratisaMvatsaram,pratisaṃvatsaram
pratisaMskAram,pratisaṃskāram
pratisadanam,pratisadanam
pratisadma,pratisadma
pratisamayya,pratisamayya
pratisambanDi,pratisambandhi
pratisargam,pratisargam
pratisAyam,pratisāyam
pratisUryam,pratisūryam
pratisomodakadvijam,pratisomodakadvijam
pratiskanDam,pratiskandham
pratisTAnam,pratisthānam
pratisrotam,pratisrotam
pratisvam,pratisvam
pratisvAhAkAram,pratisvāhākāram
pratihatya,pratihatya
pratihasti,pratihasti
pratihfdayam,pratihṛdayam
pratIkzam,pratīkṣam
pratIkzya,pratīkṣya
pratIcInam,pratīcīnam
pratIpam,pratīpam
pratnaTA,pratnathā
pratnavat,pratnavat
pratyaMsam,pratyaṃsam
pratyak,pratyak
pratyakzatayA,pratyakṣatayā
pratyakzatas,pratyakṣatas
pratyakzam,pratyakṣam
pratyakzavat,pratyakṣavat
pratyakzAt,pratyakṣāt
pratyakze,pratyakṣe
pratyakzeRa,pratyakṣeṇa
pratyaksaMsTam,pratyaksaṃstham
pratyagam,pratyagam
pratyagudak,pratyagudak
pratyagdakziRatas,pratyagdakṣiṇatas
pratyagdakziRA,pratyagdakṣiṇā
pratyagni,pratyagni
pratyaNkam,pratyaṅkam
pratyaDikaraRam,pratyadhikaraṇam
pratyanantaram,pratyanantaram
pratyanilam,pratyanilam
pratyanUkAntam,pratyanūkāntam
pratyantAt,pratyantāt
pratyabdam,pratyabdam
pratyaByAsam,pratyabhyāsam
pratyayanam,pratyayanam
pratyarRam,pratyarṇam
pratyarTam,pratyartham
pratyarham,pratyarham
pratyavarakAlam,pratyavarakālam
pratyavaroham,pratyavaroham
pratyastam,pratyastam
pratyaham,pratyaham
pratyAKyAyam,pratyākhyāyam
pratyAgamAvaDi,pratyāgamāvadhi
pratyAtmam,pratyātmam
pratyAtmyena,pratyātmyena
pratyAmnAyam,pratyāmnāyam
pratyAyanam,pratyāyanam
pratyAlayam,pratyālayam
pratyAvAsakam,pratyāvāsakam
pratyAvAsam,pratyāvāsam
pratyASam,pratyāśam
pratyAhuti,pratyāhuti
pratyuta,pratyuta
pratyudaDi,pratyudadhi
pratyupasadam,pratyupasadam
pratyupAsanam,pratyupāsanam
pratyurasam,pratyurasam
pratyUrDvam,pratyūrdhvam
pratyfcam,pratyṛcam
pratyftu,pratyṛtu
pratyekaSas,pratyekaśas
praTamataram,prathamataram
praTamatas,prathamatas
praTamadarSane,prathamadarśane
praTamavirahe,prathamavirahe
praTamAham,prathamāham
pradakziRam,pradakṣiṇam
pradakziRit,pradakṣiṇit
pradAnapUrvam,pradānapūrvam
pradivas,pradivas
pradivi,pradivi
pradozam,pradoṣam
praDAnatas,pradhānatas
prapadam,prapadam
prapAtam,prapātam
prapfTak,prapṛthak
prabalam,prabalam
prabAhuk,prabāhuk
prabAhukam,prabāhukam
praBUtaSas,prabhūtaśas
praBfti,prabhṛti
pram,pram
pramattavat,pramattavat
pramARatas,pramāṇatas
pramARAyAmatas,pramāṇāyāmatas
pramuKatas,pramukhatas
pramfgam,pramṛgam
prame,prame
pramodam,pramodam
praraTam,praratham
pralAyam,pralāyam
pravaRe,pravaṇe
pravarham,pravarham
praviBAgaSas,pravibhāgaśas
pravfzwe,pravṛṣṭe
praSasya,praśasya
praSAn,praśān
praSAsya,praśāsya
praSnapUrvakam,praśnapūrvakam
praSnapUrvam,praśnapūrvam
prasaktam,prasaktam
prasaNgavaSAt,prasaṅgavaśāt
prasaNgAnusaNgena,prasaṅgānusaṅgena
prasamIkzya,prasamīkṣya
prasalavi,prasalavi
prasahya,prasahya
prasAmi,prasāmi
prasArya,prasārya
prastAvakrameRa,prastāvakrameṇa
prastAvatas,prastāvatas
prastAvAnugatam,prastāvānugatam
prasTAnavat,prasthānavat
prasTitam,prasthitam
prahelayA,prahelayā
prAk,prāk
prAkciram,prākciram
prAktarAm,prāktarām
prAkSas,prākśas
prAgapam,prāgapam
prAgapavargam,prāgapavargam
prAgANgam,prāgāṅgam
prAguttaratas,prāguttaratas
prAguttareRa,prāguttareṇa
prAgudak,prāgudak
prAggaNgam,prāggaṅgam
prAggrAmam,prāggrāmam
prAgdakziRa,prāgdakṣiṇa
prAgdaRqam,prāgdaṇḍam
prAgBAvatas,prāgbhāvatas
prAgvat,prāgvat
prAN,prāṅ
prANmuKam,prāṅmukham
prAcas,prācas
prAcA,prācā
prAcA,prācā
prAcInam,prācīnam
prAcIpratIcitas,prācīpratīcitas
prAcuryeRa,prācuryeṇa
prAcEs,prācais
prARaBakzam,prāṇabhakṣam
prARAyAmaSas,prāṇāyāmaśas
prAtar,prātar
prAtastarAm,prātastarām
prAtisatvanam,prātisatvanam
prAdur,prādur
prADAnyatas,prādhānyatas
prADAnyAt,prādhānyāt
prADAnyena,prādhānyena
prADvam,prādhvam
prAntatas,prāntatas
prAntaBUmO,prāntabhūmau
prAptakAlam,prāptakālam
prAyaRatas,prāyaṇatas
prAyaRAntam,prāyaṇāntam
prAyam,prāyam
prAyaSas,prāyaśas
prAyas,prāyas
prAyeRa,prāyeṇa
prASu,prāśu
prAsahA,prāsahā
prAhRam,prāhṇam
prAhRe,prāhṇe
priyakAraRAt,priyakāraṇāt
priyaDA,priyadhā
priyapriyeRa,priyapriyeṇa
priyam,priyam
priyameDavat,priyamedhavat
priyArTam,priyārtham
priyeRa,priyeṇa
prIRayitvA,prīṇayitvā
prItyA,prītyā
prekzArTam,prekṣārtham
preRA,preṇā
pretavat,pretavat
pretya,pretya
preDA,predhā
premRA,premṇā
prEzam,praiṣam
prokte,prokte
proccEs,proccais
projJya,projjhya
proQam,proḍham
prozya,proṣya
prOQasvaram,prauḍhasvaram
plavavat,plavavat
plok,plok
Paw,phaṭ
Pat,phat
Palatas,phalatas
PalayogAt,phalayogāt
PAw,phāṭ
Puqut,phuḍut
PupPu,phupphu
PumPuA,phumphuā
Pew,pheṭ
Pet,phet
Penavat,phenavat
bakavat,bakavat
baw,baṭ
bata,bata
badvaSas,badvaśas
baDyatas,badhyatas
banDuvat,bandhuvat
bababA,bababā
barhaRAvat,barhaṇāvat
barhizWam,barhiṣṭham
balavat,balavat
balAt,balāt
balApakarzam,balāpakarṣam
balIyas,balīyas
balbalAkAram,balbalākāram
bastamAram,bastamāram
basri,basri
bahiHstomaBAgam,bahiḥstomabhāgam
bahirante,bahirante
bahirAtmam,bahirātmam
bahirgeham,bahirgeham
bahirgrAmam,bahirgrāmam
bahirjAnu,bahirjānu
bahirDA,bahirdhā
bahiryoni,bahiryoni
bahirvikAram,bahirvikāram
bahirvedi,bahirvedi
bahizkratu,bahiṣkratu
bahizwAt,bahiṣṭāt
bahizpaTam,bahiṣpatham
bahizpariDi,bahiṣparidhi
bahis,bahis
bahIrajju,bahīrajju
bahu,bahu
bahukAlam,bahukālam
bahutaram,bahutaram
bahutarAm,bahutarām
bahutas,bahutas
bahutiTam,bahutitham
bahutra,bahutra
bahutrA,bahutrā
bahuTA,bahuthā
bahuduHKavAsam,bahuduḥkhavāsam
bahuDA,bahudhā
bahuprakAram,bahuprakāram
bahuvat,bahuvat
bahuvAram,bahuvāram
bahuviDam,bahuvidham
bahuvrIhivat,bahuvrīhivat
bahuSas,bahuśas
bAQam,bāḍham
bADitvA,bādhitvā
bAl,bāl
bAladarSam,bāladarśam
bAhAbAhavi,bāhābāhavi
bAhupracAlakam,bāhupracālakam
bAhulkAt,bāhulkāt
bAhulyAt,bāhulyāt
bAhulyena,bāhulyena
bAhUtkzepam,bāhūtkṣepam
bAhUpapIqam,bāhūpapīḍam
bAhUbAhavi,bāhūbāhavi
bAhyatas,bāhyatas
bAhyam,bāhyam
bAhyAt,bāhyāt
bAhyAntar,bāhyāntar
bAhye,bāhye
bAhyena,bāhyena
bisalAvam,bisalāvam
bIjatas,bījatas
bIjaryA,bījaryā
bIjavat,bījavat
bIjA,bījā
bIjANkuravat,bījāṅkuravat
buk,buk
buqabuqa,buḍabuḍa
budDitas,buddhitas
budDipUrvam,buddhipūrvam
buDe,budhe
buvam,buvam
bfhat,bṛhat
bfhatIkAram,bṛhatīkāram
bfhaddivezu,bṛhaddiveṣu
boDatas,bodhatas
boDapUrvam,bodhapūrvam
brahmaRvat,brahmaṇvat
brahmatas,brahmatas
brahmapurustAt,brahmapurustāt
brahmavat,brahmavat
brAhmaRatrA,brāhmaṇatrā
brAhmaRavedam,brāhmaṇavedam
brAhmaRaSramaRanyAyAt,brāhmaṇaśramaṇanyāyāt
brAhmaRasAt,brāhmaṇasāt
BaktyA,bhaktyā
Bagavat,bhagavat
Bagnayuge,bhagnayuge
BaNgyantareRa,bhaṅgyantareṇa
Badratas,bhadratas
Badram,bhadram
Badram,bhadram
BadrayA,bhadrayā
BadrA,bhadrā
BartfsAt,bhartṛsāt
BarBarA,bharbharā
Bala,bhala
BavatpUrvam,bhavatpūrvam
BavadAhArArTam,bhavadāhārārtham
Bavaduttaram,bhavaduttaram
BavadBUtaBavye,bhavadbhūtabhavye
BavanmaDyam,bhavanmadhyam
Basmatas,bhasmatas
BasmasA,bhasmasā
BasmasAt,bhasmasāt
BasmAnti,bhasmānti
BasmAnte,bhasmānte
BAgaSas,bhāgaśas
BAgAnuBAgena,bhāgānubhāgena
BAgyakrameRa,bhāgyakrameṇa
BAgyavaSAt,bhāgyavaśāt
BAjak,bhājak
BAnatas,bhānatas
BAvagamBIram,bhāvagambhīram
BAvatas,bhāvatas
BinnakI,bhinnakī
BItaMkAram,bhītaṃkāram
BItam,bhītam
BItavat,bhītavat
BItitas,bhītitas
BIzA,bhīṣā
Buk,bhuk
BuktamAtre,bhuktamātre
Buktavajjane,bhuktavajjane
BuktvA,bhuktvā
BujABuji,bhujābhuji
BujopapIqam,bhujopapīḍam
Buvas,bhuvas
BUtavat,bhūtavat
BUtyarTam,bhūtyartham
BUDaraguhAntaratas,bhūdharaguhāntaratas
BUnA,bhūnā
BUmnA,bhūmnā
BUyaSas,bhūyaśas
BUyas,bhūyas
BUyasA,bhūyasā
BUyastvena,bhūyastvena
BUyizWam,bhūyiṣṭham
BUyizWaSas,bhūyiṣṭhaśas
BUyizWena,bhūyiṣṭhena
BUr,bhūr
BUrikAlam,bhūrikālam
BUrigadgadam,bhūrigadgadam
BUridakziRam,bhūridakṣiṇam
BUriSas,bhūriśas
BUrI,bhūrī
BftyarTam,bhṛtyartham
Bedatas,bhedatas
BEkzavat,bhaikṣavat
BEravAgratas,bhairavāgratas
BojayitvA,bhojayitvā
BoBavatpUrvakam,bhobhavatpūrvakam
BramaRArTe,bhramaṇārthe
BramAt,bhramāt
BrUvikzepam,bhrūvikṣepam
maMhanA,maṃhanā
mak,mak
maNkzu,maṅkṣu
maNgalArTam,maṅgalārtham
maNgalecCAyE,maṅgalecchāyai
majjatas,majjatas
majmanA,majmanā
maRqalaSas,maṇḍalaśas
maRqalIkAram,maṇḍalīkāram
matipUrvakam,matipūrvakam
matipUrvam,matipūrvam
matipUrve,matipūrve
matsakASe,matsakāśe
matsamakzam,matsamakṣam
maTA,mathā
madapawu,madapaṭu
madarTam,madartham
madrik,madrik
madryak,madryak
madryadrik,madryadrik
madvacanAt,madvacanāt
madvat,madvat
maDudoham,madhudoham
maDuvat,madhuvat
maDusAt,madhusāt
maDyatas,madhyatas
maDyA,madhyā
maDye,madhye
maDyekftya,madhyekṛtya
maDyegaNgam,madhyegaṅgam
maDyejaWaram,madhyejaṭharam
maDyejalAt,madhyejalāt
maDyenagaram,madhyenagaram
maDyenadi,madhyenadi
maDyenareSvarasaBam,madhyenareśvarasabham
maDyepadmam,madhyepadmam
maDyepfzWam,madhyepṛṣṭham
maDyemaDyamANgulikarpUram,madhyemadhyamāṅgulikarpūram
maDyeyajYam,madhyeyajñam
maDyeraRam,madhyeraṇam
maDyeraTyam,madhyerathyam
maDyevAri,madhyevāri
maDyevArDi,madhyevārdhi
maDyevinDyAwavi,madhyevindhyāṭavi
maDyevinDyAntar,madhyevindhyāntar
maDyevyoma,madhyevyoma
maDyeSmaSAnam,madhyeśmaśānam
maDyesaBam,madhyesabham
maDyesamudram,madhyesamudram
manAk,manāk
manAnak,manānak
manuvat,manuvat
manuzyat,manuṣyat
manuzyatrA,manuṣyatrā
manuzyasAkzye,manuṣyasākṣye
manuzvat,manuṣvat
mantratas,mantratas
mantravat,mantravat
mantravarjam,mantravarjam
mantrivat,mantrivat
manTarAkzaram,mantharākṣaram
mandam,mandam
mandamandam,mandamandam
manmaSas,manmaśas
manyutas,manyutas
mamat,mamat
mayUrikAbanDam,mayūrikābandham
martyatrA,martyatrā
maryatas,maryatas
mazam,maṣam
mahadAScaryam,mahadāścaryam
mahar,mahar
mahAsAhasikatayA,mahāsāhasikatayā
mahAsvanam,mahāsvanam
mahi,mahi
mA,mā
mAMsatas,māṃsatas
mAkim,mākim
mAciram,māciram
mAtftas,mātṛtas
mAtfnivAtam,mātṛnivātam
mAtfvat,mātṛvat
mAtratas,mātratas
mAtrAyAm,mātrāyām
mADyaMdinavat,mādhyaṃdinavat
mAnatas,mānatas
mAnapuraHsaram,mānapuraḥsaram
mArgavartmasu,mārgavartmasu
mAzapezam,māṣapeṣam
mAzaprati,māṣaprati
mAzaSas,māṣaśas
mAsatrayAvaDi,māsatrayāvadhi
mAsaDA,māsadhā
mAsaSas,māsaśas
mitraDA,mitradhā
mitravat,mitravat
miTatyA,mithatyā
miTas,mithas
miTu,mithu
miTuyA,mithuyā
miTus,mithus
miTU,mithū
miTyA,mithyā
mIqam,mīḍam
muktAkalApI,muktākalāpī
mukte,mukte
muktvA,muktvā
muKataHkAram,mukhataḥkāram
muKatas,mukhatas
muKabAhUrupAdatas,mukhabāhūrupādatas
muKamAtre,mukhamātre
muKyatas,mukhyatas
muKyaSas,mukhyaśas
muYjavat,muñjavat
muDA,mudhā
muzwAmuzwi,muṣṭāmuṣṭi
muzwImuzwi,muṣṭīmuṣṭi
musalAmusali,musalāmusali
muhur,muhur
muhustanEs,muhustanais
mUkavat,mūkavat
mUQavat,mūḍhavat
mUtrasAt,mūtrasāt
mUrtitas,mūrtitas
mUrDatas,mūrdhatas
mUlakopadaMSam,mūlakopadaṃśam
mUlatas,mūlatas
mfRAlaBaYjam,mṛṇālabhañjam
mftavat,mṛtavat
mftpiRqatas,mṛtpiṇḍatas
mftyusAt,mṛtyusāt
mftyuhetave,mṛtyuhetave
mfdukam,mṛdukam
mfdupUrvam,mṛdupūrvam
mfdBARqAvaSezam,mṛdbhāṇḍāvaśeṣam
mfDA,mṛdhā
mfzA,mṛṣā
meGavat,meghavat
medastas,medastas
mehanA,mehanā
mOlimAlA,maulimālā
yakfttas,yakṛttas
yajuzwas,yajuṣṭas
yajussAt,yajussāt
yatamaTA,yatamathā
yataratra,yataratra
yataraTA,yatarathā
yatas,yatas
yatiDA,yatidhā
yatkAmyA,yatkāmyā
yatkAraRam,yatkāraṇam
yatkAryam,yatkāryam
yatkfte,yatkṛte
yatnatas,yatnatas
yatra,yatra
yatrakAmam,yatrakāmam
yaTafzi,yathaṛṣi
yaTarcam,yatharcam
yaTartu,yathartu
yaTarzi,yatharṣi
yaTA,yathā
yaTAkanizWam,yathākaniṣṭham
yaTAkarma,yathākarma
yaTAkarmaguRam,yathākarmaguṇam
yaTAkalpam,yathākalpam
yaTAkARqam,yathākāṇḍam
yaTAkAmam,yathākāmam
yaTAkAyam,yathākāyam
yaTAkAram,yathākāram
yaTAkAlam,yathākālam
yaTAkulaDarmam,yathākuladharmam
yaTAkulam,yathākulam
yaTAkftam,yathākṛtam
yaTAkfzwam,yathākṛṣṭam
yaTAkxpti,yathākḷpti
yaTAkroSam,yathākrośam
yaTAkzamam,yathākṣamam
yaTAkzipram,yathākṣipram
yaTAkzemeRa,yathākṣemeṇa
yaTAKAtam,yathākhātam
yaTAKelam,yathākhelam
yaTAgatam,yathāgatam
yaTAgatena,yathāgatena
yaTAgamam,yathāgamam
yaTAgavam,yathāgavam
yaTAgAtram,yathāgātram
yaTAguRam,yathāguṇam
yaTAgfham,yathāgṛham
yaTAgfhItam,yathāgṛhītam
yaTAgotrakulakalpam,yathāgotrakulakalpam
yaTAgni,yathāgni
yaTAgrahaRam,yathāgrahaṇam
yaTAcamasam,yathācamasam
yaTAciti,yathāciti
yaTAcittam,yathācittam
yaTAcoditam,yathācoditam
yaTACandasam,yathāchandasam
yaTAjanapadam,yathājanapadam
yaTAjAtam,yathājātam
yaTAjAti,yathājāti
yaTAjozam,yathājoṣam
yaTAjYAnam,yathājñānam
yaTAjYeyam,yathājñeyam
yaTAjyezWam,yathājyeṣṭham
yaTAtaTam,yathātatham
yaTAtfpti,yathātṛpti
yaTAdaDiBakzam,yathādadhibhakṣam
yaTAdarSitam,yathādarśitam
yaTAdAyam,yathādāyam
yaTAdik,yathādik
yaTAdizwam,yathādiṣṭam
yaTAdIkzam,yathādīkṣam
yaTAdevatam,yathādevatam
yaTAdeSakAladehAvasTAnaviSezam,yathādeśakāladehāvasthānaviśeṣam
yaTAdeSam,yathādeśam
yaTAdozam,yathādoṣam
yaTADarmam,yathādharmam
yaTADikAram,yathādhikāram
yaTADizRyam,yathādhiṣṇyam
yaTADItam,yathādhītam
yaTADyAyam,yathādhyāyam
yaTAnAma,yathānāma
yaTAniHsfptam,yathāniḥsṛptam
yaTAnikAyam,yathānikāyam
yaTAniruptam,yathāniruptam
yaTAnilayam,yathānilayam
yaTAniveSam,yathāniveśam
yaTAniSAntam,yathāniśāntam
yaTAnyastam,yathānyastam
yaTAnyAyam,yathānyāyam
yaTAnyAsam,yathānyāsam
yaTAnyuptam,yathānyuptam
yaTApaRyam,yathāpaṇyam
yaTApadam,yathāpadam
yaTAparam,yathāparam
yaTAparADam,yathāparādham
yaTApariDi,yathāparidhi
yaTApariliKitam,yathāparilikhitam
yaTAparIttam,yathāparīttam
yaTAparu,yathāparu
yaTAparyukzitam,yathāparyukṣitam
yaTAparva,yathāparva
yaTApAWam,yathāpāṭham
yaTApuMsam,yathāpuṃsam
yaTApuram,yathāpuram
yaTApuruzam,yathāpuruṣam
yaTApuroqASam,yathāpuroḍāśam
yaTApUrvakam,yathāpūrvakam
yaTApUrvam,yathāpūrvam
yaTAprakfti,yathāprakṛti
yaTAprajYam,yathāprajñam
yaTApratijYam,yathāpratijñam
yaTApratijYABis,yathāpratijñābhis
yaTApratirUpam,yathāpratirūpam
yaTApratyakzadarSanam,yathāpratyakṣadarśanam
yaTApratyarham,yathāpratyarham
yaTApradAnam,yathāpradānam
yaTApradizwam,yathāpradiṣṭam
yaTApradeSam,yathāpradeśam
yaTApraDAnatas,yathāpradhānatas
yaTApraDAnam,yathāpradhānam
yaTAprapannam,yathāprapannam
yaTApraBAvam,yathāprabhāvam
yaTAprayogam,yathāprayogam
yaTApravftam,yathāpravṛtam
yaTApraveSam,yathāpraveśam
yaTApraSnam,yathāpraśnam
yaTAprasfptam,yathāprasṛptam
yaTAprastaram,yathāprastaram
yaTAprastAvam,yathāprastāvam
yaTAprastutam,yathāprastutam
yaTAprAptam,yathāprāptam
yaTAprArTitam,yathāprārthitam
yaTAprASu,yathāprāśu
yaTAprezitam,yathāpreṣitam
yaTAprEzam,yathāpraiṣam
yaTAPalam,yathāphalam
yaTAbalam,yathābalam
yaTAbAlam,yathābālam
yaTAbIjam,yathābījam
yaTAbudDi,yathābuddhi
yaTABakzitam,yathābhakṣitam
yaTABavanam,yathābhavanam
yaTABAgam,yathābhāgam
yaTABAgaSas,yathābhāgaśas
yaTABAjanam,yathābhājanam
yaTABijYAyam,yathābhijñāyam
yaTABipretam,yathābhipretam
yaTABimatam,yathābhimatam
yaTABUtam,yathābhūtam
yaTABUmi,yathābhūmi
yaTABUyas,yathābhūyas
yaTAmaNgalam,yathāmaṅgalam
yaTAmati,yathāmati
yaTAmanasam,yathāmanasam
yaTAmanIzitam,yathāmanīṣitam
yaTAmantravarRam,yathāmantravarṇam
yaTAmAtram,yathāmātram
yaTAmAnam,yathāmānam
yaTAmuKam,yathāmukham
yaTAmuKyam,yathāmukhyam
yaTAmuKyena,yathāmukhyena
yaTAyajus,yathāyajus
yaTAyatanam,yathāyatanam
yaTAyatanAt,yathāyatanāt
yaTAyaTam,yathāyatham
yaTAyuktam,yathāyuktam
yaTAyUTam,yathāyūtham
yaTAyUpam,yathāyūpam
yaTAyogam,yathāyogam
yaTAyogam,yathāyogam
yaTAyogenam,yathāyogenam
yaTAyogyam,yathāyogyam
yaTAyoni,yathāyoni
yaTArasam,yathārasam
yaTArucam,yathārucam
yaTAruci,yathāruci
yaTArUpam,yathārūpam
yaTArTatattvam,yathārthatattvam
yaTArTatas,yathārthatas
yaTArTam,yathārtham
yaTArha,yathārha
yaTArhatas,yathārhatas
yaTArham,yathārham
yaTAlABam,yathālābham
yaTAliNgam,yathāliṅgam
yaTAlokam,yathālokam
yaTAvakASam,yathāvakāśam
yaTAvacanam,yathāvacanam
yaTAvat,yathāvat
yaTAvayas,yathāvayas
yaTAvayasam,yathāvayasam
yaTAvarRam,yathāvarṇam
yaTAvarRaviDAnam,yathāvarṇavidhānam
yaTAvaSam,yathāvaśam
yaTAvazawkAram,yathāvaṣaṭkāram
yaTAvastu,yathāvastu
yaTAvAstu,yathāvāstu
yaTAvitAnam,yathāvitānam
yaTAvittam,yathāvittam
yaTAvidyam,yathāvidyam
yaTAviDi,yathāvidhi
yaTAviniyogam,yathāviniyogam
yaTAviBavatas,yathāvibhavatas
yaTAviBavamAnena,yathāvibhavamānena
yaTAviBavavistaram,yathāvibhavavistaram
yaTAviBavavistarEs,yathāvibhavavistarais
yaTAviBavavistAram,yathāvibhavavistāram
yaTAviBavasamBavAt,yathāvibhavasambhavāt
yaTAviBAgam,yathāvibhāgam
yaTAvizayam,yathāviṣayam
yaTAvIryam,yathāvīryam
yaTAvfttam,yathāvṛttam
yaTAvftti,yathāvṛtti
yaTAvfdDi,yathāvṛddhi
yaTAvedam,yathāvedam
yaTAvedi,yathāvedi
yaTAvyavasitam,yathāvyavasitam
yaTAvyavahAram,yathāvyavahāram
yaTAvyADi,yathāvyādhi
yaTAvyutpatti,yathāvyutpatti
yaTASayam,yathāśayam
yaTASarIram,yathāśarīram
yaTASIlam,yathāśīlam
yaTASoBam,yathāśobham
yaTASradDam,yathāśraddham
yaTASrAdDam,yathāśrāddham
yaTASrutam,yathāśrutam
yaTASrutam,yathāśrutam
yaTASruti,yathāśruti
yaTASrezWam,yathāśreṣṭham
yaTAsaMkalpam,yathāsaṃkalpam
yaTAsaMKyam,yathāsaṃkhyam
yaTAsaMKyena,yathāsaṃkhyena
yaTAsaMdizwam,yathāsaṃdiṣṭam
yaTAsaMDi,yathāsaṃdhi
yaTAsaMprezitam,yathāsaṃpreṣitam
yaTAsaMvAdam,yathāsaṃvādam
yaTAsaMvfttam,yathāsaṃvṛttam
yaTAsaMvedam,yathāsaṃvedam
yaTAsaMsTam,yathāsaṃstham
yaTAsaMhitam,yathāsaṃhitam
yaTAsaKyam,yathāsakhyam
yaTAsaNgam,yathāsaṅgam
yaTAsatyam,yathāsatyam
yaTAsaBakzam,yathāsabhakṣam
yaTAsamayam,yathāsamayam
yaTAsamarTitam,yathāsamarthitam
yaTAsamAnnAtam,yathāsamānnātam
yaTAsamIhitam,yathāsamīhitam
yaTAsamuditam,yathāsamuditam
yaTAsampad,yathāsampad
yaTAsamprakIrRam,yathāsamprakīrṇam
yaTAsampratyayam,yathāsampratyayam
yaTAsampradAyam,yathāsampradāyam
yaTAsambanDam,yathāsambandham
yaTAsamBavam,yathāsambhavam
yaTAsarvam,yathāsarvam
yaTAsavanam,yathāsavanam
yaTAsavam,yathāsavam
yaTAsAma,yathāsāma
yaTAsAmarTyam,yathāsāmarthyam
yaTAsAram,yathāsāram
yaTAsuKam,yathāsukham
yaTAsuzWu,yathāsuṣṭhu
yaTAsUktam,yathāsūktam
yaTAsUkzmam,yathāsūkṣmam
yaTAsUtram,yathāsūtram
yaTAstut,yathāstut
yaTAstutam,yathāstutam
yaTAstotriyam,yathāstotriyam
yaTAstomam,yathāstomam
yaTAstri,yathāstri
yaTAsTAnam,yathāsthānam
yaTAsTAne,yathāsthāne
yaTAsTAma,yathāsthāma
yaTAsTitam,yathāsthitam
yaTAsTiti,yathāsthiti
yaTAsmfti,yathāsmṛti
yaTAsvam,yathāsvam
yaTAsvaram,yathāsvaram
yaTekzitam,yathekṣitam
yaTecCakam,yathecchakam
yaTecCam,yatheccham
yaTecCayA,yathecchayā
yaTepsayA,yathepsayā
yaTepsitam,yathepsitam
yaTezwatas,yatheṣṭatas
yaTezwam,yatheṣṭam
yaTezwi,yatheṣṭi
yaTEkadivasam,yathaikadivasam
yaTEtam,yathaitam
yaToktam,yathoktam
yaTocitam,yathocitam
yaTocCritam,yathocchritam
yaTojjitam,yathojjitam
yaToQam,yathoḍham
yaTottaram,yathottaram
yaTotpatti,yathotpatti
yaTotsAham,yathotsāham
yaTodayam,yathodayam
yaToditam,yathoditam
yaToddizwam,yathoddiṣṭam
yaToddeSam,yathoddeśam
yaTodBavam,yathodbhavam
yaTopakIrRam,yathopakīrṇam
yaTopacAram,yathopacāram
yaTopajozam,yathopajoṣam
yaTopadizwam,yathopadiṣṭam
yaTopadeSam,yathopadeśam
yaTopapatti,yathopapatti
yaTopapadam,yathopapadam
yaTopapAtam,yathopapātam
yaTopapAdam,yathopapādam
yaTopamuktam,yathopamuktam
yaTopalamBam,yathopalambham
yaTopasTitam,yathopasthitam
yaTopasmAram,yathopasmāram
yaTopADi,yathopādhi
yaTOkasam,yathaukasam
yadaBAve,yadabhāve
yadarTam,yadartham
yadarTe,yadarthe
yadavaDi,yadavadhi
yadahar,yadahar
yadA,yadā
yadAnikAmam,yadānikāmam
yadi,yadi
yadfcCatas,yadṛcchatas
yadfcCamAtratas,yadṛcchamātratas
yadvat,yadvat
yannimittam,yannimittam
yanmaDye,yanmadhye
yamasAt,yamasāt
yayAtivat,yayātivat
yarhi,yarhi
yavizWavat,yaviṣṭhavat
yavyABis,yavyābhis
yazwigrAham,yaṣṭigrāham
yasmAt,yasmāt
yAjyAvat,yājyāvat
yAt,yāt
yATAtaTyatas,yāthātathyatas
yAdrADyam,yādrādhyam
yABis,yābhis
yAmyatas,yāmyatas
yAvacCakyam,yāvacchakyam
yAvajjanma,yāvajjanma
yAvat,yāvat
yAvat,yāvat
yAvat,yāvat
yAvat,yāvat
yAvati,yāvati
yAvatkapAlam,yāvatkapālam
yAvatkartf,yāvatkartṛ
yAvatkAmam,yāvatkāmam
yAvatkAlam,yāvatkālam
yAvattarasam,yāvattarasam
yAvattmUtam,yāvattmūtam
yAvatsaMsAram,yāvatsaṃsāram
yAvatsattvam,yāvatsattvam
yAvatsabanDu,yāvatsabandhu
yAvatsampAtam,yāvatsampātam
yAvatsmfti,yāvatsmṛti
yAvatsvam,yāvatsvam
yAvadaDyayanam,yāvadadhyayanam
yAvadaBIkzRam,yāvadabhīkṣṇam
yAvadamatram,yāvadamatram
yAvadarTam,yāvadartham
yAvadABUtasamplavam,yāvadābhūtasamplavam
yAvadAyuzam,yāvadāyuṣam
yAvadAyus,yāvadāyus
yAvadAhUtasamplavam,yāvadāhūtasamplavam
yAvadicCam,yāvadiccham
yAvaditTam,yāvadittham
yAvadizwakam,yāvadiṣṭakam
yAvadizwam,yāvadiṣṭam
yAvadIpsitam,yāvadīpsitam
yAvaduktam,yāvaduktam
yAvaduttamam,yāvaduttamam
yAvadgamam,yāvadgamam
yAvadgrahaRam,yāvadgrahaṇam
yAvadDA,yāvaddhā
yAvadbalam,yāvadbalam
yAvadrAjyam,yāvadrājyam
yAvadvacanam,yāvadvacanam
yAvadvedam,yāvadvedam
yAvadvyApti,yāvadvyāpti
yAvanmAtram,yāvanmātram
yuktarUpam,yuktarūpam
yugapad,yugapad
yugaSaram,yugaśaram
yuvadrik,yuvadrik
yuzmattas,yuṣmattas
yuzmadarTam,yuṣmadartham
yUTapatisakASam,yūthapatisakāśam
yUTaSas,yūthaśas
yena,yena
yok,yok
yogatas,yogatas
yonitas,yonitas
yoniSas,yoniśas
yozitvA,yoṣitvā
yos,yos
yOgapadyena,yaugapadyena
rakzaRArTam,rakṣaṇārtham
raGuyA,raghuyā
rajastas,rajastas
raTavat,rathavat
raTavft,rathavṛt
raTAgratas,rathāgratas
raTAraTi,rathārathi
raBasA,rabhasā
rasatas,rasatas
rasavarjam,rasavarjam
rahastas,rahastas
rahasyam,rahasyam
rAjatas,rājatas
rAjaDAnItas,rājadhānītas
rAjavat,rājavat
rAjasAt,rājasāt
rAjitas,rājitas
rAjyEkaSezeRa,rājyaikaśeṣeṇa
rAtriMdivam,rātriṃdivam
rAtriMdivA,rātriṃdivā
rAmadarSanAditas,rāmadarśanāditas
rAvaw,rāvaṭ
rASiSas,rāśiśas
riham,riham
rUkzapezam,rūkṣapeṣam
rUpatas,rūpatas
rUpaSas,rūpaśas
re,re
reKAmAtram,rekhāmātram
reRuSas,reṇuśas
rE,rai
roc,roc
rocanA,rocanā
lakzaRAlakzaRatas,lakṣaṇālakṣaṇatas
lakzaSas,lakṣaśas
laGu,laghu
laGukramam,laghukramam
lavaSas,lavaśas
lANgalegfhya,lāṅgalegṛhya
lANgulegfhya,lāṅgulegṛhya
lANgUlagfhya,lāṅgūlagṛhya
lAjasPowam,lājasphoṭam
lAtvA,lātvā
lABakAraRAt,lābhakāraṇāt
lABatAs,lābhatās
liNgatas,liṅgatas
liNgya,liṅgya
lIlAmAtreRa,līlāmātreṇa
lUnayavam,lūnayavam
lUyamAnayavam,lūyamānayavam
leham,leham
lokatas,lokatas
lokavat,lokavat
lokasAkzikam,lokasākṣikam
lokasAt,lokasāt
loBatas,lobhatas
lomatas,lomatas
lozwavat,loṣṭavat
lohitagaNgam,lohitagaṅgam
va,va
vagAhya,vagāhya
vaw,vaṭ
vadi,vadi
vaDA,vadhā
vaDvA,vadhvā
vana,vana
vanDA,vandhā
vapussAt,vapussāt
vaprAntar,vaprāntar
vayunaSas,vayunaśas
varam,varam
varam,varam
varAhavat,varāhavat
varIyas,varīyas
varUTaSas,varūthaśas
varUTyadeSe,varūthyadeśe
vargaSas,vargaśas
varjam,varjam
varjam,varjam
varRatas,varṇatas
varRAnupUrveRa,varṇānupūrveṇa
vartamAnavat,vartamānavat
varDAya,vardhāya
varzavat,varṣavat
varzAlI,varṣālī
valmIkaSfNgavat,valmīkaśṛṅgavat
vaSatas,vaśatas
vaSmasA,vaśmasā
vaSmasA,vaśmasā
vazaw,vaṣaṭ
vasizWavat,vasiṣṭhavat
vasUyA,vasūyā
vastukzaRAt,vastukṣaṇāt
vastutas,vastutas
vastyarTam,vastyartham
vastraknopam,vastraknopam
vahadgu,vahadgu
vahnisAkzikam,vahnisākṣikam
vA,vā
vAkpracodanAt,vākpracodanāt
vAkyatas,vākyatas
vAgyatas,vāgyatas
vAcyavat,vācyavat
vAw,vāṭ
vAt,vāt
vAmatas,vāmatas
vAmayA,vāmayā
vAyuvat,vāyuvat
vAritas,vāritas
vAripUrvam,vāripūrvam
vArdAlI,vārdālī
vAva,vāva
vAstave,vāstave
vi,vi
vikAratas,vikāratas
vikuYcitaBrUlatam,vikuñcitabhrūlatam
vikrayArTam,vikrayārtham
viklI,viklī
vikzaRam,vikṣaṇam
vikzepam,vikṣepam
vigfhya,vigṛhya
vigrAham,vigrāham
vicakzaRam,vicakṣaṇam
vicitram,vicitram
vicetI,vicetī
vicCidya,vicchidya
vijayArTam,vijayārtham
viwapaSas,viṭapaśas
vitaram,vitaram
vitarturam,vitarturam
vittakAmyA,vittakāmyā
viTak,vithak
videvam,videvam
vidyAtas,vidyātas
vidyutsampAtam,vidyutsampātam
viDarmatas,vidharmatas
viDAtfvaSAt,vidhātṛvaśāt
viDitas,vidhitas
viDimantrapuraskftam,vidhimantrapuraskṛtam
viDivat,vidhivat
viDivaSAt,vidhivaśāt
viDeyIBUya,vidheyībhūya
vinAkftya,vinākṛtya
vinABAvam,vinābhāvam
viniScitam,viniścitam
vinodArTam,vinodārtham
vipakzatas,vipakṣatas
viparikrAmam,viparikrāmam
viparItavat,viparītavat
viparyak,viparyak
viparyAsam,viparyāsam
vipIqam,vipīḍam
vipralabDam,vipralabdham
vipravat,vipravat
viprozya,viproṣya
viplavatas,viplavatas
viBajya,vibhajya
viBavatas,vibhavatas
viBAgatas,vibhāgatas
viBAgaSas,vibhāgaśas
vimAnavat,vimānavat
vimuktamOnam,vimuktamaunam
vimfSya,vimṛśya
vimokam,vimokam
viyatam,viyatam
viyogatas,viyogatas
virasam,virasam
virahitAt,virahitāt
virudDam,viruddham
virUpatas,virūpatas
vilaNGayitvA,vilaṅghayitvā
vilambitam,vilambitam
vilambya,vilambya
vilInAkzaram,vilīnākṣaram
vivakzArTam,vivakṣārtham
vivakzAvaSAt,vivakṣāvaśāt
vivAsakAle,vivāsakāle
viviDam,vividham
vivftam,vivṛtam
vivekArTam,vivekārtham
viSaNkawam,viśaṅkaṭam
viSaNkam,viśaṅkam
viSaNkayA,viśaṅkayā
viSam,viśam
viSezatas,viśeṣatas
viSezAt,viśeṣāt
viSezena,viśeṣena
viSrabDam,viśrabdham
viSlaTANgam,viślathāṅgam
viSvatas,viśvatas
viSvatomuKam,viśvatomukham
viSvatra,viśvatra
viSvadAnIm,viśvadānīm
viSvapsnyAya,viśvapsnyāya
viSvastam,viśvastam
viSvastavat,viśvastavat
viSvAtmanas,viśvātmanas
viSvAhA,viśvāhā
viSvyA,viśvyā
vizamam,viṣamam
vizA,viṣā
vizu,viṣu
vizuRak,viṣuṇak
vizuRe,viṣuṇe
vizwiBis,viṣṭibhis
vizwI,viṣṭī
vizWAsAt,viṣṭhāsāt
vizRuvat,viṣṇuvat
vizvak,viṣvak
vizvadryak,viṣvadryak
visaMSayam,visaṃśayam
vistaratas,vistaratas
vistaraSas,vistaraśas
vistftam,vistṛtam
vihA,vihā
vihAya,vihāya
vIrayA,vīrayā
vft,vṛt
vfttatas,vṛttatas
vfttAnusArAt,vṛttānusārāt
vfttyarTam,vṛttyartham
vfTak,vṛthak
vfTA,vṛthā
vfndaSas,vṛndaśas
vekawa,vekaṭa
vegatas,vegatas
vew,veṭ
vedivat,vedivat
vedyayA,vedyayā
vE,vai
vEkAlikam,vaikālikam
vEdikezu,vaidikeṣu
vESAKavadi,vaiśākhavadi
vEhAyasam,vaihāyasam
vOzaw,vauṣaṭ
vyagram,vyagram
vyaYjanasTAne,vyañjanasthāne
vyatimarSam,vyatimarśam
vyatiriktam,vyatiriktam
vyatirekatas,vyatirekatas
vyatizaNgam,vyatiṣaṅgam
vyatizajya,vyatiṣajya
vyatyAsam,vyatyāsam
vyantarAm,vyantarām
vyapadeSArTam,vyapadeśārtham
vyaBicAratas,vyabhicāratas
vyaBicArArTam,vyabhicārārtham
vyaBre,vyabhre
vyarTam,vyartham
vyavagrAham,vyavagrāham
vyavahAratas,vyavahāratas
vyavahAram,vyavahāram
vyaSvavat,vyaśvavat
vyasanAnantaram,vyasanānantaram
vyastam,vyastam
vyastikA,vyastikā
vyAyatapAtam,vyāyatapātam
vyAlavat,vyālavat
vyAsajya,vyāsajya
vyAhAvam,vyāhāvam
vyutpattipakze,vyutpattipakṣe
vyuparamam,vyuparamam
vyomamaDye,vyomamadhye
vrajoparoDam,vrajoparodham
vratavat,vratavat
SaMyos,śaṃyos
Saktitas,śaktitas
Satakftvas,śatakṛtvas
SataguRADikam,śataguṇādhikam
Satatarham,śatatarham
SataDA,śatadhā
SatayAjam,śatayājam
SatayAyinvat,śatayāyinvat
Satarudriyavat,śatarudriyavat
SataSas,śataśas
SataSAradAya,śataśāradāya
SatasaMGaSas,śatasaṃghaśas
SatasahasraDA,śatasahasradhā
SatasahasraSas,śatasahasraśas
Satrutas,śatrutas
Satruvat,śatruvat
SatrusammuKam,śatrusammukham
SatrusAt,śatrusāt
SanakEs,śanakais
SanErgaNgam,śanairgaṅgam
SanEstarAm,śanaistarām
Sap,śap
SapaTapUrvakam,śapathapūrvakam
SapaTottaram,śapathottaram
SaPavat,śaphavat
SaPaSas,śaphaśas
SabdapAtam,śabdapātam
Sabdavat,śabdavat
SabdAnusAreRa,śabdānusāreṇa
Sam,śam
SamInivAtam,śamīnivātam
Sambaw,śambaṭ
SayutrA,śayutrā
SayyotTAyam,śayyotthāyam
SaraRArTam,śaraṇārtham
SaratpratIkzam,śaratpratīkṣam
SarasAt,śarasāt
SarASari,śarāśari
SarASari,śarāśari
SarIrabanDena,śarīrabandhena
SalAkApari,śalākāpari
SaSvat,śaśvat
SaSvattamam,śaśvattamam
SaSvaDA,śaśvadhā
SasitvA,śasitvā
SasitvA,śasitvā
SastrASastri,śastrāśastri
SAkaprati,śākaprati
SAntvA,śāntvā
SAstratas,śāstratas
SAstradarSanAt,śāstradarśanāt
SAstravat,śāstravat
Sikam,śikam
SiKAvat,śikhāvat
SiTilam,śithilam
Sirastas,śirastas
SizwArTam,śiṣṭārtham
SIGrataram,śīghrataram
SIBam,śībham
SIrzatas,śīrṣatas
SIlatas,śīlatas
Su,śu
SukanalikAnyAyena,śukanalikānyāyena
Sukam,śukam
Sukavat,śukavat
Sudi,śudi
Sunam,śunam
Suzkapezam,śuṣkapeṣam
SUdravarjam,śūdravarjam
SUnyavat,śūnyavat
Sftam,śṛtam
SevAlI,śevālī
Sezatas,śeṣatas
SElatas,śailatas
Som,śom
Sme,śme
SyenAvapAtam,śyenāvapātam
SradDAmanasyA,śraddhāmanasyā
Sram,śram
SravasyA,śravasyā
Srutatas,śrutatas
Srutitas,śrutitas
SrutiprAmARyatas,śrutiprāmāṇyatas
SreRiSas,śreṇiśas
Sreyas,śreyas
SrezWatas,śreṣṭhatas
SroRitas,śroṇitas
SroRivarjam,śroṇivarjam
Srotratas,śrotratas
SrOzaw,śrauṣaṭ
SlakzRam,ślakṣṇam
Sluvat,śluvat
SvaHpraBfti,śvaḥprabhṛti
Svavat,śvavat
Svas,śvas
SvAtram,śvātram
zaw,ṣaṭ
zawkftvas,ṣaṭkṛtvas
zawtriMSadahaSas,ṣaṭtriṃśadahaśas
zawSas,ṣaṭśas
zaqQA,ṣaḍḍhā
zaqDA,ṣaḍdhā
zaqvikAram,ṣaḍvikāram
zaRmAsAByantare,ṣaṇmāsābhyantare
zazwiDA,ṣaṣṭidhā
zazwis,ṣaṣṭis
zAw,ṣāṭ
zoqaSaDA,ṣoḍaśadhā
zoQA,ṣoḍhā
sa,sa
saMkalA,saṃkalā
saMketapUrvakam,saṃketapūrvakam
saMkzepatas,saṃkṣepatas
saMkzepam,saṃkṣepam
saMKyAtas,saṃkhyātas
saMKyAvat,saṃkhyāvat
saMKyASas,saṃkhyāśas
saMGaSas,saṃghaśas
saMGAtam,saṃghātam
saMcintya,saṃcintya
saMjvAlya,saṃjvālya
saMtAnArTam,saṃtānārtham
saMtvaritam,saṃtvaritam
saMdiSya,saṃdiśya
saMDAya,saṃdhāya
saMDitas,saṃdhitas
saMnikfzya,saṃnikṛṣya
saMnipatya,saṃnipatya
saMyuktam,saṃyuktam
saMvat,saṃvat
saMvatsam,saṃvatsam
saMvatsarAtyAsam,saṃvatsarātyāsam
saMvargam,saṃvargam
saMvartam,saṃvartam
saMvAdya,saṃvādya
saMvraScam,saṃvraścam
saMSakalA,saṃśakalā
saMsargatas,saṃsargatas
saMsaryA,saṃsaryā
saMstaBya,saṃstabhya
saMsTApya,saṃsthāpya
saMhatapucCi,saṃhatapucchi
saMhatya,saṃhatya
saMhanu,saṃhanu
saMhAyyam,saṃhāyyam
saMhitAvat,saṃhitāvat
saMhftabusam,saṃhṛtabusam
saMhftayavam,saṃhṛtayavam
saMhriyamARabusam,saṃhriyamāṇabusam
saMhriyamARayavam,saṃhriyamāṇayavam
sakaRWaroDam,sakaṇṭharodham
sakapawam,sakapaṭam
sakazwam,sakaṣṭam
sakAmam,sakāmam
sakAlam,sakālam
sakft,sakṛt
sakfnmadvat,sakṛnmadvat
sakfpaRam,sakṛpaṇam
sakOtUhalam,sakautūhalam
sakroDahAsam,sakrodhahāsam
sakzatram,sakṣatram
saKivat,sakhivat
saKelam,sakhelam
sagadgadam,sagadgadam
sagadgadasvaram,sagadgadasvaram
sagUQam,sagūḍham
sagOravam,sagauravam
sacakram,sacakram
sacamatkAram,sacamatkāram
sacA,sacā
saci,saci
sacintAkulam,sacintākulam
sajUs,sajūs
sajfmBikam,sajṛmbhikam
sajozas,sajoṣas
sajyotis,sajyotis
saqiRqimam,saḍiṇḍimam
sat,sat
satataparigraham,satataparigraham
satas,satas
satfRam,satṛṇam
satfzRam,satṛṣṇam
satkftya,satkṛtya
satyatas,satyatas
satyam,satyam
satyavacanArTam,satyavacanārtham
satram,satram
satrA,satrā
satrAsam,satrāsam
satvararacanam,satvararacanam
satvaritam,satvaritam
sadadi,sadadi
sadam,sadam
sadaSvavat,sadaśvavat
sadA,sadā
sadAham,sadāham
sadivas,sadivas
sadivas,sadivas
sadInam,sadīnam
sadfgBavam,sadṛgbhavam
sadfSam,sadṛśam
sadfzwikzepam,sadṛṣṭikṣepam
sadyas,sadyas
saDEryam,sadhairyam
saDrI,sadhrī
saDryak,sadhryak
sanat,sanat
sanatA,sanatā
sanas,sanas
sanA,sanā
sanAt,sanāt
saniHSvAsam,saniḥśvāsam
sanitur,sanitur
sanirvedam,sanirvedam
saniSvAsam,saniśvāsam
sanizpezam,saniṣpeṣam
sanutar,sanutar
sanemi,sanemi
sannamusale,sannamusale
sannimittam,sannimittam
sannimitte,sannimitte
sapakzapAtam,sapakṣapātam
sapawaham,sapaṭaham
sapattrA,sapattrā
sapatnItas,sapatnītas
sapadi,sapadi
sapariSritkam,sapariśritkam
saparihAram,saparihāram
sapAdavandanam,sapādavandanam
saptakftvas,saptakṛtvas
saptagaNgam,saptagaṅgam
saptadaSaDA,saptadaśadhā
saptaDA,saptadhā
saptavelam,saptavelam
saptAgAram,saptāgāram
sapraRAmam,sapraṇāmam
sapratIkzam,sapratīkṣam
sapratyaBijYam,sapratyabhijñam
sapratyASam,sapratyāśam
sapraSrayam,sapraśrayam
saprahAsam,saprahāsam
sabalAtkAram,sabalātkāram
sabahumAnam,sabahumānam
sabADas,sabādhas
sabAzpagadgadam,sabāṣpagadgadam
sabIBatsam,sabībhatsam
saBaktikam,sabhaktikam
saBAmaDye,sabhāmadhye
saBrUkzepam,sabhrūkṣepam
saBrUBedam,sabhrūbhedam
saBrUvilAsam,sabhrūvilāsam
sam,sam
samakAlam,samakālam
samakzatas,samakṣatas
samakzam,samakṣam
samakzAt,samakṣāt
samakze,samakṣe
samacaturaSrI,samacaturaśrī
samaDA,samadhā
samanantaram,samanantaram
samanA,samanā
samanIkatas,samanīkatas
samantatas,samantatas
samantikam,samantikam
samapadAti,samapadāti
samaBitas,samabhitas
samaBidrutam,samabhidrutam
samaBUmi,samabhūmi
samam,samam
samamBUmi,samambhūmi
samayA,samayā
samayA,samayā
samayAnusAreRa,samayānusāreṇa
samayocitam,samayocitam
samaryAdam,samaryādam
samavAyatas,samavāyatas
samaSas,samaśas
samaha,samaha
samAKyAyam,samākhyāyam
samAdAya,samādāya
samAnatas,samānatas
samAnam,samānam
samAnasUtranipAte,samānasūtranipāte
samAnitam,samānitam
samAntare,samāntare
samAnyA,samānyā
samAlamBam,samālambham
samAvat,samāvat
samAsatas,samāsatas
samAsavyAsayogatas,samāsavyāsayogatas
samAsAdya,samāsādya
samAhftya,samāhṛtya
samitam,samitam
samiti,samiti
samIpatas,samīpatas
samuddiSya,samuddiśya
samudya,samudya
samudratas,samudratas
samupajAtABiniveSam,samupajātābhiniveśam
samupajozam,samupajoṣam
samupayozam,samupayoṣam
samupAdAya,samupādāya
samUlakAzam,samūlakāṣam
samUlaGAtam,samūlaghātam
samUhya,samūhya
samottaratas,samottaratas
samoham,samoham
sampannaMkAram,sampannaṃkāram
sampAtam,sampātam
sampAdam,sampādam
samprati,samprati
sampratIkzya,sampratīkṣya
sampradAyatas,sampradāyatas
sampramaTya,sampramathya
sampramucya,sampramucya
samprasahya,samprasahya
sambat,sambat
sambadDam,sambaddham
samBUya,sambhūya
sammitam,sammitam
sammIlya,sammīlya
sammuKam,sammukham
sammuKe,sammukhe
sammugDam,sammugdham
samyak,samyak
sarajasam,sarajasam
saraRaraRikam,saraṇaraṇikam
saraTam,saratham
sarasam,sarasam
sarIQam,sarīḍham
sarozasmitam,saroṣasmitam
sarpasAt,sarpasāt
sarpizwas,sarpiṣṭas
sarpissAt,sarpissāt
sarvakAlam,sarvakālam
sarvakAle,sarvakāle
sarvakAzam,sarvakāṣam
sarvake,sarvake
sarvagrAsam,sarvagrāsam
sarvatas,sarvatas
sarvatAtA,sarvatātā
sarvatAtA,sarvatātā
sarvatodikkam,sarvatodikkam
sarvatodiSam,sarvatodiśam
sarvatodiSas,sarvatodiśas
sarvatomArgam,sarvatomārgam
sarvatra,sarvatra
sarvaTA,sarvathā
sarvadA,sarvadā
sarvadiNmuKam,sarvadiṅmukham
sarvaprakAram,sarvaprakāram
sarvapraTamam,sarvaprathamam
sarvaprayatnena,sarvaprayatnena
sarvaprARena,sarvaprāṇena
sarvam,sarvam
sarvaraTA,sarvarathā
sarvarAtram,sarvarātram
sarvavAram,sarvavāram
sarvaSas,sarvaśas
sarvasADu,sarvasādhu
sarvahAram,sarvahāram
sarvahfdA,sarvahṛdā
sarvANgam,sarvāṅgam
sarvArTam,sarvārtham
sarvAvaTam,sarvāvatham
sarvAvasaram,sarvāvasaram
sarvAhRam,sarvāhṇam
salajjitasnehakaruRam,salajjitasnehakaruṇam
salalitam,salalitam
salIlam,salīlam
saleSam,saleśam
savanaSas,savanaśas
savanAnukalpam,savanānukalpam
savikroSam,savikrośam
saviklavam,saviklavam
savicikitsitam,savicikitsitam
savitarkam,savitarkam
saviDam,savidham
savilakzam,savilakṣam
savilakzasmitam,savilakṣasmitam
savilambam,savilambam
saviSezatas,saviśeṣatas
saviSezam,saviśeṣam
saviSvAsam,saviśvāsam
saveRuvIRam,saveṇuvīṇam
savedanam,savedanam
savepitam,savepitam
savEklavyam,savaiklavyam
savErAgyam,savairāgyam
savElakzyasmitam,savailakṣyasmitam
savyatas,savyatas
savyetaratas,savyetaratas
saSapaTam,saśapatham
saSabdam,saśabdam
saSiraHkampam,saśiraḥkampam
saSItkAram,saśītkāram
saSUlam,saśūlam
saSfNgArakam,saśṛṅgārakam
saSlAGam,saślāgham
sasaMramBam,sasaṃrambham
sasaKi,sasakhi
sasuracApam,sasuracāpam
saspfham,saspṛham
sasmeram,sasmeram
sasyAnte,sasyānte
sasvar,sasvar
sasvaram,sasvaram
sasvartA,sasvartā
saha,saha
sahapUrvAhRam,sahapūrvāhṇam
sahari,sahari
saharzavErAgyam,saharṣavairāgyam
saharzasADvasam,saharṣasādhvasam
saharzAkUtam,saharṣākūtam
sahastatalam,sahastatalam
sahasrakftvas,sahasrakṛtvas
sahasraDA,sahasradhā
sahasraBedaSas,sahasrabhedaśas
sahasraSas,sahasraśas
sahAdaram,sahādaram
sahAyArTam,sahāyārtham
sahAsahAkAram,sahāsahākāram
sahitam,sahitam
sahfzwakam,sahṛṣṭakam
sahlAdam,sahlādam
sAMnAyyavat,sāṃnāyyavat
sAMniDyatas,sāṃnidhyatas
sAkam,sākam
sAkUtam,sākūtam
sAkzatam,sākṣatam
sAkzAt,sākṣāt
sAkziptam,sākṣiptam
sAkzivat,sākṣivat
sAgaravat,sāgaravat
sAgni,sāgni
sAgram,sāgram
sAci,sāci
sAcIvit,sācīvit
sAwopam,sāṭopam
sAdarapUrvakam,sādarapūrvakam
sADAraRam,sādhāraṇam
sADAraRyA,sādhāraṇyā
sADIyas,sādhīyas
sADu,sādhu
sADutas,sādhutas
sADuyA,sādhuyā
sADuvat,sādhuvat
sADyA,sādhyā
sAnandagadgadapadam,sānandagadgadapadam
sAnandam,sānandam
sAnutarzam,sānutarṣam
sAnunAsyam,sānunāsyam
sAnuzak,sānuṣak
sAntarnidAGajvaram,sāntarnidāghajvaram
sAntvatas,sāntvatas
sAntvayA,sāntvayā
sApadeSam,sāpadeśam
sApamAnam,sāpamānam
sApavAdam,sāpavādam
sABayadakziRam,sābhayadakṣiṇam
sABinayam,sābhinayam
sAmakalam,sāmakalam
sAmatas,sāmatas
sAmantakena,sāmantakena
sAmarzam,sāmarṣam
sAmarzahAsam,sāmarṣahāsam
sAmAnyatas,sāmānyatas
sAmAnyadeSavat,sāmānyadeśavat
sAmAnyapUrvam,sāmānyapūrvam
sAmAnyapratipattipUrvam,sāmānyapratipattipūrvam
sAmAnyam,sāmānyam
sAmi,sāmi
sAmpratam,sāmpratam
sAyaMdohavat,sāyaṃdohavat
sAyatare,sāyatare
sAyam,sāyam
sAyam,sāyam
sAyamprAtar,sāyamprātar
sAyAhnasamaye,sāyāhnasamaye
sAratas,sāratas
sArAparADatas,sārāparādhatas
sArUpyatas,sārūpyatas
sArDam,sārdham
sAvakASam,sāvakāśam
sAvajYam,sāvajñam
sAvadAnam,sāvadānam
sAvaDAnam,sāvadhānam
sAvegam,sāvegam
sAScaryam,sāścaryam
sAzwANgapAtam,sāṣṭāṅgapātam
sAzwANgam,sāṣṭāṅgam
sAsTisvAnam,sāsthisvānam
sAhasraSas,sāhasraśas
si,si
siMhAvalokananyAyena,siṃhāvalokananyāyena
siMhAvalokanena,siṃhāvalokanena
sidDavat,siddhavat
sidDyarTam,siddhyartham
sinDutas,sindhutas
sim,sim
sIm,sīm
sImatas,sīmatas
su,su
suKatas,sukhatas
suKam,sukham
suKavat,sukhavat
suKaSoBArTam,sukhaśobhārtham
suKasuKena,sukhasukhena
suKArTam,sukhārtham
suKArTAya,sukhārthāya
suguptam,suguptam
sugUQam,sugūḍham
sucetunA,sucetunā
sutanirviSezam,sutanirviśeṣam
sutamAm,sutamām
sutarAm,sutarām
sudi,sudi
sudivA,sudivā
suduHKam,suduḥkham
sudUram,sudūram
sudfQam,sudṛḍham
suniKilam,sunikhilam
suniBftam,sunibhṛtam
sundaram,sundaram
supaScAt,supaścāt
supUrvam,supūrvam
supUrvAhRe,supūrvāhṇe
supraticCannam,supraticchannam
supraBAte,suprabhāte
suprAtar,suprātar
subahu,subahu
subahuDA,subahudhā
subahuSas,subahuśas
suBagam,subhagam
sumat,sumat
sumahat,sumahat
sumnayA,sumnayā
sulalitam,sulalitam
suvar,suvar
suvarRavat,suvarṇavat
suvicArya,suvicārya
suviDam,suvidham
suvistaram,suvistaram
suvistIrRam,suvistīrṇam
suzuptivat,suṣuptivat
suzWu,suṣṭhu
suzWutaram,suṣṭhutaram
sU,sū
sUccEs,sūccais
sUt,sūt
sUpat,sūpat
sUpaprati,sūpaprati
serzyam,serṣyam
sevAsI,sevāsī
socCvAsam,socchvāsam
sotkaRWam,sotkaṇṭham
sotprekzam,sotprekṣam
sotsAham,sotsāham
sotseDam,sotsedham
sodapUrvam,sodapūrvam
sodbAzpam,sodbāṣpam
sopagraham,sopagraham
sopacArakam,sopacārakam
sopADi,sopādhi
somavat,somavat
sollAsam,sollāsam
solleKam,sollekham
sKalitasuBagam,skhalitasubhagam
stanitasuBagam,stanitasubhagam
stambaSas,stambaśas
stukAsargam,stukāsargam
stokaSas,stokaśas
stryAdivyatyAsam,stryādivyatyāsam
sTalatas,sthalatas
sTaSas,sthaśas
sTARuvat,sthāṇuvat
sTAnatas,sthānatas
sTAnivat,sthānivat
sTApayitvA,sthāpayitvā
sTitvA,sthitvā
sTiritvA,sthiritvā
snAtvA,snātvā
snuzAvat,snuṣāvat
snehapUrvam,snehapūrvam
spazwam,spaṣṭam
spfzwAspfzwi,spṛṣṭāspṛṣṭi
sPawikamaRivat,sphaṭikamaṇivat
sPuwam,sphuṭam
sPuwaSabdam,sphuṭaśabdam
smat,smat
smAram,smāram
syAt,syāt
srajivat,srajivat
srAk,srāk
sruvapUram,sruvapūram
svakAle,svakāle
svagatam,svagatam
svagA,svagā
svaguRatas,svaguṇatas
svacCandatas,svacchandatas
svatas,svatas
svadiNmuKam,svadiṅmukham
svaDA,svadhā
svaputravat,svaputravat
svapuras,svapuras
svapozam,svapoṣam
svapnaparyantam,svapnaparyantam
svapnayA,svapnayā
svapnavat,svapnavat
svapnyayA,svapnyayā
svaprayogAt,svaprayogāt
svaBAvatas,svabhāvatas
svamAtreRa,svamātreṇa
svayaMgrAham,svayaṃgrāham
svayam,svayam
svayuktitas,svayuktitas
svayuktyA,svayuktyā
svar,svar
svaraSas,svaraśas
svarAntare,svarāntare
svarucyA,svarucyā
svarUpatas,svarūpatas
svargahetO,svargahetau
svargArTam,svargārtham
svalpatas,svalpatas
svavat,svavat
svaviDinA,svavidhinā
svavIryatas,svavīryatas
svaSaktyA,svaśaktyā
svasti,svasti
svastivAcya,svastivācya
svastI,svastī
svasTam,svastham
svAduMkAram,svāduṃkāram
svAmyarTam,svāmyartham
svArTam,svārtham
svArTe,svārthe
svAhA,svāhā
svid,svid
svecCayA,svecchayā
svecCAtas,svecchātas
svErakam,svairakam
svEram,svairam
svEreRa,svaireṇa
svErezu,svaireṣu
ha,ha
ha,ha
haMho,haṃho
hak,hak
hanta,hanta
ham,ham
haye,haye
hari,hari
harile,harile
harzyA,harṣyā
halahalA,halahalā
halA,halā
havizwas,haviṣṭas
has,has
hastagfhya,hastagṛhya
hastatrayasammite,hastatrayasammite
hastavartam,hastavartam
hastasaMDunakam,hastasaṃdhunakam
hastAvalehakam,hastāvalehakam
hastAhasti,hastāhasti
hastegfhya,hastegṛhya
hahA,hahā
hahAhA,hahāhā
hahe,hahe
hA,hā
hAyi,hāyi
hAram,hāram
hAvu,hāvu
hi,hi
hiN,hiṅ
hitvA,hitvā
hina,hina
him,him
himyA,himyā
hirakut,hirakut
hiraRyanikAzam,hiraṇyanikāṣam
hiruk,hiruk
hihi,hihi
hI,hī
hInatas,hīnatas
hInAtiriktakAle,hīnātiriktakāle
hInADike,hīnādhike
hIz,hīṣ
hIhI,hīhī
hu,hu
huquk,huḍuk
huqut,huḍut
hummA,hummā
huras,huras
huruk,huruk
huluhulu,huluhulu
huvA,huvā
huss,huss
hU,hū
hUm,hūm
hfttas,hṛttas
hftsPowam,hṛtsphoṭam
hfzwavat,hṛṣṭavat
he,he
hemavat,hemavat
hE,hai
hEmahA,haimahā
hEvam,haivam
ho,ho
hotrABiH,hotrābhiḥ
hyas,hyas
hrAm,hrām
hrIm,hrīm
hrum,hrum
hrOm,hraum
