root,hom,class,voice,root_IAST
aMS,,10,para,aṃś
aMh,1,1,atma,aṃh
aMh,1,10,para,aṃh
ak,,1,para,ak
akz,,1,atma,akṣ
akz,,5,atma,akṣ
ag,,1,para,ag
aG,,10,para,agh
aGaya,,denom,para,aghaya
aGAya,,denom,para,aghāya
aNk,,1,atma,aṅk
aNk,,10,para,aṅk
aNkAya,,denom,atma,aṅkāya
aNkuraya,,denom,para,aṅkuraya
aNkurAya,,denom,atma,aṅkurāya
aNK,,10,para,aṅkh
aNg,,1,para,aṅg
aNg,,10,para,aṅg
aNG,,1,atma,aṅgh
ac,1,1,para,ac
aj,,1,para,aj
ajirAya,,denom,atma,ajirāya
aYc,1,1,para,añc
aYc,1,10,para,añc
aYj,,7,para,añj
aw,,1,para,aṭ
awAya,,denom,atma,aṭāya
aww,,1,atma,aṭṭ
aww,,10,para,aṭṭ
awwAya,,denom,atma,aṭṭāya
aW,,1,para,aṭh
aW,,1,atma,aṭh
aq,1,1,para,aḍ
aqq,,1,para,aḍḍ
aR,,1,para,aṇ
aR,,4,atma,aṇ
aRW,,1,atma,aṇṭh
aRqarAya,,denom,atma,aṇḍarāya
at,2,1,para,at
atirAjaya,,denom,para,atirājaya
ad,1,2,para,ad
aDaraya,,denom,para,adharaya
aDvarIya,,denom,para,adhvarīya
an,2,2,para,an
analAya,,denom,atma,analāya
anukUlaya,,denom,para,anukūlaya
ant,,1,para,ant
antaya,,denom,para,antaya
and,,1,para,and
andolaya,,denom,para,andolaya
anD,,10,para,andh
annIya,,denom,para,annīya
anyaTaya,,denom,para,anyathaya
aparokzaya,,denom,para,aparokṣaya
apuvAya,,denom,atma,apuvāya
apUpIya,2,denom,para,apūpīya
apsarAya,,denom,atma,apsarāya
aBimuKaya,,denom,para,abhimukhaya
aBr,,1,para,abhr
aBrAya,,denom,atma,abhrāya
amalaya,,denom,para,amalaya
amitraya,,denom,para,amitraya
amitrAya,,denom,atma,amitrāya
amftAya,,denom,atma,amṛtāya
amb,,1,para,amb
amb,,1,atma,amb
arajAya,,denom,atma,arajāya
arahAya,,denom,atma,arahāya
arAtIya,,denom,para,arātīya
aruRaya,,denom,para,aruṇaya
arkaya,,denom,para,arkaya
arG,,1,para,argh
arc,1,1,para,arc
arj,,1,para,arj
arT,,10,atma,arth
arT,,1,atma,arth
arTApaya,,denom,para,arthāpaya
ard,,6,para,ard
ard,,1,para,ard
arDaya,,denom,para,ardhaya
arb,,1,para,arb
arv,,1,para,arv
arh,,1,para,arh
al,,1,para,al
alIkAya,,denom,atma,alīkāya
alpaya,,denom,para,alpaya
av,,1,para,av
aSanAya,,denom,para,aśanāya
aSanIya,,denom,para,aśanīya
aSAya,,denom,atma,aśāya
aSAya,,denom,atma,aśāya
aSezaya,,denom,para,aśeṣaya
aSnItapibatIya,,denom,para,aśnītapibatīya
aSvaya,,denom,atma,aśvaya
aSvAya,,denom,para,aśvāya
aSvIya,1,denom,para,aśvīya
az,,1,para,aṣ
as,1,2,para,as
as,2,4,para,as
astrAya,,denom,atma,astrāya
asmaya,,denom,para,asmaya
asrAya,,denom,atma,asrāya
ah,2,5,para,ah
Akulaya,,denom,para,ākulaya
AKyAnaya,,denom,para,ākhyānaya
AtapAya,,denom,atma,ātapāya
AnAyAya,,denom,atma,ānāyāya
Andolaya,,denom,para,āndolaya
Ap,1,5,para,āp
Ar,1,4,para,ār
ArAgaya,,denom,para,ārāgaya
Ardraya,,denom,para,ārdraya
Avilaya,,denom,para,āvilaya
As,2,2,atma,ās
AhAraya,,denom,para,āhāraya
AhvAnaya,,denom,para,āhvānaya
i,5,2,para,i
iK,,1,para,ikh
iK,,1,para,ikh
iNK,,1,para,iṅkh
iNK,,1,para,iṅkh
iNg,,1,para,iṅg
iw,,1,para,iṭ
ind,,1,para,ind
indraya,,denom,atma,indraya
inD,,7,atma,indh
inv,,6,para,inv
inv,,8,para,inv
inv,,9,para,inv
ir,,6,para,ir
il,,6,para,il
il,,10,para,il
iz,1,1,para,iṣ
iz,1,4,para,iṣ
iz,3,6,para,iṣ
izaRaya,,denom,atma,iṣaṇaya
izaya,,denom,atma,iṣaya
Ikz,,1,atma,īkṣ
IK,,1,para,īkh
INK,,1,para,īṅkh
Ij,,1,para,īj
IYj,,1,para,īñj
Iq,1,2,atma,īḍ
Int,,1,para,īnt
Ir,,2,atma,īr
Irkzy,,1,para,īrkṣy
Irzy,,1,para,īrṣy
IS,1,2,atma,īś
Iz,1,1,atma,īṣ
Ih,,1,atma,īh
u,4,5,para,u
u,4,2,atma,u
u,4,1,atma,u
ukz,1,1,para,ukṣ
uK,,1,para,ukh
uNK,,6,para,uṅkh
uc,,4,para,uc
uC,1,1,para,uch
uC,2,1,para,uch
ujJ,,6,para,ujjh
uYC,,1,para,uñch
uYC,,6,para,uñch
uW,,1,para,uṭh
utkacaya,,denom,para,utkacaya
utkaya,,denom,para,utkaya
utkAya,,denom,atma,utkāya
utkorakaya,,denom,para,utkorakaya
utkoSaya,,denom,para,utkośaya
uttaMsaya,,denom,para,uttaṃsaya
uttaraMgaya,,denom,para,uttaraṃgaya
uttaraya,,denom,para,uttaraya
uttaralAya,,denom,atma,uttaralāya
utpuMsaya,,denom,para,utpuṃsaya
utpucCaya,,denom,atma,utpucchaya
utsukAya,,denom,atma,utsukāya
utsvapnAya,,denom,atma,utsvapnāya
ud,2,7,para,ud
ud,2,6,para,ud
udakIya,,denom,para,udakīya
udaDIya,,denom,para,udadhīya
udaSraya,,denom,para,udaśraya
udAttaya,,denom,para,udāttaya
udAnaya,,denom,para,udānaya
uddAmaya,,denom,para,uddāmaya
udvelaya,,denom,para,udvelaya
uDras,1,9,para,udhras
uDras,2,10,para,udhras
und,2,7,para,und
und,2,6,para,und
unnidraya,,denom,para,unnidraya
unmanaya,,denom,para,unmanaya
unmanAya,,denom,atma,unmanāya
upasargaya,,denom,para,upasargaya
upahastaya,,denom,para,upahastaya
upozaya,,denom,para,upoṣaya
ubj,,6,para,ubj
uB,,9,para,ubh
uB,,6,para,ubh
ulaq,,10,para,ulaḍ
ullAGaya,,denom,para,ullāghaya
uz,1,1,para,uṣ
uz,1,9,para,uṣ
uzRaya,,denom,para,uṣṇaya
uzmAya,,denom,atma,uṣmāya
usrIya,,denom,para,usrīya
uh,,1,para,uh
UQaya,,denom,para,ūḍhaya
Unaya,,denom,para,ūnaya
Uy,,1,atma,ūy
UrRu,,2,para,ūrṇu
Urd,,1,atma,ūrd
UrDvAya,,denom,atma,ūrdhvāya
Urv,,1,para,ūrv
Uz,,1,para,ūṣ
UzarAya,,denom,atma,ūṣarāya
UzmAya,,denom,atma,ūṣmāya
Uh,1,1,para,ūh
Uh,2,1,para,ūh
f,4,1,para,ṛ
f,4,3,para,ṛ
f,4,5,para,ṛ
fGAya,,denom,atma,ṛghāya
fc,1,6,para,ṛc
fC,,6,para,ṛch
fj,,1,para,ṛj
fYj,1,1,atma,ṛñj
fYj,2,6,para,ṛñj
fYj,2,4,para,ṛñj
fYj,2,7,atma,ṛñj
fR,,8,para,ṛṇ
ftaya,,denom,atma,ṛtaya
ftAya,,denom,para,ṛtāya
fD,,6,para,ṛdh
fD,,2,para,ṛdh
fD,,4,para,ṛdh
fD,,5,para,ṛdh
fD,,7,para,ṛdh
fP,,6,para,ṛph
fmP,,6,para,ṛmph
fz,1,1,para,ṛṣ
fz,2,6,para,ṛṣ
ej,,1,para,ej
ej,,1,atma,ej
eW,,1,atma,eṭh
eqakIya,,denom,para,eḍakīya
eD,,1,atma,edh
elAya,,denom,para,elāya
ez,1,1,para,eṣ
oK,,1,para,okh
oj,,1,para,oj
oj,,10,para,oj
ojAya,,denom,atma,ojāya
oR,,1,para,oṇ
odanIya,1,denom,para,odanīya
olaRq,,1,para,olaṇḍ
olaRq,,8,para,olaṇḍ
olaRq,,10,para,olaṇḍ
OrvAya,,denom,atma,aurvāya
kaMs,,2,atma,kaṃs
kak,,1,atma,kak
kakzAya,,denom,atma,kakṣāya
kaK,,1,para,kakh
kag,,1,para,kag
kaNk,,1,atma,kaṅk
kac,,1,para,kac
kaj,,1,para,kaj
kaYc,,1,atma,kañc
kaw,1,1,para,kaṭ
kaw,2,1,para,kaṭ
kawakawApaya,,denom,para,kaṭakaṭāpaya
kawakawAya,,denom,atma,kaṭakaṭāya
kaww,,10,para,kaṭṭ
kaW,,1,para,kaṭh
kaWinaya,,denom,para,kaṭhinaya
kaWoraya,,denom,para,kaṭhoraya
kaq,,1,para,kaḍ
kaq,,6,para,kaḍ
kaqq,,1,para,kaḍḍ
kaR,,1,para,kaṇ
kaR,,10,para,kaṇ
kaRUkaya,,denom,para,kaṇūkaya
kaRw,,1,para,kaṇṭ
kaRW,,1,para,kaṇṭh
kaRW,,10,para,kaṇṭh
kaRq,,1,para,kaṇḍ
kaRq,,10,para,kaṇḍ
kaRvAya,,denom,atma,kaṇvāya
katT,,1,atma,katth
katr,,10,para,katr
kaT,,10,para,kath
kaTApaya,,denom,para,kathāpaya
kad,1,1,atma,kad
kan,,1,para,kan
kanaya,,denom,para,kanaya
kand,,1,para,kand
kandalaya,,denom,para,kandalaya
kandukAya,,denom,atma,kandukāya
kapilAya,,denom,atma,kapilāya
kapiSaya,,denom,para,kapiśaya
kaPoRiguqAya,,denom,atma,kaphoṇiguḍāya
kab,,1,atma,kab
kam,2,1,atma,kam
kamp,,1,atma,kamp
kampAya,,denom,atma,kampāya
kamb,,1,para,kamb
karalAya,,denom,atma,karalāya
karuRAya,,denom,atma,karuṇāya
karj,,1,para,karj
karR,,10,para,karṇ
kartr,,10,para,kartr
kartrIya,,denom,para,kartrīya
kard,,1,para,kard
karb,,1,para,karb
karv,,1,para,karv
kal,1,1,atma,kal
kal,2,10,para,kal
kalaNkaya,,denom,para,kalaṅkaya
kalaya,1,denom,para,kalaya
kalahAya,,denom,atma,kalahāya
kaluzaya,,denom,para,kaluṣaya
kaluzAya,,denom,atma,kaluṣāya
kall,,1,atma,kall
kav,,1,atma,kav
kav,,10,para,kav
kavalaya,,denom,para,kavalaya
kaS,,1,para,kaś
kaz,,1,para,kaṣ
kazwAya,,denom,atma,kaṣṭāya
kas,1,1,para,kas
kAMs,,1,atma,kāṃs
kANkz,,1,para,kāṅkṣ
kAYc,,1,atma,kāñc
kAntAya,,denom,atma,kāntāya
kAmukAya,,denom,atma,kāmukāya
kArmukAya,,denom,atma,kārmukāya
kAlaya,,denom,para,kālaya
kAS,,1,atma,kāś
kAS,,4,para,kāś
kAs,1,1,atma,kās
ki,2,3,para,ki
kiw,,1,para,kiṭ
kiwakiwApaya,,denom,para,kiṭakiṭāpaya
kiwakiwAya,,denom,atma,kiṭakiṭāya
kit,,3,para,kit
kil,,6,para,kil
kil,,10,para,kil
kilakilAya,,denom,atma,kilakilāya
kilikilaya,,denom,para,kilikilaya
kilikilAya,,denom,atma,kilikilāya
kizk,,10,atma,kiṣk
kisalaya,2,denom,para,kisalaya
kIw,,10,para,kīṭ
kIrt,,10,para,kīrt
kIl,,1,para,kīl
kuMS,,1,para,kuṃś
kuMS,,10,para,kuṃś
kuMs,,1,para,kuṃs
kuMs,,10,para,kuṃs
kuk,,1,atma,kuk
kuc,,1,para,kuc
kuc,,6,para,kuc
kuj,,1,para,kuj
kuj,,6,para,kuj
kuYc,,1,para,kuñc
kuYj,,1,para,kuñj
kuw,,6,para,kuṭ
kuw,,4,para,kuṭ
kuw,,10,atma,kuṭ
kuwIya,,denom,para,kuṭīya
kuwumbaya,,denom,para,kuṭumbaya
kuww,,10,para,kuṭṭ
kuq,,6,para,kuḍ
kuqmalAya,,denom,atma,kuḍmalāya
kuR,,6,para,kuṇ
kuR,,10,para,kuṇ
kuRW,,1,para,kuṇṭh
kuRq,,1,para,kuṇḍ
kuRq,,1,atma,kuṇḍ
kuts,,10,para,kuts
kuts,,1,para,kuts
kuts,,4,para,kuts
kuT,,4,para,kuth
kud,,10,para,kud
kunT,,1,para,kunth
kunT,,9,para,kunth
kundr,,10,para,kundr
kup,1,4,para,kup
kup,2,10,para,kup
kumAraya,,denom,para,kumāraya
kumb,,6,para,kumb
kumb,,10,para,kumb
kur,,6,para,kur
kuraNgAya,,denom,atma,kuraṅgāya
kurkurIya,,denom,para,kurkurīya
kul,,1,para,kul
kuliSAya,,denom,atma,kuliśāya
kulyAya,,denom,atma,kulyāya
kuS,,4,para,kuś
kuz,,9,para,kuṣ
kusumaya,,denom,para,kusumaya
kuh,1,10,atma,kuh
kuhukuhAya,,denom,atma,kuhukuhāya
kU,1,2,para,kū
kU,1,1,atma,kū
kU,1,6,para,kū
kU,1,9,para,kū
kUj,,1,para,kūj
kUw,,10,para,kūṭ
kUq,1,6,para,kūḍ
kUq,2,10,para,kūḍ
kUR,,1,para,kūṇ
kUp,,10,para,kūp
kUpAya,,denom,atma,kūpāya
kUrd,,1,para,kūrd
kUl,1,1,para,kūl
kf,1,2,para,kṛ
kf,1,1,para,kṛ
kf,1,5,para,kṛ
kf,1,8,para,kṛ
kf,2,3,para,kṛ
kfcCrAya,,denom,atma,kṛcchrāya
kft,2,6,para,kṛt
kft,2,1,para,kṛt
kft,3,7,para,kṛt
kftaya,,denom,para,kṛtaya
kfp,2,6,atma,kṛp
kfp,2,10,para,kṛp
kfpaRAya,,denom,atma,kṛpaṇāya
kfpaya,,denom,para,kṛpaya
kfpAya,,denom,para,kṛpāya
kfS,,4,para,kṛś
kfz,1,1,para,kṛṣ
kfz,1,6,para,kṛṣ
kfzRAya,,denom,atma,kṛṣṇāya
kF,1,6,para,kṝ
kF,2,5,para,kṝ
kF,2,9,para,kṝ
kF,3,10,atma,kṝ
kxp,,1,atma,kḷp
kekAya,,denom,atma,kekāya
ketaya,,denom,para,ketaya
kep,,1,atma,kep
keyUrAya,,denom,atma,keyūrāya
kel,,1,para,kel
kelAya,,denom,atma,kelāya
kev,,1,atma,kev
kesarAya,,denom,atma,kesarāya
kE,,1,para,kai
kowAya,,denom,atma,koṭāya
kopAya,,denom,atma,kopāya
knaMs,,1,para,knaṃs
knaMs,,10,para,knaṃs
knaT,,1,para,knath
knas,,4,para,knas
knu,,9,para,knu
knU,,9,para,knū
knUy,,1,atma,knūy
kmar,,1,para,kmar
kraMS,,1,para,kraṃś
kraT,,1,para,krath
krand,,1,para,krand
krap,,1,atma,krap
kram,,1,para,kram
kram,,4,para,kram
krI,1,9,para,krī
krIq,,1,para,krīḍ
kruYc,1,1,para,kruñc
kruq,,6,para,kruḍ
kruq,,10,para,kruḍ
kruD,1,4,para,krudh
kruS,,1,para,kruś
klaT,,1,para,klath
kland,,1,para,kland
klam,,1,para,klam
klam,,4,para,klam
klav,,1,atma,klav
klid,,4,atma,klid
klind,1,1,para,klind
kliS,,9,para,kliś
kliS,,4,para,kliś
klIb,,1,atma,klīb
klIb,,10,atma,klīb
klIbAya,,denom,atma,klībāya
klu,,1,atma,klu
kleS,,1,atma,kleś
kvaR,,1,para,kvaṇ
kvaT,,1,atma,kvath
kzaj,,1,atma,kṣaj
kzaj,,10,para,kṣaj
kzad,1,1,atma,kṣad
kzan,1,8,para,kṣan
kzap,1,1,para,kṣap
kzap,2,10,para,kṣap
kzam,1,1,atma,kṣam
kzam,1,2,para,kṣam
kzam,1,4,para,kṣam
kzamApaya,,denom,atma,kṣamāpaya
kzamp,,1,para,kṣamp
kzamp,,10,para,kṣamp
kzar,,1,para,kṣar
kzar,,2,para,kṣar
kzal,2,10,para,kṣal
kzi,1,1,para,kṣi
kzi,2,2,para,kṣi
kzi,2,6,para,kṣi
kzi,4,1,para,kṣi
kzi,4,5,para,kṣi
kzi,4,9,para,kṣi
kziR,,8,para,kṣiṇ
kzip,1,6,para,kṣip
kzip,1,4,para,kṣip
kziv,,1,para,kṣiv
kziv,,4,para,kṣiv
kzIj,,1,para,kṣīj
kzIb,,1,para,kṣīb
kzIrAya,,denom,para,kṣīrāya
kzIrIya,,denom,para,kṣīrīya
kzu,1,2,para,kṣu
kzud,1,1,para,kṣud
kzud,1,7,para,kṣud
kzuD,1,4,para,kṣudh
kzup,,6,para,kṣup
kzuB,1,1,atma,kṣubh
kzuB,1,4,para,kṣubh
kzuB,1,5,para,kṣubh
kzuB,1,9,para,kṣubh
kzump,,1,para,kṣump
kzur,,6,para,kṣur
kzetrIya,,denom,para,kṣetrīya
kzepAya,,denom,atma,kṣepāya
kzE,,1,para,kṣai
kzow,,10,para,kṣoṭ
kzRu,,2,para,kṣṇu
kzmAy,,1,atma,kṣmāy
kzmIl,,1,para,kṣmīl
kzviq,1,1,para,kṣviḍ
kzviq,2,1,atma,kṣviḍ
kzviq,2,4,para,kṣviḍ
kzvel,,1,para,kṣvel
Kac,,1,para,khac
Kac,,9,para,khac
Kac,,10,para,khac
Kaj,,1,para,khaj
KaYj,1,1,para,khañj
Kaw,1,1,para,khaṭ
KawaKawAya,,denom,atma,khaṭakhaṭāya
Kaww,,10,para,khaṭṭ
Kawvaya,,denom,para,khaṭvaya
KawvIya,,denom,para,khaṭvīya
Kaq,,10,para,khaḍ
KaRaKaRAya,,denom,atma,khaṇakhaṇāya
KaRq,,1,atma,khaṇḍ
KaRq,,10,para,khaṇḍ
Kad,,6,para,khad
Kan,,1,para,khan
Kamb,,1,para,khamb
Karj,,1,para,kharj
Kard,,1,para,khard
Karb,,1,para,kharb
Karv,,1,para,kharv
Karvaya,,denom,para,kharvaya
Kal,,1,para,khal
KalaKalAya,,denom,atma,khalakhalāya
KalAya,,denom,atma,khalāya
Kall,,1,atma,khall
Kav,,9,para,khav
Kaz,,1,para,khaṣ
KAd,,1,para,khād
Kiw,,1,para,khiṭ
Kid,,6,atma,khid
Kid,,7,atma,khid
Kid,,4,atma,khid
Ku,,1,atma,khu
Kuj,,1,para,khuj
KuRq,,1,atma,khuṇḍ
KuRq,,10,para,khuṇḍ
Kud,,6,para,khud
Kur,,6,para,khur
KuruKurAya,,denom,atma,khurukhurāya
Kurd,,1,atma,khurd
Kew,,10,para,kheṭ
Kel,,1,para,khel
KelAya,,denom,para,khelāya
KE,,1,para,khai
Kow,,1,para,khoṭ
Kow,,10,para,khoṭ
Koq,,1,para,khoḍ
Koq,,10,para,khoḍ
Kor,,1,para,khor
KyA,,2,para,khyā
gaj,,1,para,gaj
gaj,,10,para,gaj
gaYj,,1,para,gañj
gaq,,1,para,gaḍ
gaq,,10,para,gaḍ
gaR,,10,para,gaṇ
gaRq,,1,para,gaṇḍ
gaRqUzaya,,denom,para,gaṇḍūṣaya
gad,,1,para,gad
gad,,10,para,gad
gadAya,,denom,atma,gadāya
gaD,,4,para,gadh
ganD,,10,atma,gandh
gam,1,1,para,gam
gam,1,2,para,gam
gam,1,3,para,gam
gamb,,1,para,gamb
garj,,1,para,garj
gard,,1,para,gard
garb,,1,para,garb
garv,,1,para,garv
garv,,10,atma,garv
garvaya,,denom,para,garvaya
garh,,1,para,garh
garh,,10,para,garh
gal,1,1,para,gal
gal,2,1,para,gal
galB,,1,atma,galbh
galBAya,,denom,atma,galbhāya
gavaya,1,denom,para,gavaya
gah,,10,para,gah
gahanAya,,denom,atma,gahanāya
gA,1,3,para,gā
gA,1,2,para,gā
gAtraya,,denom,atma,gātraya
gAD,,1,atma,gādh
gArgIya,1,denom,atma,gārgīya
gAloqaya,,denom,atma,gāloḍaya
gAh,,1,atma,gāh
gu,1,1,atma,gu
gu,3,1,atma,gu
gu,4,6,para,gu
guj,,1,para,guj
guj,,6,para,guj
guYj,,1,para,guñj
guq,,6,para,guḍ
guRaya,,denom,para,guṇaya
guRAya,,denom,atma,guṇāya
guRW,,10,para,guṇṭh
guRq,,10,para,guṇḍ
gud,,1,atma,gud
guD,,4,para,gudh
guD,,9,para,gudh
guD,,1,atma,gudh
gup,1,4,para,gup
guP,,6,para,guph
gumP,,6,para,gumph
gur,,6,atma,gur
gur,,4,atma,gur
gurd,,1,para,gurd
gurd,,10,para,gurd
gurv,2,1,para,gurv
guh,1,1,para,guh
gUrd,,1,para,gūrd
gUrd,,10,para,gūrd
gUrd,,1,para,gūrd
gUrD,,10,para,gūrdh
gf,,1,para,gṛ
gfj,,1,para,gṛj
gfD,,4,para,gṛdh
gfBAya,,denom,para,gṛbhāya
gfhaya,,denom,atma,gṛhaya
gfhAya,2,denom,atma,gṛhāya
gF,1,9,para,gṝ
gF,2,6,para,gṝ
gF,3,10,atma,gṝ
gep,,1,atma,gep
gev,,1,atma,gev
gez,,1,atma,geṣ
gehIya,,denom,para,gehīya
gE,,1,para,gai
gE,,2,para,gai
gE,,3,para,gai
goDAya,,denom,para,godhāya
gopaya,,denom,atma,gopaya
gopAya,1,denom,para,gopāya
govaya,,denom,para,govaya
graT,1,9,para,grath
graT,1,1,para,grath
graT,2,1,atma,grath
granT,1,9,para,granth
granT,1,1,para,granth
granT,2,1,atma,granth
gras,1,1,para,gras
grah,,9,para,grah
grAmaya,,denom,para,grāmaya
gruc,,1,para,gruc
glas,,1,atma,glas
glah,,1,atma,glah
gluc,,1,para,gluc
gluYc,,1,para,gluñc
glep,,1,atma,glep
glev,,1,atma,glev
glez,,1,atma,gleṣ
glE,,1,para,glai
glE,,2,para,glai
GaMz,,1,atma,ghaṃṣ
GagG,,1,para,ghaggh
GaG,,1,para,ghagh
Gaw,,1,atma,ghaṭ
Gaww,,1,atma,ghaṭṭ
Gaww,,10,para,ghaṭṭ
GaR,,8,para,ghaṇ
GaRw,,1,para,ghaṇṭ
GaRw,,10,para,ghaṇṭ
GanAya,,denom,atma,ghanāya
GanIya,,denom,para,ghanīya
Gamb,,1,atma,ghamb
Gar,,10,para,ghar
Garb,,1,para,gharb
Gas,,1,para,ghas
GAtaya,,denom,atma,ghātaya
GiRR,,1,atma,ghiṇṇ
Gu,1,1,atma,ghu
Guw,,6,para,ghuṭ
Guw,,1,atma,ghuṭ
Guq,,6,para,ghuḍ
GuR,,6,para,ghuṇ
GuR,,1,atma,ghuṇ
GuRR,,1,atma,ghuṇṇ
GumaGumAya,,denom,atma,ghumaghumāya
Gur,,6,para,ghur
GuraGurAya,,denom,atma,ghuraghurāya
GurGurAya,,denom,atma,ghurghurāya
Guz,1,1,para,ghuṣ
Guz,2,1,para,ghuṣ
GUr,,4,atma,ghūr
GUrR,,1,para,ghūrṇ
Gf,1,3,para,ghṛ
Gf,1,1,para,ghṛ
Gf,1,10,para,ghṛ
Gf,2,3,para,ghṛ
Gf,2,5,para,ghṛ
Gf,2,8,para,ghṛ
GfRR,,1,atma,ghṛṇṇ
Gfz,2,1,para,ghṛṣ
Gol,,10,para,ghol
GrA,,1,para,ghrā
GrA,,3,para,ghrā
GrA,,2,para,ghrā
Nu,,1,atma,ṅu
cak,,1,para,cak
cakAs,1,2,para,cakās
cakAs,1,1,atma,cakās
cakorAya,,denom,atma,cakorāya
cakk,,10,para,cakk
cakz,,2,atma,cakṣ
caG,,5,para,cagh
caYc,,1,para,cañc
caw,,1,para,caṭ
cawulaya,,denom,para,caṭulaya
cawulAya,,denom,atma,caṭulāya
caR,,1,para,caṇ
caRq,,1,atma,caṇḍ
caRq,,10,atma,caṇḍ
cat,,1,para,cat
cad,,1,para,cad
can,1,1,para,can
cand,,1,para,cand
candrikAya,,denom,atma,candrikāya
cap,,1,para,cap
cap,,10,para,cap
cam,,1,para,cam
cam,,5,para,cam
camp,,10,para,camp
camb,,1,para,camb
cay,,1,atma,cay
car,,1,atma,car
carG,,1,para,cargh
carc,,1,atma,carc
carc,,10,atma,carc
carb,,1,para,carb
carv,,10,para,carv
carv,,1,para,carv
cal,,1,atma,cal
caz,,1,para,caṣ
cazakAya,,denom,atma,caṣakāya
cah,,1,para,cah
cah,,10,para,cah
cAy,,1,atma,cāy
ci,1,5,atma,ci
ci,2,3,atma,ci
ci,2,5,atma,ci
ci,3,1,para,ci
cikk,,10,para,cikk
ciw,,1,para,ciṭ
cit,4,1,atma,cit
cit,4,2,atma,cit
cit,4,3,atma,cit
cint,,10,para,cint
cint,,1,para,cint
ciraya,,denom,atma,ciraya
cirAya,,denom,atma,cirāya
ciri,2,5,para,ciri
cil,,6,para,cil
cihnaya,,denom,para,cihnaya
cIv,,1,para,cīv
cIv,,10,para,cīv
cuw,,6,para,cuṭ
cuw,,10,para,cuṭ
cuw,,1,para,cuṭ
cuww,,10,para,cuṭṭ
cuq,,6,para,cuḍ
cuqq,,1,para,cuḍḍ
cuRw,,6,para,cuṇṭ
cuRw,,10,para,cuṇṭ
cuRw,,1,para,cuṇṭ
cuRW,,10,para,cuṇṭh
cuRq,,6,para,cuṇḍ
cuRq,,10,para,cuṇḍ
cuRq,,1,para,cuṇḍ
cud,,1,atma,cud
cup,1,1,para,cup
cumb,2,1,atma,cumb
cur,,10,para,cur
cur,,1,para,cur
cul,,10,para,cul
culump,,1,para,culump
cUR,,10,para,cūṇ
cUr,,4,para,cūr
cUr,,10,para,cūr
cUrR,,10,para,cūrṇ
cUz,,1,para,cūṣ
cft,,6,para,cṛt
cft,,1,para,cṛt
cft,,10,para,cṛt
cezw,,1,para,ceṣṭ
cyu,1,10,para,cyu
cyu,2,1,para,cyu
cyut,2,1,para,cyut
cyus,,10,para,cyus
Cad,1,1,atma,chad
Cad,1,10,atma,chad
Cad,3,10,atma,chad
Cad,3,1,atma,chad
Cam,,1,para,cham
Cal,,10,para,chal
Caz,,1,para,chaṣ
Cid,,7,atma,chid
Cid,,9,atma,chid
Cuw,,6,para,chuṭ
Cuw,,10,para,chuṭ
Cup,,6,para,chup
Cur,,6,para,chur
Cfd,,7,para,chṛd
Cfd,,1,atma,chṛd
Co,,4,para,cho
Cyu,,1,atma,chyu
jaMs,,1,para,jaṃs
jaMs,,10,para,jaṃs
jakz,2,2,atma,jakṣ
jaNkz,,1,para,jaṅkṣ
jaj,,1,para,jaj
jaYj,,1,para,jañj
jaw,,1,para,jaṭ
jan,,1,atma,jan
jan,,10,atma,jan
jan,,3,atma,jan
jan,,4,atma,jan
jan,,2,atma,jan
jap,,1,atma,jap
jaB,1,1,para,jabh
jaB,2,1,atma,jabh
jam,2,1,para,jam
jamB,2,1,atma,jambh
jarc,,1,para,jarc
jarts,,1,para,jarts
jal,,1,para,jal
jal,,10,para,jal
jalp,,1,atma,jalp
jaz,,1,para,jaṣ
jas,,1,atma,jas
jas,,4,para,jas
jAgf,,2,atma,jāgṛ
jAgf,,1,atma,jāgṛ
ji,1,1,atma,ji
ji,1,9,atma,ji
jinv,,1,para,jinv
jim,,1,para,jim
jiri,,5,para,jiri
jiz,,1,para,jiṣ
jIv,,1,atma,jīv
juNg,,1,para,juṅg
juYc,,1,para,juñc
juYc,,10,para,juñc
juw,,6,para,juṭ
juq,,6,para,juḍ
juq,,10,para,juḍ
jut,,1,atma,jut
jun,,6,para,jun
jur,1,4,para,jur
jur,1,6,para,jur
jul,,10,para,jul
juz,1,6,atma,juṣ
juz,1,3,para,juṣ
juz,1,1,para,juṣ
jU,1,1,atma,jū
jU,1,9,para,jū
jU,1,1,para,jū
jUr,1,4,atma,jūr
jUr,2,4,atma,jūr
jUrv,,1,para,jūrv
jUz,,1,para,jūṣ
jf,1,1,para,jṛ
jf,2,1,atma,jṛ
jfmB,,1,atma,jṛmbh
jF,1,1,para,jṝ
jF,1,4,para,jṝ
jF,1,1,atma,jṝ
jF,1,9,atma,jṝ
jF,1,10,atma,jṝ
jF,2,1,atma,jṝ
jez,,1,atma,jeṣ
jeh,,1,atma,jeh
jE,,1,para,jai
jYA,1,9,para,jñā
jYA,1,3,atma,jñā
jyA,1,9,para,jyā
jyA,1,4,atma,jyā
jyu,,1,atma,jyu
jyut,,1,atma,jyut
jyo,,1,atma,jyo
jri,1,1,para,jri
jri,3,1,para,jri
jri,3,9,para,jri
jri,3,10,para,jri
jrI,,1,para,jrī
jrI,,9,para,jrī
jrI,,10,para,jrī
jvar,,1,para,jvar
jval,,1,para,jval
JagaJagAya,,denom,atma,jhagajhagāya
Jaw,,1,para,jhaṭ
JaR,,1,para,jhaṇ
JaRaJaRAya,,denom,atma,jhaṇajhaṇāya
Jam,,1,para,jham
Jarc,,1,para,jharc
JarC,,1,para,jharch
JarJ,,1,para,jharjh
Jaz,,1,atma,jhaṣ
Ju,,1,atma,jhu
JUz,,1,para,jhūṣ
JF,,4,para,jhṝ
JF,,9,para,jhṝ
Jyu,,1,atma,jhyu
waNk,,10,para,ṭaṅk
wal,,1,para,ṭal
wik,,1,atma,ṭik
wip,,10,para,ṭip
wIk,,1,atma,ṭīk
wOk,,1,atma,ṭauk
wval,,1,para,ṭval
qap,,10,atma,ḍap
qam,,1,para,ḍam
qamp,,10,atma,ḍamp
qamb,,10,para,ḍamb
qamB,,10,atma,ḍambh
qip,,10,atma,ḍip
qip,,4,para,ḍip
qip,,6,para,ḍip
qip,,10,para,ḍip
qimp,,10,atma,ḍimp
qimp,,4,para,ḍimp
qimp,,6,para,ḍimp
qimp,,10,para,ḍimp
qI,,1,atma,ḍī
qI,,4,atma,ḍī
QOk,,1,atma,ḍhauk
taMs,,1,para,taṃs
tak,,2,para,tak
tak,,1,para,tak
takz,1,1,para,takṣ
takz,1,2,atma,takṣ
takz,1,5,atma,takṣ
taNk,,1,para,taṅk
taNg,,1,para,taṅg
taYc,1,1,para,tañc
taYc,2,7,para,tañc
taw,,1,para,taṭ
tawAya,,denom,atma,taṭāya
taq,,10,para,taḍ
taRq,,1,atma,taṇḍ
tan,1,1,para,tan
tan,1,10,para,tan
tan,2,4,para,tan
tan,3,8,para,tan
tantraya,,denom,atma,tantraya
tand,,1,atma,tand
tandr,,1,para,tandr
tap,1,4,atma,tap
tap,2,1,atma,tap
tap,2,4,atma,tap
tam,,4,atma,tam
tamb,,1,para,tamb
tay,,1,atma,tay
tark,,10,para,tark
tarj,,1,atma,tarj
tard,,1,para,tard
tarb,,1,para,tarb
tal,,1,para,tal
tal,,10,para,tal
tavizIya,,denom,atma,taviṣīya
tas,1,4,para,tas
tAy,,1,atma,tāy
tik,,1,para,tik
tik,,5,para,tik
tig,,5,para,tig
tiG,,5,para,tigh
tij,,1,para,tij
tip,,1,para,tip
tim,,4,para,tim
timiraya,,denom,para,timiraya
timirAya,,denom,atma,timirāya
tiraya,,denom,para,tiraya
til,1,1,para,til
til,2,6,para,til
til,2,10,para,til
tilakaya,,denom,para,tilakaya
till,,1,para,till
tIk,,1,atma,tīk
tIm,,4,para,tīm
tIraya,,denom,para,tīraya
tIv,,1,para,tīv
tu,1,2,para,tu
tucCaya,,denom,para,tucchaya
tuj,2,6,atma,tuj
tuw,,6,para,tuṭ
tuq,,1,para,tuḍ
tuq,,6,para,tuḍ
tuqq,,1,para,tuḍḍ
tuR,,6,para,tuṇ
tuRq,,1,atma,tuṇḍ
tutTaya,,denom,para,tutthaya
tud,1,6,para,tud
tund,,1,para,tund
tup,,1,para,tup
tup,,6,para,tup
tuP,,1,para,tuph
tuP,,6,para,tuph
tuB,,1,para,tubh
tuB,,4,para,tubh
tuB,,9,para,tubh
tump,,1,para,tump
tump,,6,para,tump
tumP,,1,para,tumph
tumP,,6,para,tumph
tumb,,1,para,tumb
tumb,,10,para,tumb
tur,1,6,atma,tur
tur,1,4,atma,tur
turv,,1,para,turv
tul,,10,atma,tul
tuS,1,1,atma,tuś
tuS,2,1,atma,tuś
tuz,,4,para,tuṣ
tus,,1,para,tus
tuh,,1,para,tuh
tuhinaya,,denom,para,tuhinaya
tUq,,1,para,tūḍ
tUR,,10,para,tūṇ
tUl,,1,para,tūl
tUl,,10,para,tūl
tUz,,1,para,tūṣ
tfkz,,1,para,tṛkṣ
tfR,,8,para,tṛṇ
tfd,,7,atma,tṛd
tfp,1,4,atma,tṛp
tfp,1,5,atma,tṛp
tfp,1,6,atma,tṛp
tfp,1,1,atma,tṛp
tfP,,6,para,tṛph
tfmp,,6,para,tṛmp
tfmP,,6,para,tṛmph
tfz,1,4,atma,tṛṣ
tfh,,7,para,tṛh
tfh,,6,para,tṛh
tF,,1,para,tṝ
tF,,5,para,tṝ
tF,,3,para,tṝ
tF,,6,para,tṝ
tep,,1,atma,tep
tev,,1,atma,tev
toq,,1,atma,toḍ
tyaj,1,1,para,tyaj
traMs,,1,para,traṃs
traMs,,10,para,traṃs
traK,,1,para,trakh
trap,,1,para,trap
tras,1,10,para,tras
tras,2,1,atma,tras
tras,2,4,atma,tras
triNK,,1,para,triṅkh
truw,,6,atma,truṭ
truw,,4,atma,truṭ
trup,,1,para,trup
trE,,1,atma,trai
trOk,,1,atma,trauk
tvakz,,1,para,tvakṣ
tvaNg,,1,para,tvaṅg
tvac,1,6,para,tvac
tvaYc,,1,para,tvañc
tvaYc,,7,para,tvañc
tvar,,1,para,tvar
tviz,1,1,atma,tviṣ
tsar,,1,para,tsar
TaraTarAya,,denom,atma,tharatharāya
Tarv,,1,para,tharv
Tuq,,6,para,thuḍ
Turv,,1,para,thurv
daMS,1,1,para,daṃś
daMS,1,10,para,daṃś
daMS,1,10,atma,daṃś
daMS,2,1,atma,daṃś
daMS,2,6,atma,daṃś
daMs,2,10,para,daṃs
daMs,2,1,para,daṃs
daMs,2,10,atma,daṃs
daMh,,10,para,daṃh
dakz,,1,para,dakṣ
daG,,5,para,dagh
daG,,4,para,dagh
daNG,,1,para,daṅgh
dad,,1,para,dad
daD,,1,atma,dadh
danv,,1,para,danv
daB,,1,atma,dabh
daB,,5,atma,dabh
dam,1,4,para,dam
dam,1,9,atma,dam
damadamAya,,denom,atma,damadamāya
damB,,1,atma,dambh
damB,,5,atma,dambh
day,,1,atma,day
dal,,1,para,dal
das,,1,atma,das
das,,4,atma,das
dah,1,1,para,dah
dA,1,3,atma,dā
dA,1,1,atma,dā
dA,4,4,para,dā
dAn,,1,para,dān
dAn,,10,para,dān
dAy,,1,atma,dāy
dAruRAya,,denom,atma,dāruṇāya
dAS,1,1,para,dāś
dAS,1,2,para,dāś
dAS,1,5,para,dāś
dAs,1,1,para,dās
dAs,1,5,para,dās
dAsAya,,denom,atma,dāsāya
dinv,,1,para,dinv
dip,,1,atma,dip
dimp,,10,atma,dimp
dimB,,10,atma,dimbh
div,1,1,para,div
div,1,10,para,div
div,2,4,para,div
diS,1,3,para,diś
dih,1,2,para,dih
dI,1,4,para,dī
dI,2,3,para,dī
dI,3,4,atma,dī
dIkz,,1,atma,dīkṣ
dIDI,1,2,atma,dīdhī
dIDI,2,2,atma,dīdhī
dIp,,4,atma,dīp
dIrGaya,,denom,para,dīrghaya
du,1,1,para,du
du,2,5,para,du
du,2,4,atma,du
duHKaya,,denom,para,duḥkhaya
duHKAya,,denom,atma,duḥkhāya
duHKIya,,denom,para,duḥkhīya
ducCunAya,,denom,atma,ducchunāya
duD,,1,para,dudh
dundumAya,,denom,atma,dundumāya
durv,,1,para,durv
dul,,10,para,dul
duz,2,4,para,duṣ
duzwIya,,denom,para,duṣṭīya
duh,1,1,para,duh
duh,2,2,para,duh
duh,2,6,para,duh
duh,2,4,atma,duh
dU,1,1,para,dū
dU,2,5,para,dū
dU,2,4,atma,dū
dUraya,,denom,para,dūraya
dUzaya,,denom,para,dūṣaya
df,,6,atma,dṛ
dfMh,,1,para,dṛṃh
dfMh,,4,para,dṛṃh
dfMh,,1,atma,dṛṃh
dfQaya,,denom,para,dṛḍhaya
dfp,1,6,para,dṛp
dfp,2,4,para,dṛp
dfP,1,6,para,dṛph
dfB,1,1,para,dṛbh
dfB,1,10,para,dṛbh
dfB,2,6,para,dṛbh
dfS,,1,para,dṛś
dfh,,1,para,dṛh
dfh,,4,para,dṛh
dfh,,1,atma,dṛh
dF,,9,para,dṝ
dF,,2,para,dṝ
de,,1,atma,de
devaya,,denom,para,devaya
devAya,,denom,para,devāya
dE,,1,para,dai
dEtyAya,,denom,atma,daityāya
do,,2,para,do
do,,4,para,do
dolAya,,denom,atma,dolāya
dozAya,,denom,atma,doṣāya
dyu,1,2,para,dyu
dyut,2,1,atma,dyut
dyE,1,1,para,dyai
draQaya,,denom,para,draḍhaya
dram,,1,para,dram
dravaya,,denom,atma,dravaya
draviRIya,,denom,para,draviṇīya
drA,2,2,para,drā
drA,,1,para,drā
drA,,2,para,drā
drAK,,1,para,drākh
drAG,,1,atma,drāgh
drANkz,,1,para,drāṅkṣ
drAq,,1,atma,drāḍ
drAh,,1,atma,drāh
dru,1,5,para,dru
dru,2,1,para,dru
druq,,1,para,druḍ
druq,,6,para,druḍ
druR,,6,para,druṇ
drumAya,,denom,atma,drumāya
drumm,,1,para,drumm
druh,1,4,para,druh
drU,1,9,para,drū
drU,1,5,para,drū
drUq,,1,para,drūḍ
drek,,1,atma,drek
drE,,1,para,drai
drE,,2,para,drai
dvijAya,,denom,atma,dvijāya
dviz,2,2,para,dviṣ
dvf,,1,para,dvṛ
Dakk,,10,para,dhakk
DaR,,1,para,dhaṇ
Dan,1,1,para,dhan
Dan,2,3,para,dhan
DanAya,,denom,atma,dhanāya
DanIya,,denom,para,dhanīya
Danv,,1,para,dhanv
Dam,,1,para,dham
DamaDamAya,,denom,atma,dhamadhamāya
DarmAya,,denom,atma,dharmāya
Dav,,1,atma,dhav
Davalaya,,denom,para,dhavalaya
DavalAya,,denom,atma,dhavalāya
DA,1,3,para,dhā
DA,1,1,para,dhā
DA,1,2,para,dhā
DA,1,4,atma,dhā
DArAya,,denom,atma,dhārāya
DAv,1,1,para,dhāv
DAv,2,1,para,dhāv
Di,1,6,para,dhi
Di,3,5,para,dhi
Dikz,,1,atma,dhikṣ
DiyAya,,denom,atma,dhiyāya
Diz,1,3,para,dhiṣ
DI,1,3,atma,dhī
DI,3,4,atma,dhī
DIkz,,1,atma,dhīkṣ
DIraya,,denom,para,dhīraya
Dukz,,1,atma,dhukṣ
Dunaya,,denom,para,dhunaya
Durv,,1,para,dhurv
DU,1,5,para,dhū
DU,1,6,para,dhū
DU,1,9,para,dhū
DU,1,1,para,dhū
DU,1,2,atma,dhū
DUnaya,,denom,para,dhūnaya
DUpaya,,denom,para,dhūpaya
DUpAya,,denom,para,dhūpāya
DUmaya,,denom,para,dhūmaya
DUmAya,,denom,atma,dhūmāya
DUmraya,,denom,para,dhūmraya
DUr,1,4,atma,dhūr
DUrv,,1,para,dhūrv
DUlaya,,denom,para,dhūlaya
DUS,,10,para,dhūś
DUz,,10,para,dhūṣ
DUs,,10,para,dhūs
Df,,1,para,dhṛ
Dfj,,1,para,dhṛj
DfYj,,1,para,dhṛñj
Dfz,,5,para,dhṛṣ
Dfz,,1,para,dhṛṣ
DF,,9,para,dhṝ
De,,1,para,dhe
Dor,,1,para,dhor
DmA,,1,para,dhmā
DyE,,1,para,dhyai
Draj,,1,para,dhraj
DraYj,,1,para,dhrañj
DraR,,1,para,dhraṇ
Dras,,9,para,dhras
Dras,,10,para,dhras
DrA,,2,para,dhrā
DrA,,1,para,dhrā
Drij,,1,para,dhrij
Dru,1,6,para,dhru
Dru,1,1,para,dhru
Drek,,1,atma,dhrek
DrE,,1,para,dhrai
DvaMs,,1,para,dhvaṃs
Dvaj,1,1,para,dhvaj
DvaYj,1,1,para,dhvañj
DvaR,,1,para,dhvaṇ
Dvan,2,1,para,dhvan
DvANkz,,1,para,dhvāṅkṣ
Dvf,,1,para,dhvṛ
DvraR,,1,para,dhvraṇ
naMS,,1,para,naṃś
nakk,,10,para,nakk
nakz,,1,para,nakṣ
naK,,4,para,nakh
naK,,1,para,nakh
nagarAya,,denom,atma,nagarāya
naNK,,4,para,naṅkh
naNK,,1,para,naṅkh
naj,,6,atma,naj
naw,,1,para,naṭ
naq,1,10,para,naḍ
nad,,1,para,nad
nand,,1,para,nand
naB,1,1,atma,nabh
naB,1,4,para,nabh
naB,1,9,para,nabh
nam,,1,para,nam
namb,,1,para,namb
nay,,1,atma,nay
narakAya,,denom,atma,narakāya
nard,,1,para,nard
narb,,1,para,narb
narmaya,,denom,para,narmaya
nal,,1,para,nal
nal,,10,para,nal
naS,1,1,para,naś
naS,2,4,para,naś
naS,2,1,para,naś
naSAya,,denom,para,naśāya
nas,2,1,atma,nas
nah,1,4,para,nah
nAT,,1,atma,nāth
nAD,,1,atma,nādh
nAyakAya,,denom,atma,nāyakāya
nArAyaRAya,,denom,atma,nārāyaṇāya
nArIya,,denom,atma,nārīya
nAlAya,,denom,atma,nālāya
nAs,1,1,atma,nās
niMs,,2,atma,niṃs
nikz,,1,para,nikṣ
nij,,2,atma,nij
nij,,3,para,nij
niYj,,2,atma,niñj
nind,,1,para,nind
ninv,,1,para,ninv
nibiqaya,,denom,para,nibiḍaya
nimnaya,,denom,para,nimnaya
nil,,6,para,nil
niS,2,1,para,niś
niz,2,1,para,niṣ
nizk,,10,atma,niṣk
nI,2,1,para,nī
nIqaya,,denom,atma,nīḍaya
nIl,,1,para,nīl
nIlAya,,denom,atma,nīlāya
nIv,,1,para,nīv
nu,3,1,atma,nu
nu,4,2,para,nu
nu,4,6,para,nu
nuq,,6,para,nuḍ
nud,,6,para,nud
nU,,2,para,nū
nU,,6,para,nū
nUtanaya,,denom,para,nūtanaya
nft,1,4,para,nṛt
nF,,9,para,nṝ
ned,2,1,para,ned
nedaya,,denom,para,nedaya
nez,,1,atma,neṣ
nyUNKaya,,denom,atma,nyūṅkhaya
nyUnaya,,denom,para,nyūnaya
paMS,,1,para,paṃś
paMS,,10,para,paṃś
paMs,,1,para,paṃs
paMs,,10,para,paṃs
pakz,,1,para,pakṣ
pakz,,10,para,pakṣ
paNkaya,,denom,para,paṅkaya
pac,1,1,para,pac
pac,2,1,para,pac
pac,2,4,atma,pac
paYc,1,1,para,pañc
paw,,1,para,paṭ
pawapawAya,,denom,atma,paṭapaṭāya
pawwAya,,denom,atma,paṭṭāya
paW,,1,para,paṭh
paR,,1,atma,paṇ
paRAya,,denom,atma,paṇāya
paRAya,,denom,atma,paṇāya
paRq,,1,atma,paṇḍ
paRq,,10,para,paṇḍ
paRq,,1,para,paṇḍ
paRqitAya,,denom,atma,paṇḍitāya
pat,1,4,atma,pat
pat,2,1,para,pat
patIya,1,denom,para,patīya
pattraya,,denom,para,pattraya
pattrAya,,denom,atma,pattrāya
paT,,1,para,path
pad,1,1,para,pad
pad,2,4,atma,pad
padmAya,,denom,atma,padmāya
pan,2,1,atma,pan
panAya,,denom,atma,panāya
panT,,1,para,panth
panT,,10,para,panth
pamb,,1,para,pamb
pay,,1,atma,pay
payAya,,denom,atma,payāya
parR,,10,para,parṇ
parRaya,1,denom,para,parṇaya
pard,,1,atma,pard
parp,,1,para,parp
parb,,1,para,parb
paryARaya,,denom,para,paryāṇaya
parv,,1,para,parv
parz,,1,atma,parṣ
pal,,1,para,pal
palpUlaya,,denom,para,palpūlaya
pall,,1,para,pall
pallavaya,,denom,para,pallavaya
pav,,1,atma,pav
pavitraya,,denom,para,pavitraya
paz,,1,para,paṣ
paz,,10,para,paṣ
pas,,1,para,pas
pas,,10,para,pas
pA,1,1,para,pā
pA,1,2,atma,pā
pA,3,2,para,pā
pA,5,3,atma,pā
pAwalaya,,denom,para,pāṭalaya
pARquraya,,denom,para,pāṇḍuraya
pAtraya,,denom,para,pātraya
pAdaya,,denom,para,pādaya
pApaya,,denom,atma,pāpaya
pApAya,,denom,atma,pāpāya
pAy,,1,atma,pāy
pAl,,10,para,pāl
pASaya,,denom,para,pāśaya
pASAya,,denom,atma,pāśāya
pi,1,6,para,pi
pi,,1,atma,pi
pi,,2,atma,pi
pi,,3,para,pi
piMs,,1,para,piṃs
piMs,,10,para,piṃs
picc,,10,para,picc
piC,,10,para,pich
piC,,6,para,pich
piYj,,2,atma,piñj
piYj,,10,para,piñj
piYjaraya,,denom,para,piñjaraya
piw,,1,para,piṭ
piwwaya,,denom,para,piṭṭaya
piW,,1,para,piṭh
piRq,,1,atma,piṇḍ
piRq,,10,para,piṇḍ
pinv,,1,para,pinv
pil,,10,para,pil
piS,1,6,para,piś
piSaNgaya,,denom,para,piśaṅgaya
piSunaya,,denom,para,piśunaya
piz,,7,para,piṣ
pis,,4,para,pis
pI,1,4,atma,pī
pI,2,1,atma,pī
pI,2,2,atma,pī
pI,2,3,para,pī
pIWAya,,denom,atma,pīṭhāya
pIq,,10,para,pīḍ
pIqAya,,denom,atma,pīḍāya
pIy,,1,para,pīy
pIl,,1,para,pīl
puMs,1,10,para,puṃs
puC,,1,para,puch
puYjaya,,denom,para,puñjaya
puw,,6,para,puṭ
puw,,1,para,puṭ
puw,,10,para,puṭ
puww,,10,para,puṭṭ
puq,,6,para,puḍ
puq,,1,para,puḍ
puR,,6,para,puṇ
puR,,10,para,puṇ
puRw,,10,para,puṇṭ
puRq,,1,para,puṇḍ
putrIya,2,denom,para,putrīya
puT,,4,para,puth
punT,,1,para,punth
pur,2,6,para,pur
purIzaya,,denom,para,purīṣaya
puruzAya,,denom,atma,puruṣāya
purv,,1,para,purv
pul,,1,para,pul
pul,,6,para,pul
pul,,10,para,pul
pulakaya,,denom,para,pulakaya
puz,1,4,para,puṣ
puz,2,1,para,puṣ
puz,2,4,para,puṣ
puz,2,9,para,puṣ
puzkarAya,,denom,atma,puṣkarāya
puzpAya,,denom,atma,puṣpāya
pus,,10,para,pus
pust,,10,para,pust
pU,1,9,para,pū
pU,1,1,atma,pū
pUj,,10,para,pūj
pUj,,1,para,pūj
pUR,,10,para,pūṇ
pUtanAya,,denom,para,pūtanāya
pUy,,1,para,pūy
pUrtaya,,denom,para,pūrtaya
pUl,,1,para,pūl
pUl,,10,para,pūl
pUz,,1,para,pūṣ
pf,1,3,para,pṛ
pf,1,9,para,pṛ
pf,2,5,para,pṛ
pf,2,6,atma,pṛ
pfc,1,7,para,pṛc
pfc,1,2,para,pṛc
pfc,1,1,para,pṛc
pfc,1,3,para,pṛc
pfj,,2,atma,pṛj
pfYj,,2,atma,pṛñj
pfq,,6,para,pṛḍ
pfR,,6,para,pṛṇ
pftanAya,,denom,para,pṛtanāya
pfT,1,10,para,pṛth
pfT,2,10,para,pṛth
pfz,,1,para,pṛṣ
pfz,,1,atma,pṛṣ
pF,,9,para,pṝ
pF,,6,para,pṝ
pF,,3,para,pṝ
peR,,1,para,peṇ
peb,,1,atma,peb
pel,,1,para,pel
pel,,10,para,pel
pev,,1,atma,pev
pez,,1,atma,peṣ
pes,,1,para,pes
pE,,1,para,pai
pER,,1,para,paiṇ
poYC,,1,atma,poñch
powAya,,denom,atma,poṭāya
potAya,,denom,atma,potāya
pyAy,,1,atma,pyāy
pyuz,,4,para,pyuṣ
pyuz,,10,para,pyuṣ
pyus,,4,para,pyus
pyE,,1,atma,pyai
praC,,6,para,prach
pratIpaya,,denom,para,pratīpaya
pratIpAya,,denom,atma,pratīpāya
pratyakzaya,,denom,para,pratyakṣaya
pratyakzAya,,denom,atma,pratyakṣāya
pratyayAya,,denom,para,pratyayāya
praT,1,1,atma,prath
praT,2,10,para,prath
praTaya,,denom,para,prathaya
pradakziRaya,,denom,para,pradakṣiṇaya
prabalaya,,denom,para,prabalaya
pramARaya,,denom,para,pramāṇaya
prarzaBIya,,denom,para,prarṣabhīya
pralkArIya,,denom,para,pralkārīya
pravaRaya,,denom,para,pravaṇaya
praSnaya,,denom,para,praśnaya
pras,,1,atma,pras
prA,1,2,para,prā
prArkzIya,,denom,para,prārkṣīya
prArzaBIya,,denom,para,prārṣabhīya
prAsAdIya,1,denom,para,prāsādīya
priyAya,,denom,atma,priyāya
priyIya,,denom,para,priyīya
prI,1,9,para,prī
prI,1,4,atma,prī
prIyAya,,denom,atma,prīyāya
pru,,1,atma,pru
pruT,,1,para,pruth
pruz,1,5,para,pruṣ
pruz,1,10,para,pruṣ
pruz,1,9,para,pruṣ
pruz,1,4,para,pruṣ
pruz,3,1,para,pruṣ
pruzvAya,,denom,atma,pruṣvāya
prekIya,,denom,para,prekīya
prez,1,1,atma,preṣ
prER,,1,para,praiṇ
proGIya,,denom,para,proghīya
proT,,1,para,proth
plakz,,1,para,plakṣ
plab,,1,atma,plab
plav,,1,atma,plav
plih,,1,atma,plih
plI,,9,para,plī
plu,,1,atma,plu
pluz,,1,para,pluṣ
pluz,,4,para,pluṣ
pluz,,9,para,pluṣ
pluzwAya,,denom,atma,pluṣṭāya
plus,,4,para,plus
plev,,1,atma,plev
psA,1,2,para,psā
Pakk,,1,para,phakk
PaR,,1,para,phaṇ
ParParAya,,denom,atma,pharpharāya
Parv,,1,para,pharv
Pal,,1,para,phal
PalAya,,denom,atma,phalāya
PurAPurAya,,denom,atma,phurāphurāya
Pull,,1,para,phull
PenAya,,denom,para,phenāya
Pel,,1,para,phel
baMh,,1,atma,baṃh
bakabakAya,,denom,atma,bakabakāya
bakAya,,denom,para,bakāya
baW,,1,para,baṭh
baR,,1,para,baṇ
bad,,1,para,bad
baDiraya,,denom,para,badhiraya
band,,1,para,band
banD,,9,para,bandh
banD,,1,para,bandh
banD,,4,para,bandh
baBr,,1,para,babhr
bamb,,1,para,bamb
barb,,1,para,barb
barh,,1,atma,barh
barh,,10,para,barh
bal,2,1,para,bal
bal,2,10,para,bal
balaya,,denom,para,balaya
balAya,1,denom,atma,balāya
balh,,1,atma,balh
balh,,10,para,balh
bahaya,,denom,para,bahaya
bAq,,1,atma,bāḍ
bAD,,1,atma,bādh
bAzpAya,,denom,atma,bāṣpāya
biw,,1,para,biṭ
bid,,1,para,bid
bind,,1,para,bind
bil,,6,para,bil
bil,,10,para,bil
biS,,1,para,biś
bis,,4,para,bis
bIB,,1,atma,bībh
bukk,,1,para,bukk
bukk,,10,para,bukk
buNg,,1,para,buṅg
buw,,1,para,buṭ
buw,,10,para,buṭ
buq,,6,para,buḍ
bud,,1,para,bud
buD,,1,para,budh
buD,,4,atma,budh
bund,,1,para,bund
bunD,,10,para,bundh
bul,,10,para,bul
bus,,4,para,bus
bust,,10,para,bust
bfMh,2,1,para,bṛṃh
bfMh,4,1,para,bṛṃh
bfMh,4,10,para,bṛṃh
bfh,1,6,para,bṛh
bfh,2,1,para,bṛh
bfh,4,1,para,bṛh
bfh,4,10,para,bṛh
beS,,1,para,beś
beh,,1,atma,beh
beh,,1,para,beh
brahm,,1,para,brahm
brahmAya,,denom,atma,brahmāya
brU,,2,para,brū
blI,,9,para,blī
BakaBakAya,,denom,atma,bhakabhakāya
Bakz,,10,para,bhakṣ
Bakz,,1,para,bhakṣ
BaNguraya,,denom,para,bhaṅguraya
Baj,,1,para,bhaj
BaYj,1,7,para,bhañj
BaYj,2,10,para,bhañj
Baw,,1,para,bhaṭ
Baw,,10,para,bhaṭ
BawaBawAya,,denom,para,bhaṭabhaṭāya
BaR,,1,para,bhaṇ
BaRw,,10,para,bhaṇṭ
BaRq,,1,atma,bhaṇḍ
BaRq,,1,para,bhaṇḍ
BaRq,,10,para,bhaṇḍ
Ban,,1,para,bhan
Band,,1,atma,bhand
Barts,,10,atma,bharts
Barb,,1,para,bharb
BarB,,1,para,bharbh
Barv,,1,para,bharv
Bal,,1,atma,bhal
Bal,,10,atma,bhal
Ball,,1,atma,bhall
Baz,,1,para,bhaṣ
Bas,1,3,para,bhas
Basmasaya,,denom,para,bhasmasaya
BA,1,2,para,bhā
BAm,,1,atma,bhām
BAm,,10,para,bhām
BArAya,,denom,atma,bhārāya
BArgavAya,,denom,atma,bhārgavāya
BAz,1,1,atma,bhāṣ
BAs,1,1,atma,bhās
BAsAya,,denom,atma,bhāsāya
Bikz,,1,atma,bhikṣ
Bid,1,7,para,bhid
Bid,1,1,para,bhid
BI,1,3,para,bhī
BI,1,1,atma,bhī
BI,1,10,para,bhī
Buj,1,6,para,bhuj
Buj,3,7,para,bhuj
Buj,3,6,para,bhuj
BuRq,,1,atma,bhuṇḍ
BU,1,1,para,bhū
BUmaya,2,denom,para,bhūmaya
BUz,,1,para,bhūṣ
BUzAya,,denom,atma,bhūṣāya
Bf,1,1,para,bhṛ
Bf,1,3,para,bhṛ
Bf,1,2,para,bhṛ
BfMS,,1,para,bhṛṃś
BfMS,,10,para,bhṛṃś
Bfkz,,1,para,bhṛkṣ
BfNgAya,,denom,atma,bhṛṅgāya
Bfj,,1,atma,bhṛj
Bfq,,6,para,bhṛḍ
BfRIya,,denom,atma,bhṛṇīya
BftyAya,,denom,atma,bhṛtyāya
BfS,,4,para,bhṛś
BfS,,6,para,bhṛś
BfSAya,,denom,atma,bhṛśāya
BF,,9,para,bhṝ
Bez,,1,para,bheṣ
Byas,,1,atma,bhyas
BraMS,,1,atma,bhraṃś
BraMS,,4,para,bhraṃś
Brakz,,1,para,bhrakṣ
Brajj,,6,para,bhrajj
BraR,,1,para,bhraṇ
Bram,,1,para,bhram
Bram,,4,para,bhram
BramarAya,,denom,atma,bhramarāya
BramAya,,denom,atma,bhramāya
BraS,,1,atma,bhraś
BraS,,4,para,bhraś
BrAj,1,1,atma,bhrāj
BrAS,,1,atma,bhrāś
BrAS,,4,atma,bhrāś
BrAs,,1,atma,bhrās
BrAs,,4,atma,bhrās
BrI,,9,para,bhrī
Bruq,,6,para,bhruḍ
BrUR,,10,atma,bhrūṇ
Brej,,1,atma,bhrej
Brez,,1,para,bhreṣ
Blakz,,1,para,bhlakṣ
BlAS,,1,atma,bhlāś
BlAS,,4,atma,bhlāś
maMh,,1,atma,maṃh
makamakAya,,denom,atma,makamakāya
makk,,1,atma,makk
makz,1,1,para,makṣ
maK,,1,para,makh
maNk,,1,atma,maṅk
maNK,,1,para,maṅkh
maNg,,1,atma,maṅg
maNG,,1,para,maṅgh
mac,,1,atma,mac
majj,,6,para,majj
maYc,,1,atma,mañc
maYj,,10,para,mañj
maYjaraya,,denom,para,mañjaraya
maW,,1,para,maṭh
maWaya,,denom,para,maṭhaya
maR,,1,para,maṇ
maRIya,,denom,atma,maṇīya
maRw,,10,para,maṇṭ
maRW,,1,atma,maṇṭh
maRq,,1,para,maṇḍ
maRqalaya,,denom,para,maṇḍalaya
maRqalAya,,denom,atma,maṇḍalāya
maT,1,1,para,math
maT,1,9,para,math
maTAya,,denom,para,mathāya
mad,2,4,para,mad
mad,2,1,para,mad
mad,2,3,para,mad
madanAya,,denom,atma,madanāya
madrAya,,denom,atma,madrāya
madrikAya,,denom,atma,madrikāya
maDuraya,,denom,para,madhuraya
man,,8,atma,man
man,,4,atma,man
manAya,,denom,para,manāya
mantr,,10,atma,mantr
manT,1,1,para,manth
manT,1,9,para,manth
mand,1,1,atma,mand
mandaya,,denom,para,mandaya
mandarAya,,denom,para,mandarāya
mandAya,,denom,atma,mandāya
mandraya,,denom,atma,mandraya
maBr,,1,para,mabhr
mamAya,,denom,atma,mamāya
mamb,,1,para,mamb
may,,1,atma,may
marc,,10,para,marc
marj,,1,para,marj
marj,,6,para,marj
marb,,1,para,marb
marmarAya,,denom,atma,marmarāya
marv,,1,para,marv
mal,,1,atma,mal
mal,,10,para,mal
malinaya,,denom,para,malinaya
mall,,1,atma,mall
mav,,1,para,mav
mavy,,1,para,mavy
maS,,1,para,maś
maz,,1,para,maṣ
mas,1,4,para,mas
masfRaya,,denom,para,masṛṇaya
mask,,1,atma,mask
mah,1,1,para,mah
mah,1,10,para,mah
mahIya,,denom,atma,mahīya
mA,2,3,para,mā
mA,3,2,para,mā
mA,3,3,atma,mā
mA,3,4,atma,mā
mAMsIya,,denom,para,māṃsīya
mANkz,,1,para,māṅkṣ
mAq,,1,para,māḍ
mAtaya,,denom,para,mātaya
mAtrIya,,denom,atma,mātrīya
mAn,,1,para,mān
mAn,,10,para,mān
mAnT,,1,para,mānth
mArg,,1,para,mārg
mArg,,10,para,mārg
mArj,,10,para,mārj
mAlaya,1,denom,para,mālaya
mAlIya,1,denom,para,mālīya
mAh,,1,para,māh
mi,1,5,para,mi
miC,,6,para,mich
miYj,,10,para,miñj
mitraya,,denom,para,mitraya
mitrAya,,denom,atma,mitrāya
mitrIya,,denom,para,mitrīya
miT,,1,para,mith
miTunAya,,denom,atma,mithunāya
mid,1,1,para,mid
mid,2,1,atma,mid
mid,2,4,para,mid
mid,2,10,para,mid
miD,,1,para,midh
mind,2,1,atma,mind
mind,2,4,para,mind
mind,2,10,para,mind
mil,,6,para,mil
miS,,1,para,miś
miSr,,10,para,miśr
miz,1,6,para,miṣ
miz,2,1,para,miṣ
mizamizAya,,denom,atma,miṣamiṣāya
mis,,4,para,mis
mih,1,1,para,mih
mI,1,9,para,mī
mI,3,1,para,mī
mI,3,10,para,mī
mIm,,1,para,mīm
mIl,,1,para,mīl
mIv,1,1,para,mīv
mIv,2,1,para,mīv
mukurAya,,denom,atma,mukurāya
mukulaya,,denom,para,mukulaya
mukulAya,,denom,atma,mukulāya
muKaraya,,denom,para,mukharaya
muc,1,1,atma,muc
muc,2,6,para,muc
muC,,1,para,much
muj,,1,para,muj
muj,,10,para,muj
muYc,,1,para,muñc
muYc,,1,atma,muñc
muYj,,1,para,muñj
muYj,,10,para,muñj
muw,,1,para,muṭ
muw,,6,para,muṭ
muw,,10,para,muṭ
muq,,1,para,muḍ
muR,,6,para,muṇ
muRw,,1,para,muṇṭ
muRW,,1,atma,muṇṭh
muRq,,1,para,muṇḍ
muRq,,1,atma,muṇḍ
muRqaya,,denom,para,muṇḍaya
mud,1,10,para,mud
mud,2,1,atma,mud
mudraya,,denom,para,mudraya
mur,3,6,para,mur
murC,,1,para,murch
murmurIya,,denom,para,murmurīya
murv,,1,para,murv
muz,1,1,para,muṣ
muz,2,9,para,muṣ
muz,2,1,para,muṣ
muz,2,6,para,muṣ
muzAya,,denom,para,muṣāya
mus,,4,para,mus
must,,10,para,must
muh,1,4,para,muh
mU,,1,atma,mū
mUtraya,,denom,atma,mūtraya
mUrC,,1,para,mūrch
mUl,,1,para,mūl
mUz,1,1,para,mūṣ
mf,,6,atma,mṛ
mf,,1,para,mṛ
mfkz,,1,para,mṛkṣ
mfg,,4,para,mṛg
mfg,,10,atma,mṛg
mfc,1,10,para,mṛc
mfc,1,4,para,mṛc
mfC,,6,atma,mṛch
mfj,1,2,para,mṛj
mfj,1,6,para,mṛj
mfj,1,1,para,mṛj
mfq,,6,para,mṛḍ
mfq,,9,para,mṛḍ
mfR,,6,para,mṛṇ
mfd,1,9,para,mṛd
mfd,1,1,para,mṛd
mfD,1,1,para,mṛdh
mfD,1,6,para,mṛdh
mfS,1,6,para,mṛś
mfz,1,4,para,mṛṣ
mfz,1,1,para,mṛṣ
mfz,3,1,para,mṛṣ
mfzAya,,denom,atma,mṛṣāya
mF,,9,para,mṝ
me,1,1,atma,me
meGaya,,denom,para,meghaya
meGAya,,denom,para,meghāya
mew,,1,para,meṭ
meq,,1,para,meḍ
med,1,1,para,med
meD,,1,para,medh
mep,,1,para,mep
mev,,1,atma,mev
mezAya,,denom,atma,meṣāya
mEtrAya,,denom,para,maitrāya
mokz,,1,atma,mokṣ
mokz,,10,para,mokṣ
mokzAya,,denom,atma,mokṣāya
moGAya,,denom,atma,moghāya
mnA,,1,para,mnā
myakz,,1,para,myakṣ
mrakz,,1,para,mrakṣ
mrad,,1,atma,mrad
mrit,,4,para,mrit
mruc,,1,para,mruc
mruYc,,1,para,mruñc
mreq,,1,para,mreḍ
mlakz,,10,para,mlakṣ
mluc,,1,para,mluc
mluYc,,1,para,mluñc
mleC,,1,para,mlech
mleC,,10,para,mlech
mlew,,1,para,mleṭ
mleq,,1,para,mleḍ
mlev,,1,atma,mlev
mlE,,1,para,mlai
yakz,,1,para,yakṣ
yakz,,10,atma,yakṣ
yaj,1,1,para,yaj
yajYAya,,denom,para,yajñāya
yat,2,1,atma,yat
yat,2,10,atma,yat
yantr,,10,para,yantr
yantr,,1,para,yantr
yantraya,,denom,para,yantraya
yaB,,1,para,yabh
yam,,1,para,yam
yamAya,,denom,atma,yamāya
yavaya,,denom,para,yavaya
yas,,4,para,yas
yA,1,2,para,yā
yAc,,1,para,yāc
yAminaya,,denom,para,yāminaya
yu,1,3,para,yu
yu,2,2,para,yu
yugalAya,,denom,atma,yugalāya
yugAya,,denom,atma,yugāya
yuNg,,1,para,yuṅg
yuC,,1,para,yuch
yuj,1,7,para,yuj
yut,2,1,atma,yut
yuD,1,4,atma,yudh
yuD,1,1,para,yudh
yup,,4,para,yup
yuzmaya,,denom,para,yuṣmaya
yUz,,1,para,yūṣ
yez,,1,para,yeṣ
yoktraya,,denom,para,yoktraya
yogAya,,denom,atma,yogāya
yogIya,,denom,atma,yogīya
yOw,,1,para,yauṭ
raMh,,1,para,raṃh
raMh,,10,para,raṃh
rak,,10,para,rak
rakz,1,1,para,rakṣ
raK,,1,para,rakh
rag,,1,para,rag
rag,,10,para,rag
raNK,,1,para,raṅkh
raNg,,1,para,raṅg
raNG,,1,atma,raṅgh
rac,,10,para,rac
raj,,1,para,raj
raj,,4,para,raj
rajasaya,,denom,para,rajasaya
raYj,,1,para,rañj
raYj,,4,para,rañj
raw,,1,para,raṭ
rawarawAya,,denom,atma,raṭaraṭāya
raW,,1,para,raṭh
raR,1,1,para,raṇ
raR,1,4,para,raṇ
raR,2,1,para,raṇ
raR,3,10,para,raṇ
raRv,,1,para,raṇv
raTirAya,,denom,para,rathirāya
raTIya,,denom,para,rathīya
rad,,1,para,rad
raD,,4,para,radh
ran,1,1,para,ran
ran,1,4,para,ran
ranD,,4,para,randh
ranDanAya,,denom,para,randhanāya
rap,,1,para,rap
raP,,1,para,raph
raB,,1,atma,rabh
ram,,1,atma,ram
ramaRIya,2,denom,atma,ramaṇīya
ramP,,1,para,ramph
ramb,1,1,atma,ramb
ramb,2,1,atma,ramb
ramb,2,1,para,ramb
ramB,,1,atma,rambh
ramB,2,1,atma,rambh
ray,,1,atma,ray
rarP,,1,para,rarph
raSanAya,,denom,atma,raśanāya
ras,1,1,para,ras
ras,2,10,para,ras
rah,,1,para,rah
rah,,10,para,rah
rahAya,,denom,atma,rahāya
rA,1,2,para,rā
rAK,,1,para,rākh
rAG,1,1,atma,rāgh
rAj,1,1,para,rāj
rAjAya,,denom,atma,rājāya
rAjIya,,denom,para,rājīya
rAD,,5,para,rādh
rAD,,4,para,rādh
rAs,1,2,para,rās
rAs,1,1,atma,rās
ri,1,9,para,ri
ri,1,4,para,ri
riK,,1,para,rikh
riK,,6,para,rikh
riNK,,1,para,riṅkh
riNg,,1,para,riṅg
ric,,7,para,ric
ric,,1,para,ric
ric,,4,atma,ric
rij,,1,atma,rij
riRv,,1,para,riṇv
riP,,6,para,riph
riB,,1,para,ribh
rimP,,6,para,rimph
riS,,6,para,riś
riz,1,1,para,riṣ
riz,1,4,para,riṣ
rizwIya,,denom,para,riṣṭīya
rih,,6,para,rih
rih,,2,para,rih
rI,1,9,para,rī
rI,1,4,para,rī
rIv,,1,para,rīv
ru,1,2,para,ru
ru,3,1,atma,ru
ruMS,,1,para,ruṃś
ruMS,,10,para,ruṃś
ruc,1,1,atma,ruc
ruj,1,6,para,ruj
rujAya,,denom,atma,rujāya
ruw,,1,atma,ruṭ
ruw,,10,para,ruṭ
ruW,,1,para,ruṭh
ruW,,1,atma,ruṭh
ruRw,,1,para,ruṇṭ
ruRW,,1,para,ruṇṭh
rud,1,2,para,rud
ruD,1,1,para,rudh
ruD,2,7,para,rudh
rup,1,4,para,rup
ruS,,6,para,ruś
ruz,1,1,para,ruṣ
ruz,1,4,para,ruṣ
ruh,1,1,para,ruh
rUkz,,10,para,rūkṣ
rUp,,10,para,rūp
rUz,,1,para,rūṣ
rUz,,10,para,rūṣ
rek,,1,atma,rek
reKAya,,denom,atma,rekhāya
rej,1,1,para,rej
rew,,1,para,reṭ
req,,1,atma,reḍ
rep,,1,atma,rep
reB,,1,para,rebh
reBAya,,denom,para,rebhāya
reL,,1,atma,reL
rez,1,1,atma,reṣ
rehAya,,denom,para,rehāya
rE,1,1,para,rai
roq,,1,para,roḍ
romanTAya,,denom,para,romanthāya
rohAya,,denom,atma,rohāya
rOw,,1,para,rauṭ
rOq,,1,para,rauḍ
lak,,10,para,lak
lakz,,1,atma,lakṣ
lakz,,10,para,lakṣ
laK,,1,para,lakh
lag,,1,para,lag
laGaya,,denom,para,laghaya
laNg,,1,para,laṅg
laNG,,1,para,laṅgh
laNG,,10,para,laṅgh
laC,,1,para,lach
laj,1,6,atma,laj
laj,2,1,para,laj
laj,3,10,para,laj
lajj,,6,atma,lajj
lajjAya,,denom,atma,lajjāya
laYj,1,1,para,lañj
laYj,2,10,para,lañj
law,1,1,para,laṭ
laq,,1,para,laḍ
laq,,10,para,laḍ
laRq,,10,para,laṇḍ
latAya,,denom,atma,latāya
lap,1,1,para,lap
laB,,1,atma,labh
lamb,1,1,atma,lamb
lamb,2,1,atma,lamb
lamB,,1,atma,lambh
lay,,1,atma,lay
lard,,10,para,lard
larb,,1,para,larb
lal,,1,para,lal
lalAwikAya,,denom,atma,lalāṭikāya
lavaRaya,,denom,para,lavaṇaya
lavaRIya,,denom,para,lavaṇīya
lavaya,,denom,para,lavaya
laS,,10,para,laś
laz,,1,para,laṣ
laz,,4,para,laṣ
laz,,10,para,laṣ
las,1,1,para,las
lA,1,2,para,lā
lAK,,1,para,lākh
lAG,,1,atma,lāgh
lAj,,1,para,lāj
lAjAya,,denom,atma,lājāya
lAYC,,1,para,lāñch
lAYCanAya,,denom,atma,lāñchanāya
lAYj,,1,para,lāñj
lAwyAya,,denom,para,lāṭyāya
lAq,,10,para,lāḍ
lAB,,10,para,lābh
lAlAya,,denom,atma,lālāya
liK,,6,para,likh
liNK,,1,para,liṅkh
liNg,,1,para,liṅg
liNg,,10,para,liṅg
lip,,6,para,lip
lip,,1,para,lip
liS,1,4,atma,liś
liS,1,6,para,liś
lih,1,2,para,lih
lI,1,9,para,lī
lI,1,1,para,lī
lI,1,4,atma,lī
lInaya,,denom,para,līnaya
lIlAya,,denom,atma,līlāya
luYc,,1,para,luñc
luw,1,1,atma,luṭ
luw,1,10,para,luṭ
luw,2,1,para,luṭ
luw,2,4,para,luṭ
luw,2,1,atma,luṭ
luw,2,10,para,luṭ
luW,1,1,para,luṭh
luW,1,1,atma,luṭh
luW,1,10,para,luṭh
luW,2,6,para,luṭh
luq,,1,para,luḍ
luq,,6,para,luḍ
luRw,,1,para,luṇṭ
luRw,,10,para,luṇṭ
lunT,,1,para,lunth
lup,1,6,para,lup
lup,1,4,para,lup
luB,,6,para,lubh
luB,,4,para,lubh
lumb,,1,para,lumb
lumb,,10,para,lumb
lul,,1,para,lul
luz,,1,para,luṣ
luh,,1,para,luh
lU,1,9,para,lū
lUz,,1,para,lūṣ
lUz,,10,para,lūṣ
leKAya,,denom,para,lekhāya
lep,,1,atma,lep
lelAya,,denom,atma,lelāya
lER,,1,para,laiṇ
lok,,1,atma,lok
loc,,1,atma,loc
loc,,10,para,loc
low,1,1,para,loṭ
loq,1,1,para,loḍ
lorAya,,denom,para,lorāya
lozw,,1,atma,loṣṭ
lozwAya,,denom,atma,loṣṭāya
lohitAya,,denom,atma,lohitāya
lOq,,1,para,lauḍ
lpI,,9,para,lpī
lyI,,9,para,lyī
lvI,,9,para,lvī
vak,2,1,atma,vak
vakk,,1,atma,vakk
vakz,,1,para,vakṣ
vaK,,1,para,vakh
vaNk,2,1,atma,vaṅk
vaNK,,1,para,vaṅkh
vaNg,,1,para,vaṅg
vaNG,,1,atma,vaṅgh
vac,,2,para,vac
vac,,3,para,vac
vaj,,1,para,vaj
vaj,,10,para,vaj
vajrAya,,denom,atma,vajrāya
vaYc,,1,para,vañc
vaw,,1,para,vaṭ
vaw,,10,para,vaṭ
vaww,,1,para,vaṭṭ
vaW,,1,para,vaṭh
vaqQ,,1,para,vaḍḍh
vaR,,1,para,vaṇ
vaRw,,1,para,vaṇṭ
vaRw,,10,para,vaṇṭ
vaRW,,1,atma,vaṇṭh
vaRq,,1,atma,vaṇḍ
vaRq,,10,para,vaṇḍ
vatsalaya,,denom,para,vatsalaya
vatsAya,,denom,para,vatsāya
vad,,1,para,vad
van,1,1,para,van
van,1,8,para,van
vanitAya,,denom,atma,vanitāya
vanIya,,denom,para,vanīya
vand,,1,atma,vand
vanDyAya,,denom,atma,vandhyāya
vap,1,1,para,vap
vap,2,1,para,vap
vaBr,,1,para,vabhr
vam,,1,para,vam
vay,,1,atma,vay
vay,,1,para,vay
vargaya,,denom,para,vargaya
varc,,1,atma,varc
varcAya,,denom,atma,varcāya
varR,,10,para,varṇ
varD,,10,para,vardh
varP,,1,para,varph
varmaya,,denom,para,varmaya
varmAya,,denom,atma,varmāya
varh,,1,atma,varh
varh,,10,para,varh
val,,1,atma,val
valk,,10,para,valk
valg,,1,para,valg
valB,,1,atma,valbh
vall,,1,para,vall
valh,,1,atma,valh
valh,,10,para,valh
vavraya,,denom,atma,vavraya
vaS,,2,para,vaś
vaz,,1,para,vaṣ
vazk,,1,atma,vaṣk
vas,2,6,para,vas
vas,3,10,para,vas
vas,4,2,atma,vas
vas,5,1,para,vas
vas,5,10,para,vas
vas,8,4,para,vas
vask,,1,atma,vask
vast,,10,atma,vast
vastraya,,denom,para,vastraya
vastrAya,,denom,atma,vastrāya
vasnaya,,denom,para,vasnaya
vah,1,1,para,vah
vahnIya,,denom,atma,vahnīya
vA,2,2,para,vā
vANkz,,1,para,vāṅkṣ
vAcAlaya,,denom,para,vācālaya
vAcyAya,,denom,atma,vācyāya
vAjaya,,denom,para,vājaya
vAYC,,1,para,vāñch
vAt,2,10,para,vāt
vAtaya,,denom,para,vātaya
vAtyAya,,denom,atma,vātyāya
vApyAya,,denom,para,vāpyāya
vArIya,,denom,atma,vārīya
vArttaya,,denom,para,vārttaya
vAvft,,4,atma,vāvṛt
vAS,,4,atma,vāś
vAs,2,10,para,vās
vAh,1,1,atma,vāh
vic,,7,para,vic
viC,,10,para,vich
vij,1,6,atma,vij
vij,1,1,para,vij
vij,1,3,para,vij
viw,,1,para,viṭ
viw,,1,para,viṭ
viq,1,1,para,viḍ
viRw,,10,para,viṇṭ
vitaTaya,,denom,para,vitathaya
vitt,,10,para,vitt
viT,,1,atma,vith
vid,1,2,para,vid
vid,3,6,para,vid
vid,5,7,atma,vid
vidyutaya,,denom,atma,vidyutaya
viD,1,6,para,vidh
viD,2,6,atma,vidh
viD,5,1,atma,vidh
viDuraya,,denom,para,vidhuraya
vinDyAya,,denom,atma,vindhyāya
vip,1,1,atma,vip
vipakzaya,,denom,para,vipakṣaya
vipinAya,,denom,atma,vipināya
vipulaya,,denom,para,vipulaya
viPalaya,,denom,para,viphalaya
vimuKaya,,denom,para,vimukhaya
viralAya,,denom,para,viralāya
vil,,6,para,vil
vil,,10,para,vil
vil,,6,para,vil
vil,,10,para,vil
viS,,1,para,viś
viS,1,6,para,viś
viSAlaya,,denom,para,viśālaya
viz,1,3,para,viṣ
viz,1,1,para,viṣ
viz,4,9,para,viṣ
vizamAya,,denom,atma,viṣamāya
vizAya,,denom,para,viṣāya
vizk,,10,para,viṣk
vis,,4,para,vis
vI,1,2,para,vī
vIj,,1,para,vīj
vIr,2,10,atma,vīr
vIrAya,,denom,atma,vīrāya
vuRw,,10,para,vuṇṭ
vf,1,5,para,vṛ
vf,1,9,para,vṛ
vf,1,1,para,vṛ
vf,1,5,atma,vṛ
vf,1,9,atma,vṛ
vf,1,1,atma,vṛ
vf,2,5,para,vṛ
vf,2,9,para,vṛ
vfk,,1,atma,vṛk
vfkAya,,denom,atma,vṛkāya
vfkz,,1,atma,vṛkṣ
vfj,1,1,para,vṛj
vfj,1,7,para,vṛj
vfj,1,2,atma,vṛj
vfjinAya,,denom,para,vṛjināya
vfR,,8,para,vṛṇ
vfR,,6,para,vṛṇ
vft,1,1,atma,vṛt
vfD,,1,atma,vṛdh
vfndArakAya,,denom,para,vṛndārakāya
vfS,,4,para,vṛś
vfz,,1,para,vṛṣ
vfzAya,,denom,atma,vṛṣāya
vfzIya,,denom,para,vṛṣīya
vfh,1,6,para,vṛh
ve,1,1,para,ve
vekz,,10,para,vekṣ
vewy,,1,para,veṭy
veT,,1,atma,veth
vedApaya,,denom,para,vedāpaya
veD,,1,atma,vedh
ven,,1,para,ven
vel,1,1,para,vel
vel,2,10,para,vel
vell,,1,para,vell
vevI,,2,atma,vevī
vezw,,1,atma,veṣṭ
ves,,1,para,ves
veh,,1,atma,veh
veh,,1,para,veh
vehAya,,denom,atma,vehāya
vehl,,1,para,vehl
vE,1,1,para,vai
vEtaMsikAya,,denom,atma,vaitaṃsikāya
vEdyAya,,denom,atma,vaidyāya
vErAya,,denom,atma,vairāya
vyagraya,,denom,para,vyagraya
vyac,,6,para,vyac
vyaT,,1,atma,vyath
vyaD,,4,para,vyadh
vyap,,10,para,vyap
vyay,,1,para,vyay
vyay,,10,para,vyay
vyay,2,10,para,vyay
vyarTaya,,denom,para,vyarthaya
vyAkulaya,,denom,para,vyākulaya
vyAjaya,,denom,para,vyājaya
vyADAya,,denom,atma,vyādhāya
vyAlIya,,denom,para,vyālīya
vyuz,1,4,para,vyuṣ
vyuz,1,10,para,vyuṣ
vye,,1,para,vye
vraj,,1,para,vraj
vraj,,10,para,vraj
vraR,1,1,para,vraṇ
vraR,2,1,para,vraṇ
vraR,2,10,para,vraṇ
vrataya,,denom,para,vrataya
vraSc,,6,para,vraśc
vrI,,9,para,vrī
vrI,,4,atma,vrī
vrIq,,1,atma,vrīḍ
vrIq,,4,para,vrīḍ
vrIq,,10,para,vrīḍ
vruq,,6,para,vruḍ
vrUs,,1,para,vrūs
vrUs,,10,para,vrūs
vlI,,9,para,vlī
SaMs,,1,para,śaṃs
Sak,,5,para,śak
SakawAya,,denom,para,śakaṭāya
Sakalaya,,denom,para,śakalaya
SakaSakAya,,denom,para,śakaśakāya
SaNk,,1,atma,śaṅk
Sac,,1,atma,śac
SaYc,,1,atma,śañc
Saw,,1,para,śaṭ
Saw,,10,atma,śaṭ
SaW,1,10,atma,śaṭh
SaW,2,10,para,śaṭh
SaW,3,10,para,śaṭh
SaW,4,1,para,śaṭh
SaW,4,10,para,śaṭh
SaR,,1,para,śaṇ
SaR,,10,para,śaṇ
SaRq,,1,atma,śaṇḍ
Sad,2,1,atma,śad
Sad,2,6,atma,śad
Sap,3,1,para,śap
Sap,3,4,para,śap
SapaTIya,,denom,para,śapathīya
Sabd,,10,para,śabd
SabdAya,,denom,atma,śabdāya
Sam,1,4,para,śam
SamAya,,denom,para,śamāya
Samb,,1,para,śamb
Samb,,10,para,śamb
Saravyaya,,denom,para,śaravyaya
SaravyAya,,denom,atma,śaravyāya
SarAya,,denom,atma,śarāya
Sarb,,1,para,śarb
Sarmaya,,denom,para,śarmaya
Sarv,,1,para,śarv
Sal,1,1,atma,śal
Sal,1,1,para,śal
Sal,1,10,atma,śal
SalaBAya,,denom,para,śalabhāya
SalB,,1,atma,śalbh
Salyaya,,denom,para,śalyaya
SalyAya,,denom,atma,śalyāya
Sav,,1,para,śav
SaS,,1,para,śaś
SaSvAya,,denom,para,śaśvāya
Saz,,1,para,śaṣ
Sas,1,1,para,śas
SAK,,1,para,śākh
SAq,,1,atma,śāḍ
SAntaya,,denom,para,śāntaya
SAl,,1,atma,śāl
SAl,,10,atma,śāl
SAs,1,2,para,śās
Si,1,3,para,śi
Si,1,5,para,śi
Sikz,,1,para,śikṣ
SiNK,,1,para,śiṅkh
SiNG,,1,para,śiṅgh
SiYj,,2,atma,śiñj
SiYj,,1,atma,śiñj
SiYj,,10,atma,śiñj
Siw,,1,para,śiṭ
SiTilaya,,denom,atma,śithilaya
SiTilAya,,denom,atma,śithilāya
Sim,,4,para,śim
SirisirAya,,denom,atma,śirisirāya
Sil,,6,para,śil
SivIya,,denom,para,śivīya
SiSiraya,,denom,para,śiśiraya
SiSirAya,,denom,atma,śiśirāya
Siz,1,1,para,śiṣ
Siz,2,7,para,śiṣ
SI,1,2,atma,śī
SI,3,4,atma,śī
SIk,,1,atma,śīk
SIkAya,,denom,atma,śīkāya
SIGrAya,,denom,atma,śīghrāya
SItaya,,denom,para,śītaya
SItalaya,,denom,para,śītalaya
SItalAya,,denom,atma,śītalāya
SIB,,1,atma,śībh
SIl,1,1,para,śīl
SIl,1,10,para,śīl
Su,1,1,para,śu
Suk,,1,para,śuk
Suc,1,1,para,śuc
Suc,1,4,para,śuc
Suc,3,4,para,śuc
SucIya,,denom,atma,śucīya
Sucy,2,1,para,śucy
SuW,,1,para,śuṭh
SuW,,10,para,śuṭh
SuRW,,1,para,śuṇṭh
SuRW,,10,para,śuṇṭh
SuRq,,1,para,śuṇḍ
SuD,,1,para,śudh
SuD,,4,para,śudh
Sun,,6,para,śun
SunD,,1,para,śundh
SunD,,4,para,śundh
SuB,1,1,atma,śubh
SuB,1,6,para,śubh
SuBAya,,denom,para,śubhāya
SumB,2,1,para,śumbh
Sulk,,10,para,śulk
Sulb,,10,para,śulb
Sulv,,10,para,śulv
Suz,1,4,para,śuṣ
Suz,3,6,para,śuṣ
SUr,,4,atma,śūr
SUr,,10,atma,śūr
SUrp,,10,para,śūrp
SUl,,1,para,śūl
SUl,,4,para,śūl
SUz,,1,para,śūṣ
SfNKalaya,,denom,para,śṛṅkhalaya
SfNgAya,,denom,atma,śṛṅgāya
SfNgArIya,,denom,para,śṛṅgārīya
SfD,,1,para,śṛdh
SF,,9,para,śṝ
SeKaraya,,denom,para,śekharaya
SeKarAya,,denom,atma,śekharāya
Sel,,1,para,śel
SelAya,,denom,para,śelāya
Sev,,1,atma,śev
SEvAlIya,,denom,para,śaivālīya
So,,3,para,śo
So,,4,para,śo
SoR,,1,para,śoṇ
SoRAya,,denom,atma,śoṇāya
SoBAya,,denom,atma,śobhāya
SOw,,1,para,śauṭ
Scut,1,1,para,ścut
SnaT,,1,para,śnath
SmIl,,1,para,śmīl
SyAmAya,,denom,atma,śyāmāya
SyAvaya,,denom,para,śyāvaya
SyE,,1,para,śyai
SraNk,,1,atma,śraṅk
SraNk,,1,atma,śraṅk
SraNg,,1,para,śraṅg
SraNg,,1,para,śraṅg
SraR,,1,para,śraṇ
SraR,,10,para,śraṇ
SraT,,9,para,śrath
SranT,,9,para,śranth
Sram,1,4,para,śram
SramaRAya,,denom,atma,śramaṇāya
SramB,,1,atma,śrambh
SrA,,1,para,śrā
SrA,,4,para,śrā
SrA,,2,para,śrā
SrApaya,,denom,para,śrāpaya
Sri,1,1,para,śri
Sriz,1,1,para,śriṣ
SrI,1,9,para,śrī
Sru,1,5,para,śru
SrE,,1,para,śrai
SrE,,4,para,śrai
SrE,,2,para,śrai
SroR,,1,para,śroṇ
SroR,,1,para,śroṇ
SlakzRaya,,denom,para,ślakṣṇaya
SlaNk,,1,atma,ślaṅk
SlaNg,,1,para,ślaṅg
SlaT,,1,para,ślath
SlaTAya,,denom,atma,ślathāya
SlAK,,1,para,ślākh
SlAG,,1,atma,ślāgh
Sliz,1,1,para,śliṣ
Sliz,2,4,para,śliṣ
Slok,,1,atma,ślok
Slokaya,,denom,para,ślokaya
SloR,,1,para,śloṇ
SvaNk,,1,atma,śvaṅk
SvaNg,,1,para,śvaṅg
Svac,,1,atma,śvac
Svaj,,1,atma,śvaj
SvaYc,,1,atma,śvañc
SvaYj,,1,atma,śvañj
SvaW,1,10,para,śvaṭh
SvaW,2,10,para,śvaṭh
SvaRW,2,10,para,śvaṇṭh
SvaBr,,10,para,śvabhr
SvaBrIya,,denom,para,śvabhrīya
Sval,,1,para,śval
Svalk,,10,para,śvalk
Svall,,1,para,śvall
Svas,1,2,para,śvas
SvAtr,,1,para,śvātr
Svi,,1,para,śvi
Svit,1,1,atma,śvit
Svind,,1,atma,śvind
Svetaya,,denom,para,śvetaya
SvetAya,,denom,atma,śvetāya
zaww,,10,para,ṣaṭṭ
zaRQaya,,denom,para,ṣaṇḍhaya
zaRQIya,,denom,para,ṣaṇḍhīya
zazk,,1,para,ṣaṣk
zukk,,1,atma,ṣukk
zoqIya,,denom,para,ṣoḍīya
zWiv,,1,para,ṣṭhiv
zWiv,,4,para,ṣṭhiv
zWIv,,1,para,ṣṭhīv
zWIv,,4,para,ṣṭhīv
zvakk,,1,atma,ṣvakk
zvazk,,1,para,ṣvaṣk
zvazk,,1,atma,ṣvaṣk
saMkawAya,,denom,atma,saṃkaṭāya
saMketaya,,denom,para,saṃketaya
saMguRaya,,denom,para,saṃguṇaya
saMDyAya,,denom,atma,saṃdhyāya
sakalaya,,denom,para,sakalaya
sakz,,1,para,sakṣ
saKIya,,denom,para,sakhīya
sag,,1,para,sag
saG,,5,para,sagh
sac,1,1,atma,sac
saj,2,1,para,saj
sajj,1,1,para,sajj
sajj,1,1,para,sajj
sajjaya,,denom,atma,sajjaya
sajjIya,,denom,atma,sajjīya
saYj,1,1,para,sañj
saYj,2,1,para,sañj
saw,,1,para,saṭ
saww,,10,para,saṭṭ
saW,1,10,para,saṭh
sattraya,,denom,atma,sattraya
sattrApaya,,denom,atma,sattrāpaya
sattrAya,,denom,atma,sattrāya
satyApaya,,denom,para,satyāpaya
satr,,10,atma,satr
sad,2,1,para,sad
sad,2,6,para,sad
san,1,1,para,san
san,1,8,para,san
sanAya,,denom,para,sanāya
sap,1,1,para,sap
sapiRqaya,,denom,para,sapiṇḍaya
saPalaya,,denom,para,saphalaya
saBAj,,10,para,sabhāj
sam,1,1,para,sam
sam,1,10,para,sam
samagraya,,denom,para,samagraya
samaya,1,denom,para,samaya
samAnaya,,denom,para,samānaya
samIya,1,denom,atma,samīya
samudrAya,,denom,atma,samudrāya
say,,1,atma,say
saraya,,denom,atma,saraya
saralaya,,denom,para,saralaya
saralAya,,denom,atma,saralāya
sarasarAya,,denom,atma,sarasarāya
sarj,1,1,para,sarj
sarj,2,1,para,sarj
sarpAya,,denom,atma,sarpāya
sarb,,1,para,sarb
sarzapAya,,denom,atma,sarṣapāya
sal,,1,para,sal
sas,,2,para,sas
sah,1,1,atma,sah
sah,3,4,para,sah
sAkz,,1,para,sākṣ
sAgarAya,,denom,atma,sāgarāya
sAw,,10,para,sāṭ
sAD,1,1,para,sādh
sADaya,,denom,para,sādhaya
sAntv,,10,para,sāntv
sAmaya,1,10,para,sāmaya
sAyakAya,,denom,atma,sāyakāya
sAraya,,denom,para,sāraya
si,1,5,para,si
si,1,9,para,si
siMhAya,,denom,atma,siṃhāya
sic,1,6,para,sic
siw,,1,para,siṭ
siD,1,1,para,sidh
siD,2,1,para,sidh
siD,3,4,para,sidh
siprAya,,denom,atma,siprāya
simasimAya,,denom,atma,simasimāya
simisimAya,,denom,atma,simisimāya
sil,,6,para,sil
siv,,4,para,siv
sImantaya,,denom,para,sīmantaya
su,1,1,para,su
su,2,1,para,su
su,2,2,para,su
su,3,5,para,su
suK,,10,para,sukh
suK,,4,para,sukh
suKAya,,denom,atma,sukhāya
suww,,10,para,suṭṭ
sutIya,,denom,para,sutīya
suDaya,,denom,para,sudhaya
suB,,9,para,subh
suB,,6,para,subh
suB,,1,para,subh
sumnaya,,denom,para,sumnaya
sumnAya,,denom,para,sumnāya
sur,,6,para,sur
sur,,10,para,sur
suraBaya,,denom,para,surabhaya
suzvaya,,denom,atma,suṣvaya
suh,,4,para,suh
sU,1,6,para,sū
sU,2,2,atma,sū
sUc,,10,para,sūc
sUtr,,10,para,sūtr
sUd,1,1,atma,sūd
sUr,,4,atma,sūr
sUr,,10,atma,sūr
sUrkz,,1,para,sūrkṣ
sUrkzy,,1,para,sūrkṣy
sUz,,1,para,sūṣ
sf,,1,para,sṛ
sf,,3,para,sṛ
sf,,10,para,sṛ
sfj,1,6,para,sṛj
sfp,,1,para,sṛp
sfB,,1,para,sṛbh
sfmB,,1,para,sṛmbh
sF,,9,para,sṝ
sek,,1,atma,sek
senaya,,denom,para,senaya
sev,,1,atma,sev
sE,,1,para,sai
so,1,4,para,so
sowAya,,denom,atma,soṭāya
soQAya,,denom,atma,soḍhāya
sODAya,,denom,atma,saudhāya
skand,,1,para,skand
skanD,,10,para,skandh
skaB,,5,para,skabh
skaB,,9,para,skabh
skaB,,1,atma,skabh
skamB,,5,para,skambh
skamB,,9,para,skambh
skamB,,1,atma,skambh
sku,,5,para,sku
sku,,9,para,sku
skund,,1,atma,skund
skumB,,5,para,skumbh
skumB,,9,para,skumbh
sKad,,1,atma,skhad
sKal,,1,para,skhal
stak,,1,para,stak
stan,,1,para,stan
stabakaya,,denom,para,stabakaya
staB,,5,para,stabh
staB,,9,para,stabh
staB,,1,atma,stabh
stam,1,1,para,stam
stam,1,10,para,stam
stambakAya,,denom,atma,stambakāya
stamB,,5,para,stambh
stamB,,9,para,stambh
stamB,,1,atma,stambh
stiG,,5,para,stigh
stip,,1,atma,stip
stim,,4,para,stim
stimitaya,,denom,para,stimitaya
stIm,,4,para,stīm
stu,1,2,para,stu
stuc,,1,atma,stuc
stuB,1,1,para,stubh
stuB,1,1,atma,stubh
stumB,,5,para,stumbh
stumB,,9,para,stumbh
stUp,,4,para,stūp
stUp,,10,para,stūp
stf,1,5,para,stṛ
stf,1,9,para,stṛ
stfkz,,1,para,stṛkṣ
stfh,,6,para,stṛh
stF,1,5,para,stṝ
stF,1,9,para,stṝ
stFh,,6,para,stṝh
sten,,10,para,sten
step,,1,atma,step
step,,10,para,step
stE,,1,para,stai
stotraya,,denom,para,stotraya
stomaya,,denom,para,stomaya
styE,,1,para,styai
styE,,1,atma,styai
strIya,,denom,para,strīya
sTag,,1,para,sthag
sTapuwaya,,denom,para,sthapuṭaya
sTal,,1,para,sthal
sTalaya,,denom,para,sthalaya
sTalAya,,denom,atma,sthalāya
sTalIya,1,denom,para,sthalīya
sTavirAya,,denom,atma,sthavirāya
sTA,1,1,para,sthā
sTir,,1,para,sthir
sTiraya,,denom,para,sthiraya
sTirAya,,denom,para,sthirāya
sTuq,,6,para,sthuḍ
sTUl,,10,atma,sthūl
snA,1,2,para,snā
snA,1,4,para,snā
sniw,,10,para,sniṭ
snih,1,4,para,snih
snih,1,1,para,snih
snih,1,10,para,snih
snu,1,2,para,snu
snuc,,1,atma,snuc
snus,,4,para,snus
snuh,1,4,para,snuh
snE,,1,para,snai
spand,,1,atma,spand
sparD,,1,atma,spardh
sparz,,1,atma,sparṣ
spaS,3,1,para,spaś
spaS,4,10,para,spaś
spazwaya,,denom,para,spaṣṭaya
spf,1,5,para,spṛ
spfD,,1,atma,spṛdh
spfS,1,6,para,spṛś
spfh,1,10,para,spṛh
spF,,9,para,spṝ
sPaw,,1,para,sphaṭ
sPaw,,10,para,sphaṭ
sPaRq,,10,para,sphaṇḍ
sPar,,6,para,sphar
sPal,,1,para,sphal
sPAy,,1,atma,sphāy
sPiw,,10,para,sphiṭ
sPiww,,10,para,sphiṭṭ
sPuw,,6,para,sphuṭ
sPuw,,1,para,sphuṭ
sPuww,,10,para,sphuṭṭ
sPuq,,6,para,sphuḍ
sPuRw,,1,para,sphuṇṭ
sPuRw,,10,para,sphuṇṭ
sPuRq,,1,atma,sphuṇḍ
sPuRq,,10,para,sphuṇḍ
sPur,1,6,para,sphur
sPul,,6,para,sphul
sPuliNgAya,,denom,atma,sphuliṅgāya
sPUrC,,1,para,sphūrch
sPUrj,,1,para,sphūrj
smi,,1,atma,smi
smiw,,10,para,smiṭ
smf,2,1,para,smṛ
syad,,1,atma,syad
syand,,1,atma,syand
syam,,1,para,syam
syam,,10,para,syam
syam,,10,atma,syam
sraMs,1,1,atma,sraṃs
sraMh,,1,atma,sraṃh
srajaya,,denom,para,srajaya
sras,1,1,atma,sras
sriD,1,1,para,sridh
sriB,,1,para,sribh
srimB,,1,para,srimbh
sriv,,4,para,sriv
srIv,,4,para,srīv
sru,,1,para,sru
srucaya,,denom,para,srucaya
srek,,1,atma,srek
srOGnIya,,denom,atma,sraughnīya
svaNg,,1,para,svaṅg
svaj,,1,atma,svaj
svaYj,,1,atma,svañj
svad,,1,atma,svad
svaDaya,,denom,para,svadhaya
svan,1,1,para,svan
svap,1,2,para,svap
svapnAya,,denom,atma,svapnāya
svar,1,10,para,svar
svar,2,1,para,svar
svargaya,,denom,atma,svargaya
svard,,1,atma,svard
svAd,,1,atma,svād
svApakIya,,denom,para,svāpakīya
svApaya,,denom,para,svāpaya
svAya,,denom,atma,svāya
svid,2,1,atma,svid
svf,,1,para,svṛ
haMsAya,,denom,atma,haṃsāya
hakkaya,,denom,para,hakkaya
haw,,1,para,haṭ
haW,,1,para,haṭh
had,,1,para,had
han,1,2,para,han
hananIya,2,denom,para,hananīya
hamBAya,,denom,atma,hambhāya
hamm,,1,para,hamm
hay,,1,para,hay
hariRAya,,denom,atma,hariṇāya
haritAya,,denom,atma,haritāya
hary,,1,para,hary
harzAya,,denom,atma,harṣāya
hal,1,1,para,hal
halaya,,denom,para,halaya
has,1,1,para,has
hA,2,3,atma,hā
hA,3,3,para,hā
hArAya,,denom,atma,hārāya
hi,1,5,para,hi
hiMs,1,1,para,hiṃs
hiMs,1,7,para,hiṃs
hiMs,1,10,para,hiṃs
hikk,,1,para,hikk
hiRq,,1,atma,hiṇḍ
hitAya,,denom,atma,hitāya
hindolaya,,denom,para,hindolaya
himAya,,denom,atma,himāya
hil,,6,para,hil
hillolaya,,denom,para,hillolaya
hu,1,3,para,hu
huq,,6,para,huḍ
huq,,1,para,huḍ
huRq,,1,atma,huṇḍ
hurC,,1,para,hurch
hul,,1,para,hul
hUq,,1,para,hūḍ
hUrC,,1,para,hūrch
hf,1,1,para,hṛ
hf,2,9,atma,hṛ
hfRIya,,denom,atma,hṛṇīya
hfz,,1,para,hṛṣ
hfz,,4,para,hṛṣ
hF,2,9,atma,hṝ
hew,,1,para,heṭ
hew,,9,para,heṭ
heW,,1,para,heṭh
heW,,9,para,heṭh
heW,,9,para,heṭh
heq,,1,atma,heḍ
heq,,1,para,heḍ
heQ,,9,para,heḍh
hemAya,,denom,atma,hemāya
heL,,1,atma,heL
heL,,1,para,heL
hez,1,1,atma,heṣ
hezAya,,denom,atma,heṣāya
hoq,,1,atma,hoḍ
hnu,,2,atma,hnu
hmal,,1,para,hmal
hrag,,1,para,hrag
hras,,1,para,hras
hrAd,,1,atma,hrād
hriRIya,,denom,atma,hriṇīya
hrI,1,3,para,hrī
hrIC,,1,para,hrīch
hru,,9,para,hru
hruq,,1,para,hruḍ
hrUq,,1,para,hrūḍ
hrep,,1,atma,hrep
hrez,,1,atma,hreṣ
hrOq,,1,para,hrauḍ
hlag,,1,atma,hlag
hlap,,10,para,hlap
hlas,,1,para,hlas
hlAd,,1,atma,hlād
hval,,1,para,hval
hvAyakIya,,denom,para,hvāyakīya
hvf,,1,para,hvṛ
hvF,,1,para,hvṝ
hve,,1,para,hve
