name,prefix_type,name_IAST
aMSI,cvi,aṃśī
akzilakzI,cvi,akṣilakṣī
aKilI,cvi,akhilī
agocarI,cvi,agocarī
agraRI,cvi,agraṇī
agrataH,other,agrataḥ
aNgArasAt,other,aṅgārasāt
aNgI,cvi,aṅgī
aRU,cvi,aṇū
atiTI,cvi,atithī
adarSanI,cvi,adarśanī
anuhuM,other,anuhuṃ
antarI,cvi,antarī
anDI,cvi,andhī
anyat,other,anyat
anyaTA,DAc,anyathā
apasavyaM,other,apasavyaṃ
apAtrI,cvi,apātrī
apunar,other,apunar
aBinavI,cvi,abhinavī
aBipra,other,abhipra
aBimuKI,cvi,abhimukhī
aBisaMs,other,abhisaṃs
aByantarI,cvi,abhyantarī
aByASI,cvi,abhyāśī
amarI,cvi,amarī
amalI,cvi,amalī
amA,DAc,amā
amiTyA,DAc,amithyā
amftI,cvi,amṛtī
ayatnabAlavyajanI,cvi,ayatnabālavyajanī
araM,other,araṃ
arU,cvi,arū
alaM,other,alaṃ
alasI,cvi,alasī
alpI,cvi,alpī
avataMsI,cvi,avataṃsī
avitaTI,cvi,avitathī
aSakunI,cvi,aśakunī
aSokI,cvi,aśokī
asO,other,asau
asTirI,cvi,asthirī
ahaM,other,ahaṃ
AkulI,cvi,ākulī
AcAryI,cvi,ācāryī
AtmI,cvi,ātmī
ADI,cvi,ādhī
ApARqurI,cvi,āpāṇḍurī
AmuKI,cvi,āmukhī
AraktI,cvi,āraktī
ArdrI,cvi,ārdrī
AlohitI,cvi,ālohitī
AvarjanI,cvi,āvarjanī
Avir,other,āvir
Aviz,other,āviṣ
AsanI,cvi,āsanī
AharaRI,cvi,āharaṇī
AhutI,cvi,āhutī
inDani,other,indhani
iz,other,iṣ
ISvarI,cvi,īśvarī
uccakzU,cvi,uccakṣū
ucCezaRI,cvi,uccheṣaṇī
ut,other,ut
uttaralI,cvi,uttaralī
uttAnI,cvi,uttānī
uttAnIkf,other,uttānīkṛ
unmanI,cvi,unmanī
upakaraRI,cvi,upakaraṇī
upacitI,cvi,upacitī
upanizat,other,upaniṣat
upapra,other,upapra
upas,other,upas
upasaMs,other,upasaṃs
upahArI,cvi,upahārī
upADyAyI,cvi,upādhyāyī
upAyanI,cvi,upāyanī
urarI,cvi,urarī
urI,cvi,urī
uzRI,cvi,uṣṇī
UnI,cvi,ūnī
Uri,other,ūri
UrDvI,cvi,ūrdhvī
fjU,cvi,ṛjū
ekacittI,cvi,ekacittī
ekapakzI,cvi,ekapakṣī
ekAyanI,cvi,ekāyanī
ekI,cvi,ekī
OzaDI,cvi,auṣadhī
kakzI,cvi,kakṣī
kaWinI,cvi,kaṭhinī
kaWorI,cvi,kaṭhorī
kaRqI,cvi,kaṇḍī
kaTAvaSezI,cvi,kathāvaśeṣī
kaTI,cvi,kathī
kadambakI,cvi,kadambakī
kadarTI,cvi,kadarthī
kapilI,cvi,kapilī
kapiSI,cvi,kapiśī
karatalI,cvi,karatalī
karadI,cvi,karadī
karasTI,cvi,karasthī
karI,cvi,karī
karRapUrI,cvi,karṇapūrī
karRAvataMsI,cvi,karṇāvataṃsī
kalatrI,cvi,kalatrī
kaluzI,cvi,kaluṣī
kalkI,cvi,kalkī
kalpadrumI,cvi,kalpadrumī
kavalI,cvi,kavalī
kazAyI,cvi,kaṣāyī
kAMsI,cvi,kāṃsī
kAt,other,kāt
kAmakAraM,other,kāmakāraṃ
kAlI,cvi,kālī
kAzWI,cvi,kāṣṭhī
kiMkarI,cvi,kiṃkarī
kimpuruzI,cvi,kimpuruṣī
kukzigatI,cvi,kukṣigatī
kuwikuwI,cvi,kuṭikuṭī
kuwilI,cvi,kuṭilī
kutsI,cvi,kutsī
kuSalI,cvi,kuśalī
kUwI,cvi,kūṭī
kfcCrI,cvi,kṛcchrī
kftArTI,cvi,kṛtārthī
kfSI,cvi,kṛśī
kfzwamatI,cvi,kṛṣṭamatī
kfzwasamI,cvi,kṛṣṭasamī
kfzRI,cvi,kṛṣṇī
kevAla,other,kevāla
kevAsI,cvi,kevāsī
kozWI,cvi,koṣṭhī
krUrI,cvi,krūrī
kroqI,cvi,kroḍī
kzamI,cvi,kṣamī
kzAmI,cvi,kṣāmī
kzIrI,cvi,kṣīrī
kzetrI,cvi,kṣetrī
KaRqaSaH,other,khaṇḍaśaḥ
KaRqaSo,other,khaṇḍaśo
KaRqI,cvi,khaṇḍī
KarI,cvi,kharī
KalI,cvi,khalī
KAw,other,khāṭ
gaRqUzI,cvi,gaṇḍūṣī
girI,cvi,girī
guRI,cvi,guṇī
guptI,cvi,guptī
gurU,cvi,gurū
guluguDA,DAc,gulugudhā
gfhI,cvi,gṛhī
go,other,go
granTilI,cvi,granthilī
granTI,cvi,granthī
grAsapAtrI,cvi,grāsapātrī
grAsI,cvi,grāsī
glO,other,glau
GanI,cvi,ghanī
cakrI,cvi,cakrī
cakzU,cvi,cakṣū
caturaSrI,cvi,caturaśrī
caturDA,DAc,caturdhā
camat,other,camat
camI,cvi,camī
calI,cvi,calī
culukI,cvi,culukī
cUrRI,cvi,cūrṇī
cetanI,cvi,cetanī
cetI,cvi,cetī
CattrI,cvi,chattrī
Cambaw,other,chambaṭ
CinnamastakI,cvi,chinnamastakī
jawilI,cvi,jaṭilī
jaqI,cvi,jaḍī
jarjarI,cvi,jarjarī
jihmI,cvi,jihmī
jIvantiSUlAM,other,jīvantiśūlāṃ
jIvikA,DAc,jīvikā
jyok,other,jyok
jyotiz,other,jyotiṣ
jyotissAt,other,jyotissāt
tanU,cvi,tanū
tamomayI,cvi,tamomayī
taruRI,cvi,taruṇī
tAqaNkI,cvi,tāḍaṅkī
tAmrI,cvi,tāmrī
tAlaNkI,cvi,tālaṅkī
tAlavfntI,cvi,tālavṛntī
tiraH,other,tiraḥ
tiras,other,tiras
tiro,other,tiro
tIrTI,cvi,tīrthī
tIvrI,cvi,tīvrī
tURI,cvi,tūṇī
tfRI,cvi,tṛṇī
tftIyA,DAc,tṛtīyā
tfptI,cvi,tṛptī
triDA,DAc,tridhā
tvad,other,tvad
dakziRI,cvi,dakṣiṇī
dasmat,other,dasmat
dasyusAd,other,dasyusād
dAnavaSI,cvi,dānavaśī
dAyI,cvi,dāyī
dAsI,cvi,dāsī
dinI,cvi,dinī
divasI,cvi,divasī
dIrGI,cvi,dīrghī
duHKA,DAc,duḥkhā
durjanI,cvi,durjanī
durbalI,cvi,durbalī
duvas,other,duvas
dUrato,other,dūrato
dUrI,cvi,dūrī
dfQatarI,cvi,dṛḍhatarī
dfQI,cvi,dṛḍhī
devabrAhmaRasAt,other,devabrāhmaṇasāt
devasAt,other,devasāt
dravI,cvi,dravī
dvaMdvI,cvi,dvaṃdvī
dvArI,cvi,dvārī
dviguRI,cvi,dviguṇī
dvijI,cvi,dvijī
dvitIyA,DAc,dvitīyā
dviDA,DAc,dvidhā
dvEDI,cvi,dvaidhī
Dik,other,dhik
DIrI,cvi,dhīrī
DUmrI,cvi,dhūmrī
DyAmalI,cvi,dhyāmalī
DvaMsakalA,DAc,dhvaṃsakalā
DvajI,cvi,dhvajī
nagnI,cvi,nagnī
namrI,cvi,namrī
narI,cvi,narī
navI,cvi,navī
nazwapizwI,cvi,naṣṭapiṣṭī
nAgI,cvi,nāgī
nAwakI,cvi,nāṭakī
niHSAKI,cvi,niḥśākhī
nikfzwI,cvi,nikṛṣṭī
nidrAdaridrI,cvi,nidrādaridrī
niDAnI,cvi,nidhānī
nipAnI,cvi,nipānī
nibiqI,cvi,nibiḍī
niBftI,cvi,nibhṛtī
nimittI,cvi,nimittī
niravakASI,cvi,niravakāśī
niruttarI,cvi,niruttarī
nirdrumI,cvi,nirdrumī
nirDanI,cvi,nirdhanī
nirmAnuzI,cvi,nirmānuṣī
nirvastrI,cvi,nirvastrī
nirvivAdI,cvi,nirvivādī
nirvizI,cvi,nirviṣī
nivacane,other,nivacane
niScezwI,cvi,niśceṣṭī
nizkaruRI,cvi,niṣkaruṇī
nizkAmazI,cvi,niṣkāmaṣī
nizkulA,DAc,niṣkulā
nizkulI,cvi,niṣkulī
nizpattrA,DAc,niṣpattrā
nizpandatarI,cvi,niṣpandatarī
nizpandI,cvi,niṣpandī
nizputrI,cvi,niṣputrī
nizpratiBaM,other,niṣpratibhaṃ
nizpratyASI,cvi,niṣpratyāśī
nizPalI,cvi,niṣphalī
nistuzI,cvi,nistuṣī
nIcI,cvi,nīcī
nIrajI,cvi,nīrajī
nIhArI,cvi,nīhārī
nfpakriyAM,other,nṛpakriyāṃ
nfpatvaM,other,nṛpatvaṃ
nO,other,nau
nyAsI,cvi,nyāsī
nyUnI,cvi,nyūnī
pakzI,cvi,pakṣī
pawU,cvi,paṭū
paRI,cvi,paṇī
pattalI,cvi,pattalī
padI,cvi,padī
payoDarI,cvi,payodharī
parasavarRI,cvi,parasavarṇī
parasAt,other,parasāt
parANmuKI,cvi,parāṅmukhī
pariDAnI,cvi,paridhānī
pariDI,cvi,paridhī
paripanTI,cvi,paripanthī
paripiNgI,cvi,paripiṅgī
parivArI,cvi,parivārī
parivyAkulI,cvi,parivyākulī
pariz,other,pariṣ
paruzI,cvi,paruṣī
paropakaraRI,cvi,paropakaraṇī
paryagni,other,paryagni
paryantI,cvi,paryantī
paryAkulI,cvi,paryākulī
paryutsukI,cvi,paryutsukī
parvatI,cvi,parvatī
pallavI,cvi,pallavī
palvalI,cvi,palvalī
pavitratarI,cvi,pavitratarī
pavitrI,cvi,pavitrī
paSU,cvi,paśū
pAwalI,cvi,pāṭalī
pARqurIkaraRa,other,pāṇḍurīkaraṇa
pAtrasAt,other,pātrasāt
pAtrI,cvi,pātrī
picCilI,cvi,picchilī
piYjarI,cvi,piñjarī
piRqI,cvi,piṇḍī
piSaNgI,cvi,piśaṅgī
pizwI,cvi,piṣṭī
puRyatarI,cvi,puṇyatarī
puRyI,cvi,puṇyī
putrI,cvi,putrī
punaruktI,cvi,punaruktī
purataH,other,purataḥ
puras,other,puras
puruzI,cvi,puruṣī
puzpameGI,cvi,puṣpameghī
pUrRI,cvi,pūrṇī
pUrvapakzI,cvi,pūrvapakṣī
pUrvAparI,cvi,pūrvāparī
pfTak,other,pṛthak
pfTag,other,pṛthag
pfTutarI,cvi,pṛthutarī
pfTU,cvi,pṛthū
pfzWake,other,pṛṣṭhake
pfzWI,cvi,pṛṣṭhī
peSalI,cvi,peśalī
pezI,cvi,peṣī
powwalI,cvi,poṭṭalī
pra,other,pra
prakawI,cvi,prakaṭī
prakASI,cvi,prakāśī
praguRI,cvi,praguṇī
pracaRqatarI,cvi,pracaṇḍatarī
pracurI,cvi,pracurī
pracCannI,cvi,pracchannī
praRamrI,cvi,praṇamrī
praRayI,cvi,praṇayī
pratanU,cvi,pratanū
pratapane,other,pratapane
pratibimbI,cvi,pratibimbī
pratyakzavizayI,cvi,pratyakṣaviṣayī
pratyakzI,cvi,pratyakṣī
pratyanantarI,cvi,pratyanantarī
pratyantarI,cvi,pratyantarī
pratyArdrI,cvi,pratyārdrī
pratyuttarI,cvi,pratyuttarī
pradakziRI,cvi,pradakṣiṇī
prabalI,cvi,prabalī
pramlAnI,cvi,pramlānī
pralambI,cvi,pralambī
pravaRaviDeyI,cvi,pravaṇavidheyī
pravaRI,cvi,pravaṇī
pravIRI,cvi,pravīṇī
prasAdI,cvi,prasādī
prA,DAc,prā
prAYjalI,cvi,prāñjalī
prABftI,cvi,prābhṛtī
priyA,DAc,priyā
priyAmuKI,cvi,priyāmukhī
premarASI,cvi,premarāśī
prOQI,cvi,prauḍhī
PalI,cvi,phalī
Put,other,phut
baDirI,cvi,badhirī
banDU,cvi,bandhū
bahalI,cvi,bahalī
bahulI,cvi,bahulī
bARAsanI,cvi,bāṇāsanī
bIjaruhA,DAc,bījaruhā
bIjA,DAc,bījā
brAhmaRI,cvi,brāhmaṇī
BadrA,DAc,bhadrā
BasmA,DAc,bhasmā
BasmI,cvi,bhasmī
BAgI,cvi,bhāgī
BAvayatI,cvi,bhāvayatī
BImaBavI,cvi,bhīmabhavī
BftyI,cvi,bhṛtyī
BfSI,cvi,bhṛśī
BraMSakalA,DAc,bhraṃśakalā
maYjarI,cvi,mañjarī
matI,cvi,matī
mad,other,mad
madrA,DAc,madrā
manI,cvi,manī
manujI,cvi,manujī
mantravaSI,cvi,mantravaśī
mandI,cvi,mandī
mayUrI,cvi,mayūrī
marU,cvi,marū
martyI,cvi,martyī
maryAdI,cvi,maryādī
malinI,cvi,malinī
mazmazA,DAc,maṣmaṣā
mahI,cvi,mahī
mAYjizWI,cvi,māñjiṣṭhī
mAtrI,cvi,mātrī
mAnuzI,cvi,mānuṣī
mArdavI,cvi,mārdavī
mAsI,cvi,māsī
mitrI,cvi,mitrī
miTunI,cvi,mithunī
miSrI,cvi,miśrī
mukulI,cvi,mukulī
muKarI,cvi,mukharī
muKI,cvi,mukhī
muYjI,cvi,muñjī
muzwI,cvi,muṣṭī
musalI,cvi,musalī
mUkI,cvi,mūkī
mUrKI,cvi,mūrkhī
mUlI,cvi,mūlī
mfdU,cvi,mṛdū
meKalI,cvi,mekhalī
moGI,cvi,moghī
yAnI,cvi,yānī
yUTI,cvi,yūthī
yUpI,cvi,yūpī
rajI,cvi,rajī
rajjU,cvi,rajjū
rahI,cvi,rahī
rAjamArgI,cvi,rājamārgī
rAjasAt,other,rājasāt
rASI,cvi,rāśī
riktI,cvi,riktī
rUpI,cvi,rūpī
rE,other,rai
lakzI,cvi,lakṣī
lakzyI,cvi,lakṣyī
laGU,cvi,laghū
liptI,cvi,liptī
lohitI,cvi,lohitī
vakrI,cvi,vakrī
vajrasArI,cvi,vajrasārī
varaDarmI,cvi,varadharmī
varRI,cvi,varṇī
vartI,cvi,vartī
valayI,cvi,valayī
vaSI,cvi,vaśī
vahanI,cvi,vahanī
vahnisAt,other,vahnisāt
vAjI,cvi,vājī
vAntI,cvi,vāntī
vAmI,cvi,vāmī
vAlavyajanI,cvi,vālavyajanī
vAhanI,cvi,vāhanī
vikacI,cvi,vikacī
vikawI,cvi,vikaṭī
vikalI,cvi,vikalī
viklavI,cvi,viklavī
viguRI,cvi,viguṇī
vicUrRI,cvi,vicūrṇī
vicCAyI,cvi,vicchāyī
vijawI,cvi,vijaṭī
vijanI,cvi,vijanī
vijarjarI,cvi,vijarjarī
vitatI,cvi,vitatī
vitaTI,cvi,vitathī
vitAnI,cvi,vitānī
vituzI,cvi,vituṣī
vidUrI,cvi,vidūrī
vidyADarI,cvi,vidyādharī
viDanI,cvi,vidhanī
vipakzI,cvi,vipakṣī
vipurI,cvi,vipurī
vipulI,cvi,vipulī
vipfzWI,cvi,vipṛṣṭhī
vipra,other,vipra
viprasAt,other,viprasāt
viPalI,cvi,viphalī
viBAgI,cvi,vibhāgī
viBinnI,cvi,vibhinnī
vimadI,cvi,vimadī
vimAnI,cvi,vimānī
vimuKI,cvi,vimukhī
virajI,cvi,virajī
viraTI,cvi,virathī
viralI,cvi,viralī
virasI,cvi,virasī
virahI,cvi,virahī
vilakzI,cvi,vilakṣī
vivaSI,cvi,vivaśī
viSadI,cvi,viśadī
viSezaRI,cvi,viśeṣaṇī
viSokI,cvi,viśokī
viSrI,cvi,viśrī
vizamI,cvi,viṣamī
vizayI,cvi,viṣayī
vispazwI,cvi,vispaṣṭī
veSyAyattI,cvi,veśyāyattī
vErI,cvi,vairī
vyaktI,cvi,vyaktī
vyaNgI,cvi,vyaṅgī
vyaNgulI,cvi,vyaṅgulī
vyajanI,cvi,vyajanī
vyantI,cvi,vyantī
vyayI,cvi,vyayī
vyarTI,cvi,vyarthī
vyasanI,cvi,vyasanī
vyAkulI,cvi,vyākulī
vyAkoSI,cvi,vyākośī
vyAjI,cvi,vyājī
vyAnamrI,cvi,vyānamrī
vyUhI,cvi,vyūhī
SakalA,DAc,śakalā
SakalI,cvi,śakalī
SataguRI,cvi,śataguṇī
SataBaNgI,cvi,śatabhaṅgī
SabarI,cvi,śabarī
SambA,DAc,śambā
SayanI,cvi,śayanī
SaraRI,cvi,śaraṇī
SarI,cvi,śarī
SarIrI,cvi,śarīrī
SaSI,cvi,śaśī
SAkarasI,cvi,śākarasī
SAlInI,cvi,śālīnī
SiTilI,cvi,śithilī
SilI,cvi,śilī
SiSirI,cvi,śiśirī
SizyI,cvi,śiṣyī
SIt,other,śīt
SItalI,cvi,śītalī
SItI,cvi,śītī
SIrRI,cvi,śīrṇī
SukI,cvi,śukī
SukrI,cvi,śukrī
SuklI,cvi,śuklī
SucI,cvi,śucī
SuBI,cvi,śubhī
SuBrI,cvi,śubhrī
SUdrI,cvi,śūdrī
SUnyI,cvi,śūnyī
SUrI,cvi,śūrī
SUlA,DAc,śūlā
SeKarI,cvi,śekharī
SezI,cvi,śeṣī
SoRI,cvi,śoṇī
SyAmalI,cvi,śyāmalī
SyAmI,cvi,śyāmī
SyetI,cvi,śyetī
Srat,other,śrat
SrotriyasAt,other,śrotriyasāt
SlakzRI,cvi,ślakṣṇī
SlaTI,cvi,ślathī
zaqguRI,cvi,ṣaḍguṇī
saMkarI,cvi,saṃkarī
saMketI,cvi,saṃketī
saMkramI,cvi,saṃkramī
saMGI,cvi,saṃghī
saMjYopasarjanI,cvi,saṃjñopasarjanī
saMviBAgI,cvi,saṃvibhāgī
saMs,other,saṃs
sakalI,cvi,sakalī
sajjI,cvi,sajjī
sajyI,cvi,sajyī
sat,other,sat
sattrI,cvi,sattrī
satyA,DAc,satyā
sanATI,cvi,sanāthī
sapattrA,DAc,sapattrā
sapiRqI,cvi,sapiṇḍī
saPalI,cvi,saphalī
samacCedI,cvi,samacchedī
samayA,DAc,samayā
samayI,cvi,samayī
samalaM,other,samalaṃ
samalI,cvi,samalī
samasTalI,cvi,samasthalī
samI,cvi,samī
samIpI,cvi,samīpī
samfdDI,cvi,samṛddhī
sampuwI,cvi,sampuṭī
sammuKI,cvi,sammukhī
saralI,cvi,saralī
sarasI,cvi,sarasī
sarpI,cvi,sarpī
saviDI,cvi,savidhī
sahAyI,cvi,sahāyī
sahArTI,cvi,sahārthī
sAkzAt,other,sākṣāt
sAkzAd,other,sākṣād
sAkzimAtrA,DAc,sākṣimātrā
sAkzI,cvi,sākṣī
sAcI,cvi,sācī
sAtmI,cvi,sātmī
sADanI,cvi,sādhanī
sADAraRI,cvi,sādhāraṇī
sAndrI,cvi,sāndrī
sArasvatOzaDI,cvi,sārasvatauṣadhī
sArTI,cvi,sārthī
sAvaDAnI,cvi,sāvadhānī
sAvayavI,cvi,sāvayavī
siMhavyAGrAmizI,cvi,siṃhavyāghrāmiṣī
siMhI,cvi,siṃhī
sitI,cvi,sitī
suKA,DAc,sukhā
suguptI,cvi,suguptī
suDI,cvi,sudhī
suPalI,cvi,suphalī
sumanI,cvi,sumanī
suraBI,cvi,surabhī
suvarRI,cvi,suvarṇī
susajjI,cvi,susajjī
susamI,cvi,susamī
sUkzmI,cvi,sūkṣmī
sUtrI,cvi,sūtrī
sfk,other,sṛk
somI,cvi,somī
skanDI,cvi,skandhī
stabDI,cvi,stabdhī
stamBI,cvi,stambhī
starI,cvi,starī
sTapuwI,cvi,sthapuṭī
sTalapaTI,cvi,sthalapathī
sTalI,cvi,sthalī
sTAyI,cvi,sthāyī
sTirI,cvi,sthirī
spazwI,cvi,spaṣṭī
sPArI,cvi,sphārī
sPItI,cvi,sphītī
sPuwI,cvi,sphuṭī
smarezuDI,cvi,smareṣudhī
svagA,DAc,svagā
svapatI,cvi,svapatī
svarasI,cvi,svarasī
svalpI,cvi,svalpī
svasTI,cvi,svasthī
svAgatI,cvi,svāgatī
svAdU,cvi,svādū
svAyattI,cvi,svāyattī
svI,cvi,svī
hastI,cvi,hastī
haste,other,haste
himI,cvi,himī
huM,other,huṃ
hetU,cvi,hetū
